-- MySQL dump 10.13  Distrib 8.0.31, for Win64 (x86_64)
--
-- Host: localhost    Database: dbserver
-- ------------------------------------------------------
-- Server version	8.0.31

/*!40101 SET @OLD_CHARACTER_SET_CLIENT=@@CHARACTER_SET_CLIENT */;
/*!40101 SET @OLD_CHARACTER_SET_RESULTS=@@CHARACTER_SET_RESULTS */;
/*!40101 SET @OLD_COLLATION_CONNECTION=@@COLLATION_CONNECTION */;
/*!50503 SET NAMES utf8 */;
/*!40103 SET @OLD_TIME_ZONE=@@TIME_ZONE */;
/*!40103 SET TIME_ZONE='+00:00' */;
/*!40014 SET @OLD_UNIQUE_CHECKS=@@UNIQUE_CHECKS, UNIQUE_CHECKS=0 */;
/*!40014 SET @OLD_FOREIGN_KEY_CHECKS=@@FOREIGN_KEY_CHECKS, FOREIGN_KEY_CHECKS=0 */;
/*!40101 SET @OLD_SQL_MODE=@@SQL_MODE, SQL_MODE='NO_AUTO_VALUE_ON_ZERO' */;
/*!40111 SET @OLD_SQL_NOTES=@@SQL_NOTES, SQL_NOTES=0 */;

--
-- Table structure for table `auth_group`
--

DROP TABLE IF EXISTS `auth_group`;
/*!40101 SET @saved_cs_client     = @@character_set_client */;
/*!50503 SET character_set_client = utf8mb4 */;
CREATE TABLE `auth_group` (
  `id` int NOT NULL AUTO_INCREMENT,
  `name` varchar(150) CHARACTER SET utf8mb4 COLLATE utf8mb4_unicode_ci NOT NULL,
  PRIMARY KEY (`id`),
  UNIQUE KEY `name` (`name`)
) ENGINE=InnoDB DEFAULT CHARSET=utf8mb4 COLLATE=utf8mb4_unicode_ci;
/*!40101 SET character_set_client = @saved_cs_client */;

--
-- Dumping data for table `auth_group`
--

LOCK TABLES `auth_group` WRITE;
/*!40000 ALTER TABLE `auth_group` DISABLE KEYS */;
/*!40000 ALTER TABLE `auth_group` ENABLE KEYS */;
UNLOCK TABLES;

--
-- Table structure for table `auth_group_permissions`
--

DROP TABLE IF EXISTS `auth_group_permissions`;
/*!40101 SET @saved_cs_client     = @@character_set_client */;
/*!50503 SET character_set_client = utf8mb4 */;
CREATE TABLE `auth_group_permissions` (
  `id` bigint NOT NULL AUTO_INCREMENT,
  `group_id` int NOT NULL,
  `permission_id` int NOT NULL,
  PRIMARY KEY (`id`),
  UNIQUE KEY `auth_group_permissions_group_id_permission_id_0cd325b0_uniq` (`group_id`,`permission_id`),
  KEY `auth_group_permissio_permission_id_84c5c92e_fk_auth_perm` (`permission_id`),
  CONSTRAINT `auth_group_permissio_permission_id_84c5c92e_fk_auth_perm` FOREIGN KEY (`permission_id`) REFERENCES `auth_permission` (`id`),
  CONSTRAINT `auth_group_permissions_group_id_b120cbf9_fk_auth_group_id` FOREIGN KEY (`group_id`) REFERENCES `auth_group` (`id`)
) ENGINE=InnoDB DEFAULT CHARSET=utf8mb4 COLLATE=utf8mb4_unicode_ci;
/*!40101 SET character_set_client = @saved_cs_client */;

--
-- Dumping data for table `auth_group_permissions`
--

LOCK TABLES `auth_group_permissions` WRITE;
/*!40000 ALTER TABLE `auth_group_permissions` DISABLE KEYS */;
/*!40000 ALTER TABLE `auth_group_permissions` ENABLE KEYS */;
UNLOCK TABLES;

--
-- Table structure for table `auth_permission`
--

DROP TABLE IF EXISTS `auth_permission`;
/*!40101 SET @saved_cs_client     = @@character_set_client */;
/*!50503 SET character_set_client = utf8mb4 */;
CREATE TABLE `auth_permission` (
  `id` int NOT NULL AUTO_INCREMENT,
  `name` varchar(255) CHARACTER SET utf8mb4 COLLATE utf8mb4_unicode_ci NOT NULL,
  `content_type_id` int NOT NULL,
  `codename` varchar(100) CHARACTER SET utf8mb4 COLLATE utf8mb4_unicode_ci NOT NULL,
  PRIMARY KEY (`id`),
  UNIQUE KEY `auth_permission_content_type_id_codename_01ab375a_uniq` (`content_type_id`,`codename`),
  CONSTRAINT `auth_permission_content_type_id_2f476e4b_fk_django_co` FOREIGN KEY (`content_type_id`) REFERENCES `django_content_type` (`id`)
) ENGINE=InnoDB AUTO_INCREMENT=121 DEFAULT CHARSET=utf8mb4 COLLATE=utf8mb4_unicode_ci;
/*!40101 SET character_set_client = @saved_cs_client */;

--
-- Dumping data for table `auth_permission`
--

LOCK TABLES `auth_permission` WRITE;
/*!40000 ALTER TABLE `auth_permission` DISABLE KEYS */;
INSERT INTO `auth_permission` VALUES (1,'Can add log entry',1,'add_logentry'),(2,'Can change log entry',1,'change_logentry'),(3,'Can delete log entry',1,'delete_logentry'),(4,'Can view log entry',1,'view_logentry'),(5,'Can add permission',2,'add_permission'),(6,'Can change permission',2,'change_permission'),(7,'Can delete permission',2,'delete_permission'),(8,'Can view permission',2,'view_permission'),(9,'Can add group',3,'add_group'),(10,'Can change group',3,'change_group'),(11,'Can delete group',3,'delete_group'),(12,'Can view group',3,'view_group'),(13,'Can add content type',4,'add_contenttype'),(14,'Can change content type',4,'change_contenttype'),(15,'Can delete content type',4,'delete_contenttype'),(16,'Can view content type',4,'view_contenttype'),(17,'Can add session',5,'add_session'),(18,'Can change session',5,'change_session'),(19,'Can delete session',5,'delete_session'),(20,'Can view session',5,'view_session'),(21,'Can add user',6,'add_account'),(22,'Can change user',6,'change_account'),(23,'Can delete user',6,'delete_account'),(24,'Can view user',6,'view_account'),(25,'Can add attribute',7,'add_attribute'),(26,'Can change attribute',7,'change_attribute'),(27,'Can delete attribute',7,'delete_attribute'),(28,'Can view attribute',7,'view_attribute'),(29,'Can add category',8,'add_category'),(30,'Can change category',8,'change_category'),(31,'Can delete category',8,'delete_category'),(32,'Can view category',8,'view_category'),(33,'Can add payment type',9,'add_paymenttype'),(34,'Can change payment type',9,'change_paymenttype'),(35,'Can delete payment type',9,'delete_paymenttype'),(36,'Can view payment type',9,'view_paymenttype'),(37,'Can add shipping type',10,'add_shippingtype'),(38,'Can change shipping type',10,'change_shippingtype'),(39,'Can delete shipping type',10,'delete_shippingtype'),(40,'Can view shipping type',10,'view_shippingtype'),(41,'Can add user role',11,'add_userrole'),(42,'Can change user role',11,'change_userrole'),(43,'Can delete user role',11,'delete_userrole'),(44,'Can view user role',11,'view_userrole'),(45,'Can add cart',12,'add_cart'),(46,'Can change cart',12,'change_cart'),(47,'Can delete cart',12,'delete_cart'),(48,'Can view cart',12,'view_cart'),(49,'Can add order',13,'add_order'),(50,'Can change order',13,'change_order'),(51,'Can delete order',13,'delete_order'),(52,'Can view order',13,'view_order'),(53,'Can add order detail',14,'add_orderdetail'),(54,'Can change order detail',14,'change_orderdetail'),(55,'Can delete order detail',14,'delete_orderdetail'),(56,'Can view order detail',14,'view_orderdetail'),(57,'Can add comment product',15,'add_commentproduct'),(58,'Can change comment product',15,'change_commentproduct'),(59,'Can delete comment product',15,'delete_commentproduct'),(60,'Can view comment product',15,'view_commentproduct'),(61,'Can add product',16,'add_product'),(62,'Can change product',16,'change_product'),(63,'Can delete product',16,'delete_product'),(64,'Can view product',16,'view_product'),(65,'Can add image',17,'add_image'),(66,'Can change image',17,'change_image'),(67,'Can delete image',17,'delete_image'),(68,'Can view image',17,'view_image'),(69,'Can add store',18,'add_store'),(70,'Can change store',18,'change_store'),(71,'Can delete store',18,'delete_store'),(72,'Can view store',18,'view_store'),(73,'Can add review store',19,'add_reviewstore'),(74,'Can change review store',19,'change_reviewstore'),(75,'Can delete review store',19,'delete_reviewstore'),(76,'Can view review store',19,'view_reviewstore'),(77,'Can add application',20,'add_application'),(78,'Can change application',20,'change_application'),(79,'Can delete application',20,'delete_application'),(80,'Can view application',20,'view_application'),(81,'Can add access token',21,'add_accesstoken'),(82,'Can change access token',21,'change_accesstoken'),(83,'Can delete access token',21,'delete_accesstoken'),(84,'Can view access token',21,'view_accesstoken'),(85,'Can add grant',22,'add_grant'),(86,'Can change grant',22,'change_grant'),(87,'Can delete grant',22,'delete_grant'),(88,'Can view grant',22,'view_grant'),(89,'Can add refresh token',23,'add_refreshtoken'),(90,'Can change refresh token',23,'change_refreshtoken'),(91,'Can delete refresh token',23,'delete_refreshtoken'),(92,'Can view refresh token',23,'view_refreshtoken'),(93,'Can add id token',24,'add_idtoken'),(94,'Can change id token',24,'change_idtoken'),(95,'Can delete id token',24,'delete_idtoken'),(96,'Can view id token',24,'view_idtoken'),(97,'Can add Token',25,'add_token'),(98,'Can change Token',25,'change_token'),(99,'Can delete Token',25,'delete_token'),(100,'Can view Token',25,'view_token'),(101,'Can add token',26,'add_tokenproxy'),(102,'Can change token',26,'change_tokenproxy'),(103,'Can delete token',26,'delete_tokenproxy'),(104,'Can view token',26,'view_tokenproxy'),(105,'Can add payment vn pay',27,'add_paymentvnpay'),(106,'Can change payment vn pay',27,'change_paymentvnpay'),(107,'Can delete payment vn pay',27,'delete_paymentvnpay'),(108,'Can view payment vn pay',27,'view_paymentvnpay'),(109,'Can add bill',28,'add_bill'),(110,'Can change bill',28,'change_bill'),(111,'Can delete bill',28,'delete_bill'),(112,'Can view bill',28,'view_bill'),(113,'Can add PayPal IPN',29,'add_paypalipn'),(114,'Can change PayPal IPN',29,'change_paypalipn'),(115,'Can delete PayPal IPN',29,'delete_paypalipn'),(116,'Can view PayPal IPN',29,'view_paypalipn'),(117,'Can add follow',30,'add_follow'),(118,'Can change follow',30,'change_follow'),(119,'Can delete follow',30,'delete_follow'),(120,'Can view follow',30,'view_follow');
/*!40000 ALTER TABLE `auth_permission` ENABLE KEYS */;
UNLOCK TABLES;

--
-- Table structure for table `authtoken_token`
--

DROP TABLE IF EXISTS `authtoken_token`;
/*!40101 SET @saved_cs_client     = @@character_set_client */;
/*!50503 SET character_set_client = utf8mb4 */;
CREATE TABLE `authtoken_token` (
  `key` varchar(40) CHARACTER SET utf8mb4 COLLATE utf8mb4_unicode_ci NOT NULL,
  `created` datetime(6) NOT NULL,
  `user_id` bigint NOT NULL,
  PRIMARY KEY (`key`),
  UNIQUE KEY `user_id` (`user_id`),
  CONSTRAINT `authtoken_token_user_id_35299eff_fk_eCommerce_account_id` FOREIGN KEY (`user_id`) REFERENCES `ecommerce_account` (`id`)
) ENGINE=InnoDB DEFAULT CHARSET=utf8mb4 COLLATE=utf8mb4_unicode_ci;
/*!40101 SET character_set_client = @saved_cs_client */;

--
-- Dumping data for table `authtoken_token`
--

LOCK TABLES `authtoken_token` WRITE;
/*!40000 ALTER TABLE `authtoken_token` DISABLE KEYS */;
INSERT INTO `authtoken_token` VALUES ('2ace8a890c2849bd36bf0de217d2369abf6fb047','2023-12-26 09:30:35.161551',3),('313e5099d68ab3231f0ec4c55f8032c169bb6743','2023-12-26 09:33:00.408575',4);
/*!40000 ALTER TABLE `authtoken_token` ENABLE KEYS */;
UNLOCK TABLES;

--
-- Table structure for table `django_admin_log`
--

DROP TABLE IF EXISTS `django_admin_log`;
/*!40101 SET @saved_cs_client     = @@character_set_client */;
/*!50503 SET character_set_client = utf8mb4 */;
CREATE TABLE `django_admin_log` (
  `id` int NOT NULL AUTO_INCREMENT,
  `action_time` datetime(6) NOT NULL,
  `object_id` longtext CHARACTER SET utf8mb4 COLLATE utf8mb4_unicode_ci,
  `object_repr` varchar(200) CHARACTER SET utf8mb4 COLLATE utf8mb4_unicode_ci NOT NULL,
  `action_flag` smallint unsigned NOT NULL,
  `change_message` longtext CHARACTER SET utf8mb4 COLLATE utf8mb4_unicode_ci NOT NULL,
  `content_type_id` int DEFAULT NULL,
  `user_id` bigint NOT NULL,
  PRIMARY KEY (`id`),
  KEY `django_admin_log_content_type_id_c4bce8eb_fk_django_co` (`content_type_id`),
  KEY `django_admin_log_user_id_c564eba6_fk_eCommerce_account_id` (`user_id`),
  CONSTRAINT `django_admin_log_content_type_id_c4bce8eb_fk_django_co` FOREIGN KEY (`content_type_id`) REFERENCES `django_content_type` (`id`),
  CONSTRAINT `django_admin_log_user_id_c564eba6_fk_eCommerce_account_id` FOREIGN KEY (`user_id`) REFERENCES `ecommerce_account` (`id`),
  CONSTRAINT `django_admin_log_chk_1` CHECK ((`action_flag` >= 0))
) ENGINE=InnoDB AUTO_INCREMENT=154 DEFAULT CHARSET=utf8mb4 COLLATE=utf8mb4_unicode_ci;
/*!40101 SET character_set_client = @saved_cs_client */;

--
-- Dumping data for table `django_admin_log`
--

LOCK TABLES `django_admin_log` WRITE;
/*!40000 ALTER TABLE `django_admin_log` DISABLE KEYS */;
INSERT INTO `django_admin_log` VALUES (1,'2023-12-24 16:34:48.251276','1','ADMIN',1,'[{\"added\": {}}]',11,1),(2,'2023-12-24 16:35:03.435604','1','Admin',2,'[{\"changed\": {\"fields\": [\"Name role\"]}}]',11,1),(3,'2023-12-24 16:35:08.992428','2','Cửa hàng',1,'[{\"added\": {}}]',11,1),(4,'2023-12-24 16:35:13.442302','3','Khách hàng',1,'[{\"added\": {}}]',11,1),(5,'2023-12-24 16:36:42.307445','2','khachhang',1,'[{\"added\": {}}]',6,1),(6,'2023-12-24 16:36:51.575261','1','HoangStore',1,'[{\"added\": {}}]',18,1),(7,'2023-12-24 16:37:17.432128','1','Điện thoại',1,'[{\"added\": {}}]',8,1),(8,'2023-12-24 16:37:23.721686','2','Thời trang',1,'[{\"added\": {}}]',8,1),(9,'2023-12-24 16:37:26.487121','3','Giày dép',1,'[{\"added\": {}}]',8,1),(10,'2023-12-24 16:37:31.858260','4','Trang sức',1,'[{\"added\": {}}]',8,1),(11,'2023-12-24 16:37:43.006494','5','Laptop',1,'[{\"added\": {}}]',8,1),(12,'2023-12-24 16:38:18.542618','1','Điện thoại Apple iPhone 15 128GB',1,'[{\"added\": {}}]',16,1),(13,'2023-12-24 16:38:36.507054','2','Máy tính xách tay Apple MacBook Air (2020) M1 Chip',1,'[{\"added\": {}}]',16,1),(14,'2023-12-24 16:39:18.649383','3','Áo thun DirtyCoins Retro T-Shirt',1,'[{\"added\": {}}]',16,1),(15,'2023-12-24 16:39:35.669859','4','Bộ Quần Áo Cầu Lông Thể Thao Li-Ning AATT020-3',1,'[{\"added\": {}}]',16,1),(16,'2023-12-24 16:39:57.669570','5','Áo Thun Levents Dinosaur/ Black',1,'[{\"added\": {}}]',16,1),(17,'2023-12-24 16:40:13.830480','6','Áo Thun Levents Popular Logo 2.0/ Green',1,'[{\"added\": {}}]',16,1),(18,'2023-12-24 16:40:30.611218','7','Áo Hoodie Levents Classic/ Black',1,'[{\"added\": {}}]',16,1),(19,'2023-12-24 16:40:48.262549','8','Giày cầu lông Yonex 65Z3',1,'[{\"added\": {}}]',16,1),(20,'2023-12-24 16:41:07.243870','1','Giày cầu lông Yonex 65Z3',1,'[{\"added\": {}}]',17,1),(21,'2023-12-24 16:41:12.117568','2','Giày cầu lông Yonex 65Z3',1,'[{\"added\": {}}]',17,1),(22,'2023-12-24 16:41:17.299652','3','Giày cầu lông Yonex 65Z3',1,'[{\"added\": {}}]',17,1),(23,'2023-12-24 16:41:28.265601','4','Áo Thun Levents Popular Logo 2.0/ Green',1,'[{\"added\": {}}]',17,1),(24,'2023-12-24 16:41:40.651320','5','Áo Thun Levents Dinosaur/ Black',1,'[{\"added\": {}}]',17,1),(25,'2023-12-24 16:41:49.936049','6','Bộ Quần Áo Cầu Lông Thể Thao Li-Ning AATT020-3',1,'[{\"added\": {}}]',17,1),(26,'2023-12-24 16:41:54.455398','7','Áo thun DirtyCoins Retro T-Shirt',1,'[{\"added\": {}}]',17,1),(27,'2023-12-24 16:41:58.616119','8','Điện thoại Apple iPhone 15 128GB',1,'[{\"added\": {}}]',17,1),(28,'2023-12-24 16:42:03.944465','9','Máy tính xách tay Apple MacBook Air (2020) M1 Chip',1,'[{\"added\": {}}]',17,1),(29,'2023-12-24 16:42:12.266329','10','Áo Hoodie Levents Classic/ Black',1,'[{\"added\": {}}]',17,1),(30,'2023-12-24 16:42:40.963093','1','Thương hiệu',1,'[{\"added\": {}}]',7,1),(31,'2023-12-24 16:46:18.037217','2','Dung lượng pin',1,'[{\"added\": {}}]',7,1),(32,'2023-12-24 16:48:36.331460','3','Dung lượng lưu trữ (Điện thoại Apple iPhone 15 128GB)',1,'[{\"added\": {}}]',7,1),(33,'2023-12-24 16:48:42.893104','4','Màu sắc (Điện thoại Apple iPhone 15 128GB)',1,'[{\"added\": {}}]',7,1),(34,'2023-12-24 16:48:52.035518','5','Kích thước màn hình (Điện thoại Apple iPhone 15 128GB)',1,'[{\"added\": {}}]',7,1),(35,'2023-12-24 16:49:04.073389','6','Xuất xứ (Điện thoại Apple iPhone 15 128GB)',1,'[{\"added\": {}}]',7,1),(36,'2023-12-24 16:50:52.641261','7','Màn hình (Máy tính xách tay Apple MacBook Air (2020) M1 Chip)',1,'[{\"added\": {}}]',7,1),(37,'2023-12-24 16:51:01.571666','8','CPU (Máy tính xách tay Apple MacBook Air (2020) M1 Chip)',1,'[{\"added\": {}}]',7,1),(38,'2023-12-24 16:51:08.555629','9','RAM (Máy tính xách tay Apple MacBook Air (2020) M1 Chip)',1,'[{\"added\": {}}]',7,1),(39,'2023-12-24 16:51:20.290519','10','Ổ cứng (Máy tính xách tay Apple MacBook Air (2020) M1 Chip)',1,'[{\"added\": {}}]',7,1),(40,'2023-12-24 16:51:31.002006','11','Đồ họa (Máy tính xách tay Apple MacBook Air (2020) M1 Chip)',1,'[{\"added\": {}}]',7,1),(41,'2023-12-24 16:51:59.728579','12','Thương hiệu (Áo thun DirtyCoins Retro T-Shirt)',1,'[{\"added\": {}}]',7,1),(42,'2023-12-24 16:52:08.600021','13','Màu sắc (Áo thun DirtyCoins Retro T-Shirt)',1,'[{\"added\": {}}]',7,1),(43,'2023-12-24 16:52:50.636368','14','Size áo (Áo thun DirtyCoins Retro T-Shirt)',1,'[{\"added\": {}}]',7,1),(44,'2023-12-24 16:52:55.246529','15','Size áo (Áo thun DirtyCoins Retro T-Shirt)',1,'[{\"added\": {}}]',7,1),(45,'2023-12-24 16:53:00.283435','16','Size áo (Áo thun DirtyCoins Retro T-Shirt)',1,'[{\"added\": {}}]',7,1),(46,'2023-12-24 16:53:21.522307','17','Thương hiệu (Bộ Quần Áo Cầu Lông Thể Thao Li-Ning AATT020-3)',1,'[{\"added\": {}}]',7,1),(47,'2023-12-24 16:53:28.298134','18','Màu sắc (Bộ Quần Áo Cầu Lông Thể Thao Li-Ning AATT020-3)',1,'[{\"added\": {}}]',7,1),(48,'2023-12-24 16:53:47.448838','19','Size áo (Bộ Quần Áo Cầu Lông Thể Thao Li-Ning AATT020-3)',1,'[{\"added\": {}}]',7,1),(49,'2023-12-24 16:54:01.530240','20','Thương hiệu (Áo Thun Levents Dinosaur/ Black)',1,'[{\"added\": {}}]',7,1),(50,'2023-12-24 16:54:10.415762','21','Màu sắc (Áo Thun Levents Dinosaur/ Black)',1,'[{\"added\": {}}]',7,1),(51,'2023-12-24 16:54:17.007409','22','Thương hiệu (Áo Thun Levents Popular Logo 2.0/ Green)',1,'[{\"added\": {}}]',7,1),(52,'2023-12-24 16:54:29.577456','23','Màu sắc (Áo Thun Levents Popular Logo 2.0/ Green)',1,'[{\"added\": {}}]',7,1),(53,'2023-12-24 16:55:16.796391','24','Size áo (Áo Thun Levents Dinosaur/ Black)',1,'[{\"added\": {}}]',7,1),(54,'2023-12-24 16:55:21.373839','25','Size áo (Áo Thun Levents Popular Logo 2.0/ Green)',1,'[{\"added\": {}}]',7,1),(55,'2023-12-24 16:55:28.674727','26','Thương hiệu (Áo Hoodie Levents Classic/ Black)',1,'[{\"added\": {}}]',7,1),(56,'2023-12-24 16:55:37.116679','26','Thương hiệu (Áo Hoodie Levents Classic/ Black)',2,'[{\"changed\": {\"fields\": [\"Value\"]}}]',7,1),(57,'2023-12-24 16:55:46.686041','27','Màu sắc (Áo Hoodie Levents Classic/ Black)',1,'[{\"added\": {}}]',7,1),(58,'2023-12-24 16:55:56.126201','28','Size áo (Áo Hoodie Levents Classic/ Black)',1,'[{\"added\": {}}]',7,1),(59,'2023-12-24 16:56:04.298591','29','Thương hiệu (Giày cầu lông Yonex 65Z3)',1,'[{\"added\": {}}]',7,1),(60,'2023-12-24 16:56:10.593791','30','Màu sắc (Giày cầu lông Yonex 65Z3)',1,'[{\"added\": {}}]',7,1),(61,'2023-12-24 16:56:21.511290','31','Size giày (Giày cầu lông Yonex 65Z3)',1,'[{\"added\": {}}]',7,1),(62,'2023-12-24 17:26:40.776945','11','Áo Thun Levents Popular Logo 2.0/ Green',1,'[{\"added\": {}}]',17,1),(63,'2023-12-24 17:37:33.052172','3','thuyen',2,'[{\"changed\": {\"fields\": [\"Active\"]}}]',6,1),(64,'2023-12-24 18:10:56.865172','6','mkmd',2,'[{\"changed\": {\"fields\": [\"Full name\", \"Date of birth\", \"Address\", \"Email\", \"Phone\", \"Active\"]}}]',6,1),(65,'2023-12-26 04:27:14.156739','1','Điện thoại Apple iPhone 15 128GB',2,'[{\"changed\": {\"fields\": [\"Description\"]}}]',16,1),(66,'2023-12-26 04:30:57.484926','1','Điện thoại Apple iPhone 15 128GB',2,'[{\"changed\": {\"fields\": [\"Description\"]}}]',16,1),(67,'2023-12-26 04:31:40.917883','1','Điện thoại Apple iPhone 15 128GB',2,'[{\"changed\": {\"fields\": [\"Description\"]}}]',16,1),(68,'2023-12-26 04:50:47.004905','6','Vợt cầu lông',1,'[{\"added\": {}}, {\"added\": {\"name\": \"product\", \"object\": \"V\\u1ee3t c\\u1ea7u l\\u00f4ng Yonex Astrox 99 Game (ch\\u00ednh h\\u00e3ng)\"}}]',8,1),(69,'2023-12-26 07:24:02.192711','2','khachhang',2,'[]',6,1),(70,'2023-12-26 07:24:32.493573','2','khachhang',2,'[{\"changed\": {\"fields\": [\"Role\"]}}]',6,1),(71,'2023-12-26 07:27:22.476861','13','dfgdg',1,'[{\"added\": {}}]',6,1),(72,'2023-12-26 07:27:41.501857','13','dfgdg',3,'',6,1),(73,'2023-12-28 10:43:08.517278','1','Điện thoại Apple iPhone 15 128GB',2,'[{\"changed\": {\"fields\": [\"Description\"]}}]',16,1),(74,'2024-01-03 18:51:38.319181','1','HoangStore',2,'[{\"changed\": {\"fields\": [\"Active\"]}}]',18,1),(75,'2024-01-03 18:51:46.149170','1','HoangStore',2,'[{\"changed\": {\"fields\": [\"Active\"]}}]',18,1),(76,'2024-01-03 19:13:46.215035','2','khachhang',2,'[{\"changed\": {\"fields\": [\"Password\"]}}]',6,1),(77,'2024-01-04 06:24:58.610092','5','dfgfdg',3,'',18,1),(78,'2024-01-08 04:22:14.961760','1','KhachHangStore',2,'[{\"changed\": {\"fields\": [\"Name store\", \"Avt\"]}}]',18,1),(79,'2024-01-08 04:22:37.796010','6','HoangStore',1,'[{\"added\": {}}]',18,1),(80,'2024-01-08 04:23:03.741230','9','Vợt cầu lông Yonex Astrox 99 Game (chính hãng)',2,'[{\"changed\": {\"fields\": [\"Store\"]}}]',16,1),(81,'2024-01-08 04:23:08.507963','8','Giày cầu lông Yonex 65Z3',2,'[{\"changed\": {\"fields\": [\"Description\", \"Store\"]}}]',16,1),(82,'2024-01-08 04:23:14.503418','4','Bộ Quần Áo Cầu Lông Thể Thao Li-Ning AATT020-3',2,'[{\"changed\": {\"fields\": [\"Description\", \"Store\"]}}]',16,1),(83,'2024-01-08 07:05:35.083150','9','Vợt cầu lông Yonex Astrox 99 Game (chính hãng)',3,'',16,1),(84,'2024-01-08 07:26:36.257527','10','Vợt cầu lông Lining Axforce Cannon',1,'[{\"added\": {}}]',16,1),(85,'2024-01-08 07:27:27.094463','12','Vợt cầu lông Lining Axforce Cannon',1,'[{\"added\": {}}]',17,1),(86,'2024-01-08 07:27:32.974730','13','Vợt cầu lông Lining Axforce Cannon',1,'[{\"added\": {}}]',17,1),(87,'2024-01-08 07:27:37.871720','14','Vợt cầu lông Lining Axforce Cannon',1,'[{\"added\": {}}]',17,1),(88,'2024-01-08 07:27:54.510064','32','Thương hiệu (Vợt cầu lông Lining Axforce Cannon)',1,'[{\"added\": {}}]',7,1),(89,'2024-01-08 07:28:03.252033','33','Màu sắc (Vợt cầu lông Lining Axforce Cannon)',1,'[{\"added\": {}}]',7,1),(90,'2024-01-08 07:28:17.317810','34','Chất liệu vợt (Vợt cầu lông Lining Axforce Cannon)',1,'[{\"added\": {}}]',7,1),(91,'2024-01-09 03:44:20.514752','4','dfgdfg',3,'',18,1),(92,'2024-01-11 09:21:07.267410','17','dgtwet',3,'',6,1),(93,'2024-01-11 09:21:11.252164','16','sdfsdg',3,'',6,1),(94,'2024-01-11 09:21:14.656707','15','dfgdfg',3,'',6,1),(95,'2024-01-11 09:21:19.261803','12','dfgd123',3,'',6,1),(96,'2024-01-11 09:21:23.458035','11','dfgd',3,'',6,1),(97,'2024-01-11 09:21:27.070444','10','dfg',3,'',6,1),(98,'2024-01-11 09:21:34.645904','8','mkmddfsfsdf',3,'',6,1),(99,'2024-01-11 09:21:47.710225','6','mkmd',3,'',6,1),(100,'2024-01-11 17:00:31.130149','27','cvxvsdfsdf',3,'',6,1),(101,'2024-01-11 17:00:34.547396','26','cvxv',3,'',6,1),(102,'2024-01-11 17:00:37.668480','25','hrty',3,'',6,1),(103,'2024-01-11 17:00:43.124419','24','df',3,'',6,1),(104,'2024-01-11 17:00:46.578374','23','ádasda',3,'',6,1),(105,'2024-01-11 17:00:49.798365','22','fdgf',3,'',6,1),(106,'2024-01-11 17:00:52.759028','21','fdgfg',3,'',6,1),(107,'2024-01-11 17:00:56.635278','20','dfgdf',3,'',6,1),(108,'2024-01-11 17:00:59.270292','19','sdfsdf',3,'',6,1),(109,'2024-01-11 17:01:02.341143','18','fdgdfg',3,'',6,1),(110,'2024-01-11 17:01:09.256344','9','123asas',3,'',6,1),(111,'2024-01-13 08:49:13.669212','44','dgdfgdfg',3,'',6,1),(112,'2024-01-13 08:49:17.298283','43','dfgdf1123123123123fff12121',3,'',6,1),(113,'2024-01-13 08:49:20.064370','42','dfgdf123123123123fff12121',3,'',6,1),(114,'2024-01-13 08:49:23.219322','41','dfgdf123123123123fff1212',3,'',6,1),(115,'2024-01-13 08:49:26.394904','40','dfgdf123123123123fff12',3,'',6,1),(116,'2024-01-13 08:49:29.620797','39','dfgdf123123123123fff',3,'',6,1),(117,'2024-01-13 08:49:34.017112','38','dfgdf123123123123',3,'',6,1),(118,'2024-01-13 08:49:38.361456','37','dfgdf123123123',3,'',6,1),(119,'2024-01-13 08:49:41.486355','36','dfgdf123123',3,'',6,1),(120,'2024-01-13 08:49:50.877847','35','dfgdf123',3,'',6,1),(121,'2024-01-13 08:49:53.801255','34','dfgdf',3,'',6,1),(122,'2024-01-13 08:49:56.522004','33','ffffffffff',3,'',6,1),(123,'2024-01-13 08:49:59.531609','32','sdfdssddsf123123',3,'',6,1),(124,'2024-01-13 08:50:03.948187','31','sdfdsf123123',3,'',6,1),(125,'2024-01-13 08:50:07.966998','30','sdfdsf123',3,'',6,1),(126,'2024-01-13 08:51:26.762324','45','dgdfgdfg',3,'',6,1),(127,'2024-01-13 12:25:33.598802','7','đfsdg',3,'',18,1),(128,'2024-01-17 03:50:37.139481','1','PayPal',1,'[{\"added\": {}}]',9,1),(129,'2024-01-17 03:50:54.607620','1','Tiết kiệt',1,'[{\"added\": {}}]',10,1),(130,'2024-01-17 03:51:04.605924','2','Hỏa tốc',1,'[{\"added\": {}}]',10,1),(131,'2024-01-17 03:51:07.420598','1','hoanggggg',1,'[{\"added\": {}}]',13,1),(132,'2024-01-17 03:54:38.945884','3','Máy tính xách tay Apple MacBook Air (2020) M1 Chip - của đơn hàng hoangne',1,'[{\"added\": {}}]',14,1),(133,'2024-01-17 03:55:40.334827','4','Máy tính xách tay Apple MacBook Air (2020) M1 Chip - Đơn hàng [username: hoangne]',1,'[{\"added\": {}}]',14,1),(134,'2024-01-17 03:55:46.262647','5','Áo Thun Levents Dinosaur/ Black - Đơn hàng [username: hoangne]',1,'[{\"added\": {}}]',14,1),(135,'2024-01-17 04:00:20.250752','2','hoangne',1,'[{\"added\": {}}]',13,1),(136,'2024-01-17 04:05:33.381257','6','Áo Hoodie Levents Classic/ Black - Đơn hàng [username: hoangne]',1,'[{\"added\": {}}]',14,1),(137,'2024-01-17 04:05:40.960780','7','Vợt cầu lông Lining Axforce Cannon - Đơn hàng [username: hoangne]',1,'[{\"added\": {}}]',14,1),(138,'2024-01-17 04:05:46.286485','8','Điện thoại Apple iPhone 15 128GB - Đơn hàng [username: hoangne]',1,'[{\"added\": {}}]',14,1),(139,'2024-01-17 04:05:51.985088','9','Áo Thun Levents Popular Logo 2.0/ Green - Đơn hàng [username: hoangne]',1,'[{\"added\": {}}]',14,1),(140,'2024-01-17 07:00:41.558896','8','Hoangnehahah',2,'[{\"changed\": {\"fields\": [\"Name store\", \"Address\"]}}]',18,1),(141,'2024-01-17 07:01:23.160177','2','Đơn hàng [khachhang] + Địa chỉ [11 Nguyễn Oanh, Gò vấp, Hồ chí minh]',2,'[{\"changed\": {\"fields\": [\"Account\"]}}]',13,1),(142,'2024-01-17 07:01:30.530199','1','Đơn hàng [khachhang] + Địa chỉ [609 Nguyễn kiệm, Gò vấp, Hồ chí minh]',2,'[{\"changed\": {\"fields\": [\"Account\"]}}]',13,1),(143,'2024-01-18 03:52:57.796037','3','Đơn hàng [thuyen] + Địa chỉ [Gia lai number one]',1,'[{\"added\": {}}]',13,1),(144,'2024-01-18 03:53:38.983625','10','Quann dui1111222 - Đơn hàng [username: thuyen]',1,'[{\"added\": {}}]',14,1),(145,'2024-01-18 03:54:35.609582','4','Đơn hàng [thuyencc123] + Địa chỉ [Sóc trăng số 2]',1,'[{\"added\": {}}]',13,1),(146,'2024-01-18 03:54:47.034590','11','Quann dui1111222 - Đơn hàng [username: thuyencc123]',1,'[{\"added\": {}}]',14,1),(147,'2024-01-18 03:58:28.349681','5','Đơn hàng [hoang] + Địa chỉ [231 Linh Trung, Thủ đức]',1,'[{\"added\": {}}]',13,1),(148,'2024-01-18 03:58:53.392878','12','Quann dui1111222 - Đơn hàng [username: hoang]',1,'[{\"added\": {}}]',14,1),(149,'2024-01-19 09:04:16.281481','1','VNPay',2,'[{\"changed\": {\"fields\": [\"Name paymentType\"]}}]',9,1),(150,'2024-01-20 10:52:54.032895','12','dfsf',1,'[{\"added\": {}}]',18,1),(151,'2024-01-20 10:53:16.435366','12','dfsf',3,'',18,1),(152,'2024-02-25 17:21:55.879071','69','manager',1,'[{\"added\": {}}]',6,1),(153,'2024-02-25 18:46:38.255146','28','store81',2,'[{\"changed\": {\"fields\": [\"Avt\"]}}]',18,1);
/*!40000 ALTER TABLE `django_admin_log` ENABLE KEYS */;
UNLOCK TABLES;

--
-- Table structure for table `django_content_type`
--

DROP TABLE IF EXISTS `django_content_type`;
/*!40101 SET @saved_cs_client     = @@character_set_client */;
/*!50503 SET character_set_client = utf8mb4 */;
CREATE TABLE `django_content_type` (
  `id` int NOT NULL AUTO_INCREMENT,
  `app_label` varchar(100) CHARACTER SET utf8mb4 COLLATE utf8mb4_unicode_ci NOT NULL,
  `model` varchar(100) CHARACTER SET utf8mb4 COLLATE utf8mb4_unicode_ci NOT NULL,
  PRIMARY KEY (`id`),
  UNIQUE KEY `django_content_type_app_label_model_76bd3d3b_uniq` (`app_label`,`model`)
) ENGINE=InnoDB AUTO_INCREMENT=31 DEFAULT CHARSET=utf8mb4 COLLATE=utf8mb4_unicode_ci;
/*!40101 SET character_set_client = @saved_cs_client */;

--
-- Dumping data for table `django_content_type`
--

LOCK TABLES `django_content_type` WRITE;
/*!40000 ALTER TABLE `django_content_type` DISABLE KEYS */;
INSERT INTO `django_content_type` VALUES (1,'admin','logentry'),(3,'auth','group'),(2,'auth','permission'),(25,'authtoken','token'),(26,'authtoken','tokenproxy'),(4,'contenttypes','contenttype'),(6,'eCommerce','account'),(7,'eCommerce','attribute'),(28,'eCommerce','bill'),(12,'eCommerce','cart'),(8,'eCommerce','category'),(15,'eCommerce','commentproduct'),(30,'eCommerce','follow'),(17,'eCommerce','image'),(13,'eCommerce','order'),(14,'eCommerce','orderdetail'),(9,'eCommerce','paymenttype'),(27,'eCommerce','paymentvnpay'),(16,'eCommerce','product'),(19,'eCommerce','reviewstore'),(10,'eCommerce','shippingtype'),(18,'eCommerce','store'),(11,'eCommerce','userrole'),(29,'ipn','paypalipn'),(21,'oauth2_provider','accesstoken'),(20,'oauth2_provider','application'),(22,'oauth2_provider','grant'),(24,'oauth2_provider','idtoken'),(23,'oauth2_provider','refreshtoken'),(5,'sessions','session');
/*!40000 ALTER TABLE `django_content_type` ENABLE KEYS */;
UNLOCK TABLES;

--
-- Table structure for table `django_migrations`
--

DROP TABLE IF EXISTS `django_migrations`;
/*!40101 SET @saved_cs_client     = @@character_set_client */;
/*!50503 SET character_set_client = utf8mb4 */;
CREATE TABLE `django_migrations` (
  `id` bigint NOT NULL AUTO_INCREMENT,
  `app` varchar(255) CHARACTER SET utf8mb4 COLLATE utf8mb4_unicode_ci NOT NULL,
  `name` varchar(255) CHARACTER SET utf8mb4 COLLATE utf8mb4_unicode_ci NOT NULL,
  `applied` datetime(6) NOT NULL,
  PRIMARY KEY (`id`)
) ENGINE=InnoDB AUTO_INCREMENT=80 DEFAULT CHARSET=utf8mb4 COLLATE=utf8mb4_unicode_ci;
/*!40101 SET character_set_client = @saved_cs_client */;

--
-- Dumping data for table `django_migrations`
--

LOCK TABLES `django_migrations` WRITE;
/*!40000 ALTER TABLE `django_migrations` DISABLE KEYS */;
INSERT INTO `django_migrations` VALUES (1,'contenttypes','0001_initial','2023-12-24 16:29:28.701449'),(2,'contenttypes','0002_remove_content_type_name','2023-12-24 16:29:28.758259'),(3,'auth','0001_initial','2023-12-24 16:29:28.971479'),(4,'auth','0002_alter_permission_name_max_length','2023-12-24 16:29:29.013543'),(5,'auth','0003_alter_user_email_max_length','2023-12-24 16:29:29.018510'),(6,'auth','0004_alter_user_username_opts','2023-12-24 16:29:29.023395'),(7,'auth','0005_alter_user_last_login_null','2023-12-24 16:29:29.028461'),(8,'auth','0006_require_contenttypes_0002','2023-12-24 16:29:29.031431'),(9,'auth','0007_alter_validators_add_error_messages','2023-12-24 16:29:29.036614'),(10,'auth','0008_alter_user_username_max_length','2023-12-24 16:29:29.042143'),(11,'auth','0009_alter_user_last_name_max_length','2023-12-24 16:29:29.047209'),(12,'auth','0010_alter_group_name_max_length','2023-12-24 16:29:29.062814'),(13,'auth','0011_update_proxy_permissions','2023-12-24 16:29:29.068665'),(14,'auth','0012_alter_user_first_name_max_length','2023-12-24 16:29:29.073687'),(15,'eCommerce','0001_initial','2023-12-24 16:29:30.516377'),(16,'admin','0001_initial','2023-12-24 16:29:30.628344'),(17,'admin','0002_logentry_remove_auto_add','2023-12-24 16:29:30.640424'),(18,'admin','0003_logentry_add_action_flag_choices','2023-12-24 16:29:30.651674'),(19,'eCommerce','0002_remove_product_categoryat_product_category','2023-12-24 16:29:30.781563'),(20,'eCommerce','0003_remove_attribute_categoryat_productattribute_and_more','2023-12-24 16:29:30.912210'),(21,'eCommerce','0004_alter_product_category','2023-12-24 16:29:30.927640'),(22,'eCommerce','0005_alter_productattribute_product','2023-12-24 16:29:30.942625'),(23,'eCommerce','0006_alter_productattribute_attribute_and_more','2023-12-24 16:29:30.970882'),(24,'eCommerce','0007_alter_account_role','2023-12-24 16:29:30.986557'),(25,'eCommerce','0008_alter_image_thumbnail','2023-12-24 16:29:31.029595'),(26,'eCommerce','0009_alter_account_avt','2023-12-24 16:29:31.096414'),(27,'eCommerce','0010_remove_product_product_at_remove_user_groups_and_more','2023-12-24 16:29:32.120771'),(28,'eCommerce','0011_userrole_name_role123','2023-12-24 16:29:32.137286'),(29,'oauth2_provider','0001_initial','2023-12-24 16:29:32.784472'),(30,'oauth2_provider','0002_auto_20190406_1805','2023-12-24 16:29:32.841743'),(31,'oauth2_provider','0003_auto_20201211_1314','2023-12-24 16:29:32.897604'),(32,'oauth2_provider','0004_auto_20200902_2022','2023-12-24 16:29:33.233388'),(33,'oauth2_provider','0005_auto_20211222_2352','2023-12-24 16:29:33.303395'),(34,'oauth2_provider','0006_alter_application_client_secret','2023-12-24 16:29:33.335391'),(35,'oauth2_provider','0007_application_post_logout_redirect_uris','2023-12-24 16:29:33.402781'),(36,'sessions','0001_initial','2023-12-24 16:29:33.432646'),(37,'eCommerce','0012_remove_userrole_name_role123_alter_account_address_and_more','2023-12-24 16:32:14.013641'),(38,'eCommerce','0013_alter_account_role','2023-12-24 16:32:56.880436'),(39,'eCommerce','0014_alter_attribute_product','2023-12-24 16:46:10.636370'),(40,'eCommerce','0015_alter_account_avt','2023-12-24 17:54:04.460211'),(41,'eCommerce','0016_remove_order_order_cart_and_more','2023-12-25 07:39:52.791562'),(42,'eCommerce','0017_alter_order_paymenttype_alter_order_shippingtype','2023-12-25 08:21:16.409752'),(43,'eCommerce','0018_alter_account_active','2023-12-25 10:27:16.544548'),(44,'eCommerce','0019_alter_product_description','2023-12-26 04:18:18.020137'),(45,'authtoken','0001_initial','2023-12-26 09:21:54.129859'),(46,'authtoken','0002_auto_20160226_1747','2023-12-26 09:21:54.215821'),(47,'authtoken','0003_tokenproxy','2023-12-26 09:21:54.219940'),(48,'eCommerce','0020_store_avt','2024-01-03 18:58:45.861902'),(49,'eCommerce','0020_alter_image_thumbnail','2024-01-13 10:20:20.100628'),(50,'eCommerce','0021_remove_account_active','2024-01-13 10:20:20.350324'),(51,'eCommerce','0022_hinh','2024-01-13 10:20:20.377966'),(52,'eCommerce','0023_delete_hinh','2024-01-13 10:20:20.391083'),(53,'eCommerce','0024_alter_store_account','2024-01-13 10:20:20.662565'),(54,'eCommerce','0025_alter_product_product_order_alter_product_store','2024-01-13 10:20:21.002391'),(55,'eCommerce','0026_alter_image_product','2024-01-13 10:20:21.131250'),(56,'eCommerce','0027_alter_commentproduct_account_and_more','2024-01-13 10:20:21.422320'),(57,'eCommerce','0002_paymentvnpay','2024-01-19 09:01:40.060131'),(58,'eCommerce','0003_alter_paymentvnpay_order_id','2024-01-19 09:22:08.838153'),(59,'eCommerce','0004_bill_delete_paymentvnpay','2024-01-19 09:45:24.525596'),(60,'eCommerce','0005_remove_bill_bill_desc','2024-01-19 09:46:22.120705'),(61,'eCommerce','0006_bill_created_at','2024-01-19 10:43:08.904254'),(62,'ipn','0001_initial','2024-01-20 10:21:25.289160'),(63,'ipn','0002_paypalipn_mp_id','2024-01-20 10:21:25.327959'),(64,'ipn','0003_auto_20141117_1647','2024-01-20 10:21:25.480053'),(65,'ipn','0004_auto_20150612_1826','2024-01-20 10:21:27.344818'),(66,'ipn','0005_auto_20151217_0948','2024-01-20 10:21:27.467036'),(67,'ipn','0006_auto_20160108_1112','2024-01-20 10:21:27.587198'),(68,'ipn','0007_auto_20160219_1135','2024-01-20 10:21:27.599850'),(69,'ipn','0008_auto_20181128_1032','2024-01-20 10:21:27.614074'),(70,'eCommerce','0007_alter_bill_bill_code','2024-01-22 04:07:08.084652'),(71,'ipn','0009_alter_paypalipn_id','2024-01-22 04:07:08.201048'),(72,'eCommerce','0008_remove_order_status_review_orderdetail_status_review','2024-01-25 16:04:41.170295'),(73,'eCommerce','0009_alter_product_status','2024-01-26 19:20:57.899721'),(74,'eCommerce','0010_follow','2024-02-02 16:35:23.441377'),(75,'eCommerce','0011_account_google_user_id','2024-02-04 07:26:26.854400'),(76,'eCommerce','0012_rename_google_user_id_account_social_user_id','2024-02-04 07:26:26.927547'),(77,'eCommerce','0013_product_tag','2024-02-19 10:23:46.463068'),(78,'eCommerce','0014_product_tag_end_date_product_tag_start_date','2024-02-20 19:05:12.746240'),(79,'eCommerce','0015_delete_reviewstore','2024-02-23 13:44:02.433973');
/*!40000 ALTER TABLE `django_migrations` ENABLE KEYS */;
UNLOCK TABLES;

--
-- Table structure for table `django_session`
--

DROP TABLE IF EXISTS `django_session`;
/*!40101 SET @saved_cs_client     = @@character_set_client */;
/*!50503 SET character_set_client = utf8mb4 */;
CREATE TABLE `django_session` (
  `session_key` varchar(40) CHARACTER SET utf8mb4 COLLATE utf8mb4_unicode_ci NOT NULL,
  `session_data` longtext CHARACTER SET utf8mb4 COLLATE utf8mb4_unicode_ci NOT NULL,
  `expire_date` datetime(6) NOT NULL,
  PRIMARY KEY (`session_key`),
  KEY `django_session_expire_date_a5c62663` (`expire_date`)
) ENGINE=InnoDB DEFAULT CHARSET=utf8mb4 COLLATE=utf8mb4_unicode_ci;
/*!40101 SET character_set_client = @saved_cs_client */;

--
-- Dumping data for table `django_session`
--

LOCK TABLES `django_session` WRITE;
/*!40000 ALTER TABLE `django_session` DISABLE KEYS */;
INSERT INTO `django_session` VALUES ('044bacrqq3x7czlf813jhwf4zlpclus5','.eJxVjDsOwjAQBe_iGlnrzxqbkj5nsNbeDQmgRIqTCnF3iJQC2jcz76UybeuQtyZLHlldlFGn361Qfci0A77TdJt1nad1GYveFX3QpruZ5Xk93L-DgdrwraEKeI_GJZ8Slh6451DRWeDgSsSAItZZa0JkFMRzBes5JmMJiATU-wPBCDcE:1rN8oa:RGo7i2NaZKAX52xUYZB8KxDDNUtn-AuXKMGQ8SBLE_c','2024-01-23 09:54:32.872729'),('3kpn2wmvvxzdezzhpoaor7ed7zjubtfm','.eJxVjDsOwjAQBe_iGlnrzxqbkj5nsNbeDQmgRIqTCnF3iJQC2jcz76UybeuQtyZLHlldlFGn361Qfci0A77TdJt1nad1GYveFX3QpruZ5Xk93L-DgdrwraEKeI_GJZ8Slh6451DRWeDgSsSAItZZa0JkFMRzBes5JmMJiATU-wPBCDcE:1rOFLt:n6104dx5XqyE3mt0AMc_7Gjk4g5bBBU9rMpDU70NPk4','2024-01-26 11:05:29.646825'),('4uijqrbdqqunysl2klj1xm8zgr7hmuin','.eJxVjDsOwjAQBe_iGlnrzxqbkj5nsNbeDQmgRIqTCnF3iJQC2jcz76UybeuQtyZLHlldlFGn361Qfci0A77TdJt1nad1GYveFX3QpruZ5Xk93L-DgdrwraEKeI_GJZ8Slh6451DRWeDgSsSAItZZa0JkFMRzBes5JmMJiATU-wPBCDcE:1rRDQG:m5p3lsXx4z0_e1l6x-vbJ-7L7-XoRlnCjeWW5JZOU64','2024-02-03 15:38:16.898529'),('bh9xmkc6im25qu05lcyb8icz2nngrux8','.eJxVjDsOwjAQBe_iGlnrzxqbkj5nsNbeDQmgRIqTCnF3iJQC2jcz76UybeuQtyZLHlldlFGn361Qfci0A77TdJt1nad1GYveFX3QpruZ5Xk93L-DgdrwraEKeI_GJZ8Slh6451DRWeDgSsSAItZZa0JkFMRzBes5JmMJiATU-wPBCDcE:1rVsRI:VZuzD616cKAq_fOv_vAMkEhs_oyvmKYUm937Z0_UVvs','2024-02-16 12:14:36.285362'),('d07hml0nc3eqv8sy2b86p5f9yejuj83p','.eJxVjDsOwjAQBe_iGlnrzxqbkj5nsNbeDQmgRIqTCnF3iJQC2jcz76UybeuQtyZLHlldlFGn361Qfci0A77TdJt1nad1GYveFX3QpruZ5Xk93L-DgdrwraEKeI_GJZ8Slh6451DRWeDgSsSAItZZa0JkFMRzBes5JmMJiATU-wPBCDcE:1rI1aH:kcyT7adZgwb4XxL27V8__aZ9H6YD8sJCtpn8X0cHhZ8','2024-01-09 07:10:37.060816'),('kct8jhooen97royqfgsnpe0jfh2eh8u0','.eJxVjDsOwjAQBe_iGlnrzxqbkj5nsNbeDQmgRIqTCnF3iJQC2jcz76UybeuQtyZLHlldlFGn361Qfci0A77TdJt1nad1GYveFX3QpruZ5Xk93L-DgdrwraEKeI_GJZ8Slh6451DRWeDgSsSAItZZa0JkFMRzBes5JmMJiATU-wPBCDcE:1rRDaM:vXvQnxdqOq2TIyYH1IzogYGFb8KzX39tPqS9Y22EUM4','2024-02-03 15:48:42.918724'),('tkqgucscnx9tv1x7x7a1eh3439ik91tz','.eJxVjDsOwjAQBe_iGlnrzxqbkj5nsNbeDQmgRIqTCnF3iJQC2jcz76UybeuQtyZLHlldlFGn361Qfci0A77TdJt1nad1GYveFX3QpruZ5Xk93L-DgdrwraEKeI_GJZ8Slh6451DRWeDgSsSAItZZa0JkFMRzBes5JmMJiATU-wPBCDcE:1reIAL:s2AGt0w5Unv6H0ke3tDoc4N6_hiek9uuPUGhpEOsoP8','2024-03-10 17:19:53.823420');
/*!40000 ALTER TABLE `django_session` ENABLE KEYS */;
UNLOCK TABLES;

--
-- Table structure for table `ecommerce_account`
--

DROP TABLE IF EXISTS `ecommerce_account`;
/*!40101 SET @saved_cs_client     = @@character_set_client */;
/*!50503 SET character_set_client = utf8mb4 */;
CREATE TABLE `ecommerce_account` (
  `id` bigint NOT NULL AUTO_INCREMENT,
  `full_name` varchar(255) CHARACTER SET utf8mb4 COLLATE utf8mb4_unicode_ci DEFAULT NULL,
  `date_of_birth` date DEFAULT NULL,
  `gender` tinyint(1) DEFAULT NULL,
  `address` varchar(255) CHARACTER SET utf8mb4 COLLATE utf8mb4_unicode_ci DEFAULT NULL,
  `email` varchar(254) CHARACTER SET utf8mb4 COLLATE utf8mb4_unicode_ci DEFAULT NULL,
  `phone` varchar(15) CHARACTER SET utf8mb4 COLLATE utf8mb4_unicode_ci DEFAULT NULL,
  `username` varchar(150) CHARACTER SET utf8mb4 COLLATE utf8mb4_unicode_ci NOT NULL,
  `password` varchar(128) CHARACTER SET utf8mb4 COLLATE utf8mb4_unicode_ci NOT NULL,
  `avt` varchar(255) CHARACTER SET utf8mb4 COLLATE utf8mb4_unicode_ci DEFAULT NULL,
  `role_id` bigint DEFAULT NULL,
  `date_joined` datetime(6) NOT NULL,
  `first_name` varchar(150) CHARACTER SET utf8mb4 COLLATE utf8mb4_unicode_ci NOT NULL,
  `is_active` tinyint(1) NOT NULL,
  `is_staff` tinyint(1) NOT NULL,
  `is_superuser` tinyint(1) NOT NULL,
  `last_login` datetime(6) DEFAULT NULL,
  `last_name` varchar(150) CHARACTER SET utf8mb4 COLLATE utf8mb4_unicode_ci NOT NULL,
  `social_user_id` varchar(255) COLLATE utf8mb4_unicode_ci DEFAULT NULL,
  PRIMARY KEY (`id`),
  UNIQUE KEY `username` (`username`),
  UNIQUE KEY `email` (`email`),
  UNIQUE KEY `google_user_id` (`social_user_id`),
  KEY `eCommerce_account_role_id_3469a34b_fk_eCommerce_userrole_id` (`role_id`),
  CONSTRAINT `eCommerce_account_role_id_3469a34b_fk_eCommerce_userrole_id` FOREIGN KEY (`role_id`) REFERENCES `ecommerce_userrole` (`id`)
) ENGINE=InnoDB AUTO_INCREMENT=71 DEFAULT CHARSET=utf8mb4 COLLATE=utf8mb4_unicode_ci;
/*!40101 SET character_set_client = @saved_cs_client */;

--
-- Dumping data for table `ecommerce_account`
--

LOCK TABLES `ecommerce_account` WRITE;
/*!40000 ALTER TABLE `ecommerce_account` DISABLE KEYS */;
INSERT INTO `ecommerce_account` VALUES (1,NULL,NULL,NULL,NULL,'admin@gmail.com',NULL,'admin','pbkdf2_sha256$720000$HzVBQAYa3rj8Gd0c0qJ29E$5Iu7BVDt76l6phoqWsa74L1O2nMWHXiPBdLQ0nfai2o=','image/upload/v1705139014/sptj8owhhcsu85tmdpcd.jpg',NULL,'2023-12-24 16:33:29.483866','',1,1,1,'2024-02-25 17:19:53.804050','',NULL),(2,'Huỳnh Minh Hoànggg','2001-09-23',1,'Hồ Chí Minh','2051052046hoanggg@ou.edu.vn','0336334143','khachhang','pbkdf2_sha256$720000$RoMUWPDz8MNMS73aVp7RD8$14Uy8GHftd2ZWI65r68lNBAE+RlARALTH6b5T0USx88=','image/upload/v1708884332/cijyfypuhrr5aofvrd5m.jpg',2,'2023-12-24 16:35:33.000000','',1,0,0,NULL,'',NULL),(3,'Thanh Thuyen','2002-01-01',0,'Sóc Trăng','thuyen@gmail.com','01516516516','thuyen','pbkdf2_sha256$720000$RoMUWPDz8MNMS73aVp7RD8$14Uy8GHftd2ZWI65r68lNBAE+RlARALTH6b5T0USx88=','image/upload/v1705139014/sptj8owhhcsu85tmdpcd.jpg',2,'2023-12-24 17:35:49.000000','',1,0,0,NULL,'',NULL),(4,'Minh Hoangsss','2002-09-23',1,'Gia Lai','hoang@gmail.com','0336334143','hoang','pbkdf2_sha256$720000$uHXJT6N4JWqxzI49wPGFub$bXiscI5N89ww3Y6kWB1TMOBKifcs3abJ2v9pobYZ/A4=','image/upload/v1708177514/fvdk2moordq5fk902miw.jpg',2,'2023-12-24 17:40:32.756279','',1,0,0,NULL,'',NULL),(5,'Minh Hoangd','2002-09-23',1,'Gia Laiádasd','hoansadg@gmail.com','0336334143','hoang123','pbkdf2_sha256$720000$soe6I9pFyV1zi0TseVEd2a$EHdJKj4nM3R7/FwEYo9rVjSRQioUYhM/hODXAh5Fc3U=','image/upload/v1705139014/sptj8owhhcsu85tmdpcd.jpg',2,'2023-12-24 17:58:59.734104','',1,0,0,NULL,'',NULL),(7,'Thuyền CCsad','2002-01-01',1,'Sóc Trăng213','th12123uyen@gmail.com12','01515261655','thuyencc123','pbkdf2_sha256$720000$jhzqerjgdmrlyqgYHX1NEU$7gVXklrpb4Nd/tS0l0ZJmw6chQLS+3tOQsTudLtUPow=','image/upload/v1703491960/cena5iptrf1xjpu0msmi.png',2,'2023-12-25 08:12:36.227379','',1,0,0,NULL,'',NULL),(14,'fggfgh','2024-01-07',1,'gdgf','fdgfgk@gmail.com','123123','thanh','pbkdf2_sha256$720000$85KyHhIfwhfG41hipmeOtx$1wnHmeNWEEyvIjpZCpoQA4ShLpcAlII4Ixjxhyabsa4=','image/upload/v1705139014/sptj8owhhcsu85tmdpcd.jpg',2,'2024-01-07 03:27:01.616795','',1,0,0,NULL,'',NULL),(28,NULL,NULL,NULL,NULL,'hmh20182019@gmail.com',NULL,'fghert','pbkdf2_sha256$720000$oSdr5CZTUQaZorbS3gItRO$39yr/MZiJeTt2cWRUXnlllCMT9XALLoqOliuQAr/My8=','image/upload/v1705139014/sptj8owhhcsu85tmdpcd.jpg',3,'2024-01-11 17:12:54.792937','',1,0,0,NULL,'',NULL),(29,NULL,NULL,0,NULL,NULL,NULL,'sdfdsf1','pbkdf2_sha256$720000$WqENcEFFEk5a1oGyq5DemI$wIqSaCDYn1sFV5zZdxdrKKgPgcr3dGARed7yofRJLco=','image/upload/v1705139014/sptj8owhhcsu85tmdpcd.jpg',3,'2024-01-12 08:48:08.501555','',1,0,0,NULL,'',NULL),(46,'dfgdfg','2024-01-13',0,'123123','gnfgh@gmail.com','23','retfdg','pbkdf2_sha256$720000$Tx6U05ViCNNswSyvZQ06BQ$YuxQjE36zpxALx4yt8MHBAwVHHnQdeZWHIMUNZWsggs=','image/upload/v1705139014/sptj8owhhcsu85tmdpcd.jpg',3,'2024-01-13 09:31:24.696951','',1,0,0,NULL,'',NULL),(47,'fghfgh','2024-01-13',1,NULL,NULL,NULL,'user47','pbkdf2_sha256$720000$4OvUm6F96XMGehkLJbFM0N$Y2+jKPU69NhN+LmYpYRek3ISFzLvMiCz/EnYJLcpBHA=','image/upload/v1705139014/sptj8owhhcsu85tmdpcd.jpg',3,'2024-01-13 09:43:30.182802','',1,0,0,NULL,'',NULL),(48,'hoanggggg','2024-01-13',1,'hcm','hoanghhhh@gmail.com','23123123123','hoangne','pbkdf2_sha256$720000$UMMYU7w9gv7FOv1d4oR9EC$T8onNsegGz6FlqSx3I8x3E5Hb5RuMkd+kFtfpdjUyjg=','image/upload/v1705140093/bnl5iemxqwqfgiawq6wo.jpg',2,'2024-01-13 10:01:27.471006','',1,0,0,NULL,'',NULL),(49,'dfgdfg','2024-01-23',1,'fdgfdg','fdgdfgkmk2@gmail.com','324234','fghfgh','pbkdf2_sha256$720000$iiRSXd9j5gmGvxTilVQMfY$vM34lc809kThXt+GW8JyUUakR8lGtuobQ3qLXYWdDyo=','image/upload/v1706005536/ayie3x8l8yi9am4swznm.jpg',2,'2024-01-23 10:25:28.443110','',1,0,0,NULL,'',NULL),(50,'Quy Hoang',NULL,NULL,NULL,'accpubg30353036@gmail.com',NULL,'eT0LUeMaav','','image/upload/https://lh3.googleusercontent.com/a/ACg8ocKZNmaqSmDmWBGkVrJFb6MxLg1E04_LtkMLSp2QLUm5=s96-c',2,'2024-02-04 08:09:28.940359','',1,0,0,NULL,'','110138690178394876120'),(52,'hoang2001','2024-02-16',0,'gfdgfdg','hminhhoang2001@gmail.com','213123123','user81','pbkdf2_sha256$720000$Ys9iKwJ4NytZftq2KOHaxg$YSzY7rBNnkotwycAurO8K+G0CvTNVLQyRzRhBGgCh4o=','image/upload/v1708076895/idcd9vob2a4qhc75z6lh.jpg',2,'2024-02-16 09:48:11.250979','',1,0,0,NULL,'',NULL),(59,'Huỳnh Minh Hoàng',NULL,NULL,NULL,NULL,NULL,'usqGtDPMiH','','https://graph.facebook.com/3566523263571070/picture',3,'2024-02-20 18:09:17.386696','',1,0,0,NULL,'','4wy92plUDbfkgRfkcZYst9Oxf9p1'),(66,'Hoàng Huỳnh Minh',NULL,NULL,NULL,'2051052046hoang@ou.edu.vn',NULL,'tfq90hxr8N','','https://lh3.googleusercontent.com/a/ACg8ocJPiCJ0HnvSXCGr0nmS-f-5s5KtkfdICleNjcNEWdRS=s96-c',3,'2024-02-20 18:22:41.094024','',1,0,0,NULL,'','102467147183410028337'),(69,'Manager','2001-02-12',1,'python','manager@gmail.com','0123456789','manager','pbkdf2_sha256$720000$Ys9iKwJ4NytZftq2KOHaxg$YSzY7rBNnkotwycAurO8K+G0CvTNVLQyRzRhBGgCh4o=','image/upload/v1705139014/sptj8owhhcsu85tmdpcd.jpg',1,'2024-02-25 17:20:11.000000','manager',1,0,0,NULL,'my name',NULL),(70,'Hoàng Huỳnh',NULL,NULL,NULL,'accfbchinh20172018@gmail.com',NULL,'8UdATVTiVw','','https://lh3.googleusercontent.com/a/ACg8ocI7ZMofUUPABLsjzhlH1BHix0ocfE6uTnKH-RG_iETJ=s96-c',3,'2024-02-25 17:40:38.976724','',1,0,0,NULL,'','109351092196838859784');
/*!40000 ALTER TABLE `ecommerce_account` ENABLE KEYS */;
UNLOCK TABLES;

--
-- Table structure for table `ecommerce_account_groups`
--

DROP TABLE IF EXISTS `ecommerce_account_groups`;
/*!40101 SET @saved_cs_client     = @@character_set_client */;
/*!50503 SET character_set_client = utf8mb4 */;
CREATE TABLE `ecommerce_account_groups` (
  `id` bigint NOT NULL AUTO_INCREMENT,
  `account_id` bigint NOT NULL,
  `group_id` int NOT NULL,
  PRIMARY KEY (`id`),
  UNIQUE KEY `eCommerce_account_groups_account_id_group_id_ff603979_uniq` (`account_id`,`group_id`),
  KEY `eCommerce_account_groups_group_id_a9eb6107_fk_auth_group_id` (`group_id`),
  CONSTRAINT `eCommerce_account_gr_account_id_b7cf3e82_fk_eCommerce` FOREIGN KEY (`account_id`) REFERENCES `ecommerce_account` (`id`),
  CONSTRAINT `eCommerce_account_groups_group_id_a9eb6107_fk_auth_group_id` FOREIGN KEY (`group_id`) REFERENCES `auth_group` (`id`)
) ENGINE=InnoDB DEFAULT CHARSET=utf8mb4 COLLATE=utf8mb4_unicode_ci;
/*!40101 SET character_set_client = @saved_cs_client */;

--
-- Dumping data for table `ecommerce_account_groups`
--

LOCK TABLES `ecommerce_account_groups` WRITE;
/*!40000 ALTER TABLE `ecommerce_account_groups` DISABLE KEYS */;
/*!40000 ALTER TABLE `ecommerce_account_groups` ENABLE KEYS */;
UNLOCK TABLES;

--
-- Table structure for table `ecommerce_account_user_permissions`
--

DROP TABLE IF EXISTS `ecommerce_account_user_permissions`;
/*!40101 SET @saved_cs_client     = @@character_set_client */;
/*!50503 SET character_set_client = utf8mb4 */;
CREATE TABLE `ecommerce_account_user_permissions` (
  `id` bigint NOT NULL AUTO_INCREMENT,
  `account_id` bigint NOT NULL,
  `permission_id` int NOT NULL,
  PRIMARY KEY (`id`),
  UNIQUE KEY `eCommerce_account_user_p_account_id_permission_id_ddcdc28f_uniq` (`account_id`,`permission_id`),
  KEY `eCommerce_account_us_permission_id_b40c6f87_fk_auth_perm` (`permission_id`),
  CONSTRAINT `eCommerce_account_us_account_id_da005d72_fk_eCommerce` FOREIGN KEY (`account_id`) REFERENCES `ecommerce_account` (`id`),
  CONSTRAINT `eCommerce_account_us_permission_id_b40c6f87_fk_auth_perm` FOREIGN KEY (`permission_id`) REFERENCES `auth_permission` (`id`)
) ENGINE=InnoDB DEFAULT CHARSET=utf8mb4 COLLATE=utf8mb4_unicode_ci;
/*!40101 SET character_set_client = @saved_cs_client */;

--
-- Dumping data for table `ecommerce_account_user_permissions`
--

LOCK TABLES `ecommerce_account_user_permissions` WRITE;
/*!40000 ALTER TABLE `ecommerce_account_user_permissions` DISABLE KEYS */;
/*!40000 ALTER TABLE `ecommerce_account_user_permissions` ENABLE KEYS */;
UNLOCK TABLES;

--
-- Table structure for table `ecommerce_attribute`
--

DROP TABLE IF EXISTS `ecommerce_attribute`;
/*!40101 SET @saved_cs_client     = @@character_set_client */;
/*!50503 SET character_set_client = utf8mb4 */;
CREATE TABLE `ecommerce_attribute` (
  `id` bigint NOT NULL AUTO_INCREMENT,
  `name_at` varchar(255) CHARACTER SET utf8mb4 COLLATE utf8mb4_unicode_ci NOT NULL,
  `value` varchar(255) CHARACTER SET utf8mb4 COLLATE utf8mb4_unicode_ci NOT NULL,
  `product_id` bigint DEFAULT NULL,
  PRIMARY KEY (`id`),
  KEY `eCommerce_attribute_product_id_9c7c72ab` (`product_id`),
  CONSTRAINT `eCommerce_attribute_product_id_9c7c72ab_fk_eCommerce_product_id` FOREIGN KEY (`product_id`) REFERENCES `ecommerce_product` (`id`)
) ENGINE=InnoDB AUTO_INCREMENT=89 DEFAULT CHARSET=utf8mb4 COLLATE=utf8mb4_unicode_ci;
/*!40101 SET character_set_client = @saved_cs_client */;

--
-- Dumping data for table `ecommerce_attribute`
--

LOCK TABLES `ecommerce_attribute` WRITE;
/*!40000 ALTER TABLE `ecommerce_attribute` DISABLE KEYS */;
INSERT INTO `ecommerce_attribute` VALUES (1,'Thương hiệu','Apple',1),(2,'Dung lượng pin','100%',1),(3,'Dung lượng lưu trữ','128GB',1),(4,'Màu sắc','Đen',1),(5,'Kích thước màn hình','20ich',1),(6,'Xuất xứ','USA',1),(7,'Màn hình','13.3 inch',2),(8,'CPU','Apple, M1',2),(9,'RAM','8 GB',2),(10,'Ổ cứng','SSD 256 GB',2),(11,'Đồ họa','Apple M1 GPU 7 nhân',2),(12,'Thương hiệu','DirtyCoins',3),(13,'Màu sắc','Vàng',3),(14,'Size áo','M',3),(15,'Size áo','S',3),(16,'Size áo','L',3),(17,'Thương hiệu','Lining',4),(18,'Màu sắc','Trắng',4),(19,'Size áo','S',4),(20,'Thương hiệu','Levents',5),(21,'Màu sắc','Đen',5),(22,'Thương hiệu','Levents',6),(23,'Màu sắc','Xanh',6),(24,'Size áo','M',5),(25,'Size áo','XL',6),(26,'Thương hiệu','Levents',7),(27,'Màu sắc','Đen nhám',7),(28,'Size áo','XXL',7),(29,'Thương hiệu','Yonex',8),(30,'Màu sắc','Trắng đỏ',8),(31,'Size giày','40',8),(32,'Thương hiệu','Lining',10),(33,'Màu sắc','Đen, trắng',10),(34,'Chất liệu vợt','Nano carbon',10),(60,'size','S',77),(61,'size','M',77),(62,'size','L',77),(63,'mdau111','de',78),(64,'siz111','XXL',78),(72,'sdfsdf1111','s111dfsdf',78),(74,'fff','ffff',79),(75,'Mau','Trang',80),(76,'Size','28ich',80),(77,'ggg','hhh',81),(78,'kkkk','kkkk',82),(79,'gfg','sdsd',83),(81,'ggggg','ggg',85),(82,'fg','fgfg',86),(84,'mua','dep',88),(85,'mau','black',89),(86,'mau','trang',90),(87,'size','xl',90),(88,'mua','aaa',91);
/*!40000 ALTER TABLE `ecommerce_attribute` ENABLE KEYS */;
UNLOCK TABLES;

--
-- Table structure for table `ecommerce_bill`
--

DROP TABLE IF EXISTS `ecommerce_bill`;
/*!40101 SET @saved_cs_client     = @@character_set_client */;
/*!50503 SET character_set_client = utf8mb4 */;
CREATE TABLE `ecommerce_bill` (
  `id` bigint NOT NULL AUTO_INCREMENT,
  `bill_code` varchar(200) CHARACTER SET utf8mb4 COLLATE utf8mb4_unicode_ci DEFAULT NULL,
  `total_amount` double DEFAULT NULL,
  `bill_transactionNo` varchar(200) CHARACTER SET utf8mb4 COLLATE utf8mb4_unicode_ci DEFAULT NULL,
  `order_id` bigint DEFAULT NULL,
  `created_at` datetime(6) DEFAULT NULL,
  PRIMARY KEY (`id`),
  UNIQUE KEY `order_id` (`order_id`),
  CONSTRAINT `eCommerce_bill_order_id_5fb09423_fk_eCommerce_order_id` FOREIGN KEY (`order_id`) REFERENCES `ecommerce_order` (`id`)
) ENGINE=InnoDB AUTO_INCREMENT=70 DEFAULT CHARSET=utf8mb4 COLLATE=utf8mb4_unicode_ci;
/*!40101 SET character_set_client = @saved_cs_client */;

--
-- Dumping data for table `ecommerce_bill`
--

LOCK TABLES `ecommerce_bill` WRITE;
/*!40000 ALTER TABLE `ecommerce_bill` DISABLE KEYS */;
INSERT INTO `ecommerce_bill` VALUES (35,'3UE37091790595442',2400000,'1UM37217FH2939726',5,'2024-01-22 19:54:42.225502'),(36,'20240122195541',2400000,'14289920',4,'2024-01-22 19:56:05.734003'),(41,'83J41300BH0252007',8700000,'30X67869KC331223T',33,'2024-01-23 09:49:41.582718'),(43,'5TR45011EJ852053S',280000,'0LN52475N3487334N',37,'2024-01-23 17:21:34.731932'),(44,'9NN4242666895931N',3630000,'85X50398Y7094310J',38,'2024-01-24 07:26:45.503899'),(45,'5SB01731B4586261B',3057000,'36108290PP034142F',40,'2024-01-24 10:56:40.878233'),(46,'8VU72577GJ640874G',4056000,'28040747T34699508',42,'2024-01-24 11:01:55.603491'),(47,'07W462351K781635P',1738000,'3N305423KS368194Y',43,'2024-01-25 06:54:46.321804'),(48,'67W16409AX535301E',558000,'3L620004KV0276420',48,'2024-01-25 16:36:55.997252'),(49,'151061332L2775334',528000,'7S5202472J2086707',49,'2024-01-25 16:40:40.380593'),(50,'8S372292VT8897401',1530000,'3L027673A0729264E',50,'2024-01-25 16:43:22.830156'),(51,'13B27287RL2037433',510000,'6JN33722X4695354G',53,'2024-01-26 20:03:26.828820'),(54,'171997769R660152P',230000,'69G81874WJ393950F',97,'2024-01-27 12:44:23.214495'),(55,'7XG49049Y8553491B',605000,'56V2379428860581P',98,'2024-01-27 12:47:10.017749'),(56,'40761269JP170335B',380000,'71F92666VW329032R',99,'2024-01-27 12:49:10.109121'),(57,'8KK72546NJ340350P',380000,'36T32382C57696715',100,'2024-01-27 17:01:54.519699'),(58,'20240127170514',1059000,'14294013',101,'2024-01-27 17:05:42.711874'),(59,'20240129170655',280000,'14295237',105,'2024-01-29 17:07:42.211271'),(60,'69U16090PS211051Y',5055000,'22S238057W117003U',111,'2024-02-02 10:35:58.392433'),(62,'9S6666941X570720F',1265000,'7SB6615866720962U',114,'2024-02-15 17:47:57.038488'),(63,'4uLNEfOXRqkto4aZH',3630000,'wQZ2EX3c8qSThyh8z',121,'2024-02-17 16:14:39.670722'),(64,'20240217161618',3060000,'14300532',122,'2024-02-17 16:17:07.063105'),(65,'PyUAmWzvy0zlDFvPp',415000,'i5YBlJRUNrWgSVp7J',123,'2024-02-18 12:18:41.447851'),(66,'07TGiLkCcwTAza5h7',171233,'n7z90ArEOeive76cY',124,'2024-02-18 12:41:57.924460'),(67,'13245684V8236370N',307775,'8H432887RR2463009',125,'2024-02-18 12:44:27.554326'),(68,'Gto1pICox8MltzaI8',2460000,'HvqFTlyhx9x8ddSRr',126,'2024-02-22 08:42:06.035362'),(69,'wOxbdnmXsmaSpUukh',380000,'Hp5mEZNvohk3ceSi2',128,'2024-02-24 20:00:57.069488');
/*!40000 ALTER TABLE `ecommerce_bill` ENABLE KEYS */;
UNLOCK TABLES;

--
-- Table structure for table `ecommerce_category`
--

DROP TABLE IF EXISTS `ecommerce_category`;
/*!40101 SET @saved_cs_client     = @@character_set_client */;
/*!50503 SET character_set_client = utf8mb4 */;
CREATE TABLE `ecommerce_category` (
  `id` bigint NOT NULL AUTO_INCREMENT,
  `name_category` varchar(255) CHARACTER SET utf8mb4 COLLATE utf8mb4_unicode_ci NOT NULL,
  PRIMARY KEY (`id`)
) ENGINE=InnoDB AUTO_INCREMENT=7 DEFAULT CHARSET=utf8mb4 COLLATE=utf8mb4_unicode_ci;
/*!40101 SET character_set_client = @saved_cs_client */;

--
-- Dumping data for table `ecommerce_category`
--

LOCK TABLES `ecommerce_category` WRITE;
/*!40000 ALTER TABLE `ecommerce_category` DISABLE KEYS */;
INSERT INTO `ecommerce_category` VALUES (1,'Điện thoại'),(2,'Thời trang'),(3,'Giày dép'),(4,'Trang sức'),(5,'Laptop'),(6,'Vợt cầu lông');
/*!40000 ALTER TABLE `ecommerce_category` ENABLE KEYS */;
UNLOCK TABLES;

--
-- Table structure for table `ecommerce_commentproduct`
--

DROP TABLE IF EXISTS `ecommerce_commentproduct`;
/*!40101 SET @saved_cs_client     = @@character_set_client */;
/*!50503 SET character_set_client = utf8mb4 */;
CREATE TABLE `ecommerce_commentproduct` (
  `id` bigint NOT NULL AUTO_INCREMENT,
  `created_at` datetime(6) NOT NULL,
  `updated_at` datetime(6) NOT NULL,
  `rating` int NOT NULL,
  `content` longtext CHARACTER SET utf8mb4 COLLATE utf8mb4_unicode_ci NOT NULL,
  `account_id` bigint DEFAULT NULL,
  `reply_idComment_id` bigint DEFAULT NULL,
  `orderDetail_id` bigint DEFAULT NULL,
  PRIMARY KEY (`id`),
  KEY `eCommerce_commentpro_reply_idComment_id_3010c99f_fk_eCommerce` (`reply_idComment_id`),
  KEY `eCommerce_commentpro_account_id_72f6d4b4_fk_eCommerce` (`account_id`),
  KEY `eCommerce_commentpro_orderDetail_id_e9bd9b67_fk_eCommerce` (`orderDetail_id`),
  CONSTRAINT `eCommerce_commentpro_account_id_72f6d4b4_fk_eCommerce` FOREIGN KEY (`account_id`) REFERENCES `ecommerce_account` (`id`),
  CONSTRAINT `eCommerce_commentpro_orderDetail_id_e9bd9b67_fk_eCommerce` FOREIGN KEY (`orderDetail_id`) REFERENCES `ecommerce_orderdetail` (`id`),
  CONSTRAINT `eCommerce_commentpro_reply_idComment_id_3010c99f_fk_eCommerce` FOREIGN KEY (`reply_idComment_id`) REFERENCES `ecommerce_commentproduct` (`id`)
) ENGINE=InnoDB AUTO_INCREMENT=51 DEFAULT CHARSET=utf8mb4 COLLATE=utf8mb4_unicode_ci;
/*!40101 SET character_set_client = @saved_cs_client */;

--
-- Dumping data for table `ecommerce_commentproduct`
--

LOCK TABLES `ecommerce_commentproduct` WRITE;
/*!40000 ALTER TABLE `ecommerce_commentproduct` DISABLE KEYS */;
INSERT INTO `ecommerce_commentproduct` VALUES (1,'2023-12-24 16:38:18.540635','2024-01-29 18:04:55.165348',4,'update cmttt111',2,NULL,8),(2,'2023-12-24 16:38:18.540635','2023-12-28 10:43:08.480477',1,'san pham te qua',3,NULL,20),(3,'2023-12-24 16:38:18.540635','2023-12-28 10:43:08.480477',5,'good',2,NULL,3),(8,'2024-01-25 16:24:22.198574','2024-01-25 16:24:22.200573',3,'hang deu qa',48,NULL,48),(9,'2024-01-25 18:30:14.034503','2024-01-29 18:09:04.221799',4,'update cmttt11122',48,NULL,49),(16,'2024-01-29 18:13:05.805234','2024-01-29 18:13:05.807269',1,'thanhstore ms rep cmt dc',2,NULL,116),(19,'2024-01-29 18:46:12.404060','2024-01-29 18:46:12.404979',5,'hahaahahahah',2,NULL,117),(20,'2024-01-29 18:50:47.838540','2024-01-29 18:50:47.840582',1,'sp te hahahaa',48,NULL,118),(21,'2024-01-29 18:53:10.275959','2024-01-29 18:53:10.278484',1,'sp te hahahaha',48,NULL,120),(22,'2024-01-29 19:44:00.816403','2024-02-14 11:59:23.409468',5,'update111123555',4,19,117),(23,'2024-01-29 19:52:11.788112','2024-01-29 19:52:11.788112',1,'rep id 21',4,21,120);
/*!40000 ALTER TABLE `ecommerce_commentproduct` ENABLE KEYS */;
UNLOCK TABLES;

--
-- Table structure for table `ecommerce_follow`
--

DROP TABLE IF EXISTS `ecommerce_follow`;
/*!40101 SET @saved_cs_client     = @@character_set_client */;
/*!50503 SET character_set_client = utf8mb4 */;
CREATE TABLE `ecommerce_follow` (
  `id` bigint NOT NULL AUTO_INCREMENT,
  `created_at` datetime(6) NOT NULL,
  `updated_at` datetime(6) NOT NULL,
  `follower_id` bigint DEFAULT NULL,
  `store_id` bigint DEFAULT NULL,
  PRIMARY KEY (`id`),
  KEY `eCommerce_follow_follower_id_71d8aff8_fk_eCommerce_account_id` (`follower_id`),
  KEY `eCommerce_follow_store_id_c4fb1c52_fk_eCommerce_store_id` (`store_id`),
  CONSTRAINT `eCommerce_follow_follower_id_71d8aff8_fk_eCommerce_account_id` FOREIGN KEY (`follower_id`) REFERENCES `ecommerce_account` (`id`),
  CONSTRAINT `eCommerce_follow_store_id_c4fb1c52_fk_eCommerce_store_id` FOREIGN KEY (`store_id`) REFERENCES `ecommerce_store` (`id`)
) ENGINE=InnoDB AUTO_INCREMENT=21 DEFAULT CHARSET=utf8mb4 COLLATE=utf8mb4_unicode_ci;
/*!40101 SET character_set_client = @saved_cs_client */;

--
-- Dumping data for table `ecommerce_follow`
--

LOCK TABLES `ecommerce_follow` WRITE;
/*!40000 ALTER TABLE `ecommerce_follow` DISABLE KEYS */;
INSERT INTO `ecommerce_follow` VALUES (3,'2024-02-02 16:48:42.716942','2024-02-02 16:48:42.725681',3,6),(10,'2024-02-02 17:09:00.968263','2024-02-02 17:09:00.974773',47,20),(11,'2024-02-02 17:13:34.638233','2024-02-02 17:13:34.642267',3,1),(12,'2024-02-02 17:23:07.065659','2024-02-02 17:23:07.072367',47,1),(13,'2024-02-02 17:23:20.305042','2024-02-02 17:23:20.310994',47,6),(15,'2024-02-14 07:19:59.371671','2024-02-14 07:19:59.375373',50,1),(16,'2024-02-14 11:32:43.646087','2024-02-14 11:32:43.650671',4,1),(19,'2024-02-18 10:07:18.065365','2024-02-18 10:07:18.070981',2,6);
/*!40000 ALTER TABLE `ecommerce_follow` ENABLE KEYS */;
UNLOCK TABLES;

--
-- Table structure for table `ecommerce_image`
--

DROP TABLE IF EXISTS `ecommerce_image`;
/*!40101 SET @saved_cs_client     = @@character_set_client */;
/*!50503 SET character_set_client = utf8mb4 */;
CREATE TABLE `ecommerce_image` (
  `id` bigint NOT NULL AUTO_INCREMENT,
  `thumbnail` varchar(255) CHARACTER SET utf8mb4 COLLATE utf8mb4_unicode_ci DEFAULT NULL,
  `product_id` bigint DEFAULT NULL,
  PRIMARY KEY (`id`),
  KEY `eCommerce_image_product_id_7e560e59_fk_eCommerce_product_id` (`product_id`),
  CONSTRAINT `eCommerce_image_product_id_7e560e59_fk_eCommerce_product_id` FOREIGN KEY (`product_id`) REFERENCES `ecommerce_product` (`id`)
) ENGINE=InnoDB AUTO_INCREMENT=90 DEFAULT CHARSET=utf8mb4 COLLATE=utf8mb4_unicode_ci;
/*!40101 SET character_set_client = @saved_cs_client */;

--
-- Dumping data for table `ecommerce_image`
--

LOCK TABLES `ecommerce_image` WRITE;
/*!40000 ALTER TABLE `ecommerce_image` DISABLE KEYS */;
INSERT INTO `ecommerce_image` VALUES (1,'image/upload/v1705402104/anh1_m4s3bq.png',8),(2,'image/upload/v1705402104/anh2_k0dros.png',8),(3,'image/upload/v1705402104/anh3_diuucb.png',8),(4,'image/upload/v1705402105/d98a0b49101b970140b1debfc2fe38d1_krkixe.png',6),(5,'image/upload/v1705402104/sg-11134201-22100-wh6u0ot3gxiva6_kl41jw.png',5),(6,'image/upload/v1708764055/xhya9zjliadearlbhgvb.png',4),(7,'image/upload/v1705402109/vn-11134207-7qukw-lixy1xai8e6q67_pqqzn9.png',3),(8,'image/upload/v1708767730/zs7yrkjatynttfp9psai.png',1),(9,'image/upload/v1705402111/vn-11134207-7r98o-llxdjz3koonz50_vosmat.png',2),(10,'image/upload/v1705402109/vn-11134207-7r98o-lma2rp5od7fj6a_n9a3jf.png',7),(11,'image/upload/v1705402103/4a7b93f461e5ffe40cbcc7c3cc4a5705_xfblu2.png',6),(12,'image/upload/v1705402114/vn-11134207-7r98o-lodngs5801kj9a_tjtnb2.png',10),(13,'image/upload/v1705402114/vn-11134207-7r98o-lodngs582upf03_aleyyq.png',10),(14,'image/upload/v1705402117/vn-11134207-7r98o-lodngs58499v52_twxinb.png',10),(21,'image/upload/v1708502652/aaculjryjtdxuo9nvegs.png',15),(22,'image/upload/v1708502654/krdycv7p4prhklodhg9e.png',15),(23,'image/upload/v1708502656/x5x9n97dqq3omwua0lpj.png',15),(24,'image/upload/v1708502658/j7l4a7d46h79thn09jdk.png',15),(25,'image/upload/v1708502659/k1mdkqhdmydulvemmhzr.png',15),(26,'image/upload/v1708502661/kcfiontbdcm9ogvhnsmy.png',15),(27,'image/upload/v1708502663/jsdnwhs5r7jnlhrqcm7r.png',15),(28,'image/upload/v1708502665/b8khbd8x1uzmewczkmdd.png',15),(69,'image/upload/v1708178898/yubemzfpge7q6ghchn7z.jpg',77),(70,'image/upload/v1708178901/dje7tdnlbmzauuq3cxay.jpg',77),(71,'image/upload/v1706263275/thilpyfgbdhnsdxolcid.jpg',78),(72,'image/upload/v1706263276/t57zd70y5rvhggx0tfhe.jpg',78),(73,'image/upload/v1706263278/jq8lubv63zycj0enlo78.jpg',78),(75,'image/upload/v1706263279/fijdhxljbn5864hcgyni.jpg',78),(76,'image/upload/v1708180517/pm7fbrkrzz9fjpnkmsao.jpg',79),(77,'image/upload/v1708180518/wzrum7buaxjlo7nwls39.jpg',79),(78,'image/upload/v1706297284/exggdm6hzcjmywbsiqui.jpg',80),(79,'image/upload/v1706300854/koifwosqykwe26e0ntqf.jpg',81),(80,'image/upload/v1706300899/ly8bworgmnw9dh7jbigr.jpg',82),(81,'image/upload/v1706354522/edbcbq2ze4nconvel661.jpg',83),(83,'image/upload/v1707067276/qoonkjfhegsx7dioj1fv.jpg',85),(84,'image/upload/v1707067375/gwkuhvewgptmfn5fhfld.jpg',86),(86,'image/upload/v1708260031/zvjxgrhxeop1eir7jxgi.jpg',88),(87,'image/upload/v1708260062/sus9szebnvtnl5clymsb.jpg',89),(88,'image/upload/v1708502758/lthizaph5hyyuu1ecoou.jpg',90),(89,'image/upload/v1708596662/rowtinexakudlkf2wuiv.jpg',91);
/*!40000 ALTER TABLE `ecommerce_image` ENABLE KEYS */;
UNLOCK TABLES;

--
-- Table structure for table `ecommerce_order`
--

DROP TABLE IF EXISTS `ecommerce_order`;
/*!40101 SET @saved_cs_client     = @@character_set_client */;
/*!50503 SET character_set_client = utf8mb4 */;
CREATE TABLE `ecommerce_order` (
  `id` bigint NOT NULL AUTO_INCREMENT,
  `shipping_address` varchar(255) CHARACTER SET utf8mb4 COLLATE utf8mb4_unicode_ci NOT NULL,
  `shipping_fee` double NOT NULL,
  `note` longtext CHARACTER SET utf8mb4 COLLATE utf8mb4_unicode_ci NOT NULL,
  `status_pay` tinyint(1) NOT NULL,
  `status_order` tinyint(1) NOT NULL,
  `created_at` datetime(6) NOT NULL,
  `account_id` bigint NOT NULL,
  `paymentType_id` bigint NOT NULL,
  `shippingType_id` bigint NOT NULL,
  `updated_at` datetime(6) NOT NULL,
  PRIMARY KEY (`id`),
  KEY `eCommerce_order_account_id_136cede1_fk_eCommerce_account_id` (`account_id`),
  KEY `eCommerce_order_paymentType_id_9851c739` (`paymentType_id`),
  KEY `eCommerce_order_shippingType_id_344006ca` (`shippingType_id`),
  CONSTRAINT `eCommerce_order_account_id_136cede1_fk_eCommerce_account_id` FOREIGN KEY (`account_id`) REFERENCES `ecommerce_account` (`id`),
  CONSTRAINT `eCommerce_order_paymentType_id_9851c739_fk_eCommerce` FOREIGN KEY (`paymentType_id`) REFERENCES `ecommerce_paymenttype` (`id`),
  CONSTRAINT `eCommerce_order_shippingType_id_344006ca_fk_eCommerce` FOREIGN KEY (`shippingType_id`) REFERENCES `ecommerce_shippingtype` (`id`)
) ENGINE=InnoDB AUTO_INCREMENT=129 DEFAULT CHARSET=utf8mb4 COLLATE=utf8mb4_unicode_ci;
/*!40101 SET character_set_client = @saved_cs_client */;

--
-- Dumping data for table `ecommerce_order`
--

LOCK TABLES `ecommerce_order` WRITE;
/*!40000 ALTER TABLE `ecommerce_order` DISABLE KEYS */;
INSERT INTO `ecommerce_order` VALUES (1,'609 Nguyễn kiệm, Gò vấp, Hồ chí minh',15000,'Ship lẹ',1,1,'2023-01-17 03:51:07.417589',2,1,2,'2024-01-17 07:01:30.528031'),(2,'11 Nguyễn Oanh, Gò vấp, Hồ chí minh',20000,'ship cho tui di',1,1,'2023-02-17 04:00:20.247749',2,1,1,'2024-01-17 07:01:23.083984'),(3,'Gia lai number one',12111,'mua muam uauauau',1,1,'2024-02-18 03:52:57.775027',3,1,2,'2024-01-18 03:52:57.775027'),(4,'Sóc trăng số 2',20000,'hahahaah',1,1,'2023-04-18 03:54:35.606500',7,1,1,'2024-01-18 03:54:35.606500'),(5,'231 Linh Trung, Thủ đức',50000,'muaaaaaaaaaaaaaaa',1,1,'2024-05-18 03:58:28.340039',4,1,2,'2024-01-18 03:58:28.340039'),(32,'hcm',15000,'undefined',1,1,'2024-01-23 09:46:29.739270',48,2,1,'2024-01-27 19:38:35.651168'),(33,'hcm',15000,'undefined',1,1,'2024-01-23 09:48:53.926111',48,3,1,'2024-01-27 19:42:25.716754'),(34,'Hồ Chí Minh',60000,'undefined',1,1,'2024-01-23 10:02:20.873642',2,2,3,'2024-01-27 19:42:58.196392'),(35,'hcm',60000,'undefined',1,1,'2024-01-23 10:05:40.485644',48,2,3,'2024-01-27 19:43:34.068287'),(36,'hcm',30000,'undefined',1,1,'2024-01-23 10:08:07.592023',48,1,2,'2024-01-27 19:44:30.135758'),(37,'hcm',30000,'undefined',1,0,'2024-01-23 17:21:11.270449',48,3,2,'2024-01-23 17:21:34.748198'),(38,'hcm',30000,'undefined',1,0,'2024-01-24 07:25:53.321806',48,3,2,'2024-01-24 07:26:45.685543'),(39,'hcm',15000,'j',1,0,'2024-01-24 07:33:57.821154',48,2,1,'2024-01-24 07:33:57.830165'),(40,'hcm',60000,'undefined',1,1,'2024-01-24 10:56:18.839458',48,3,3,'2024-02-02 10:28:52.414441'),(41,'hcm',30000,'undefined',1,0,'2024-01-24 11:01:20.404602',48,1,2,'2024-01-24 11:01:20.511298'),(42,'hcm',60000,'undefined',1,0,'2024-01-24 11:01:38.808512',48,3,3,'2024-01-24 11:01:55.611747'),(43,'Sóc Trăng213',15000,'undefined',1,0,'2024-01-25 06:54:20.142831',7,3,1,'2024-01-25 06:54:46.333062'),(44,'hcm',30000,'HomeTabs',1,1,'2024-01-25 08:44:22.645862',48,1,2,'2024-01-27 19:29:55.647833'),(45,'hcm',30000,'HomeTabs',1,1,'2024-01-25 08:45:48.628388',48,3,2,'2024-01-25 08:45:48.632907'),(46,'hcm',30000,'HomeTabs',1,1,'2024-01-25 08:46:38.993939',48,3,2,'2024-01-25 08:46:38.998875'),(48,'hcm',60000,'ship le nha',1,0,'2024-01-25 16:35:45.628031',48,3,3,'2024-01-25 16:36:56.001734'),(49,'hcm',30000,'hhe',1,0,'2024-01-25 16:40:22.616013',48,3,2,'2024-01-25 16:40:40.383578'),(50,'hcm',30000,'hahaha',1,0,'2024-01-25 16:43:11.506418',48,3,2,'2024-01-25 16:43:22.836227'),(51,'Hồ Chí Minh',15000,'undefined',1,0,'2024-01-26 08:26:48.264000',2,1,1,'2024-01-26 08:26:48.271769'),(52,'hcm',60000,'undefined',1,0,'2024-01-26 09:45:58.784495',48,1,3,'2024-01-26 09:45:58.954785'),(53,'hcm',60000,'undefined',1,0,'2024-01-26 20:02:58.026449',48,3,3,'2024-01-26 20:03:26.931774'),(54,'hcm',60000,'undefined',1,0,'2024-01-26 20:29:37.958035',48,1,3,'2024-01-26 20:29:37.961944'),(55,'hcm',15000,'undefined',1,0,'2024-01-26 20:29:56.784237',48,1,1,'2024-01-26 20:29:56.787275'),(56,'Hồ Chí Minh',60000,'undefined',1,0,'2024-01-26 20:30:24.649462',2,1,3,'2024-01-26 20:30:24.654567'),(57,'hcm',15000,'undefined',1,1,'2024-01-26 20:33:32.411566',48,1,1,'2024-02-25 17:58:43.546089'),(58,'hcm',15000,'undefined',1,1,'2024-01-26 20:34:57.370150',48,1,1,'2024-02-25 17:58:39.610748'),(59,'hcm',60000,'undefined',1,1,'2024-01-26 20:48:19.295896',48,1,3,'2024-02-25 17:57:38.599898'),(96,'Gia Lai',30000,'undefined',1,0,'2024-01-27 12:37:28.803064',4,3,2,'2024-01-27 12:40:31.916827'),(97,'Gia Lai',30000,'undefined',1,0,'2024-01-27 12:37:28.990168',4,3,2,'2024-01-27 12:44:23.220624'),(98,'Gia Lai',15000,'undefined',1,0,'2024-01-27 12:45:13.944438',4,3,1,'2024-01-27 12:47:10.021724'),(99,'Gia Lai',30000,'undefined',1,0,'2024-01-27 12:48:43.518648',4,3,2,'2024-01-27 12:49:10.113932'),(100,'Hồ Chí Minh',30000,'undefined',1,0,'2024-01-27 17:00:45.001043',2,3,2,'2024-01-27 17:01:54.526832'),(101,'Hồ Chí Minh',60000,'undefined',1,1,'2024-01-27 17:01:11.554012',2,2,3,'2024-01-27 19:45:20.856175'),(102,'hcm',60000,'undefined',0,0,'2024-01-29 16:00:03.874460',48,2,3,'2024-01-29 16:00:03.888103'),(103,'hcm',60000,'undefined',0,0,'2024-01-29 16:03:41.736434',48,2,3,'2024-01-29 16:03:41.742504'),(104,'hcm',30000,'undefined',0,0,'2024-01-29 16:04:42.021106',48,3,2,'2024-01-29 16:04:42.128162'),(105,'hcm',30000,'undefined',1,1,'2024-01-29 16:08:37.600523',48,2,2,'2024-01-29 17:11:26.862085'),(106,'Hồ Chí Minh',15000,'undefined',1,1,'2024-01-29 18:12:02.816928',2,1,1,'2024-01-29 18:12:23.951868'),(107,'Hồ Chí Minh',15000,'undefined',1,1,'2024-01-29 18:45:28.463975',2,1,1,'2024-01-29 18:45:52.067051'),(108,'hcm',15000,'undefined',1,1,'2024-01-29 18:50:01.974229',48,1,1,'2024-01-29 18:50:19.796106'),(109,'hcm',60000,'undefined',1,1,'2024-01-29 18:51:24.035733',48,1,3,'2024-02-15 17:43:40.360938'),(110,'hcm',60000,'undefined',1,1,'2024-01-29 18:52:34.009893',48,1,3,'2024-01-29 18:52:50.910642'),(111,'Hồ Chí Minh',60000,'undefined',1,1,'2024-02-02 10:31:49.466716',2,3,3,'2024-02-02 10:41:17.585715'),(112,'Hồ Chí Minh',30000,'undefined',0,0,'2024-02-02 10:35:19.095710',2,2,2,'2024-02-02 10:35:19.100266'),(114,'Gia Lai',15000,'undefined',1,0,'2024-02-15 17:46:24.794420',4,3,1,'2024-02-15 17:47:57.042885'),(115,'Hồ Chí Minh',60000,'g',1,1,'2024-02-17 14:05:51.369647',2,1,3,'2024-02-25 17:57:35.970928'),(116,'Gia Lai',30000,'undefined',1,1,'2024-02-17 15:00:47.329881',4,1,2,'2024-02-17 15:01:09.575850'),(117,'Gia Lai',30000,'undefined',1,1,'2024-02-17 15:49:40.748770',4,1,2,'2024-02-25 20:14:28.648300'),(118,'Gia Lai',30000,'undefined',1,0,'2024-02-17 15:49:40.924375',4,1,2,'2024-02-17 15:49:40.929594'),(119,'Gia Lai',30000,'undefined',1,1,'2024-02-17 15:49:41.385853',4,1,2,'2024-02-25 18:06:50.958644'),(120,'Gia Lai',30000,'undefined',1,0,'2024-02-17 15:49:41.504452',4,1,2,'2024-02-17 15:49:41.509328'),(121,'Gia Lai',30000,'undefined',1,1,'2024-02-17 16:14:39.521586',4,1,2,'2024-02-25 18:04:11.305276'),(122,'Gia Lai',60000,'undefined',1,1,'2024-02-17 16:15:38.994573',4,2,3,'2024-02-25 18:03:52.283073'),(123,'Gia Lai',15000,'undefined',1,1,'2024-02-18 12:18:41.301303',4,1,1,'2024-02-18 12:19:19.011337'),(124,'Gia Lai',60000,'undefined',1,1,'2024-02-18 12:41:57.789893',4,1,3,'2024-02-18 12:43:22.220793'),(125,'Gia Lai',30000,'undefined',1,1,'2024-02-18 12:42:25.995309',4,3,2,'2024-02-18 12:44:54.763936'),(126,'Gia Lai',60000,'undefined',1,1,'2024-02-22 08:42:05.077579',4,1,3,'2024-02-25 18:03:44.821465'),(127,'Gia Lai',60000,'undefined',0,0,'2024-02-22 18:16:23.915955',4,2,3,'2024-02-22 18:16:23.922061'),(128,'Hồ Chí Minh',30000,'undefined',1,1,'2024-02-24 20:00:56.912219',2,1,2,'2024-02-25 18:03:38.793265');
/*!40000 ALTER TABLE `ecommerce_order` ENABLE KEYS */;
UNLOCK TABLES;

--
-- Table structure for table `ecommerce_orderdetail`
--

DROP TABLE IF EXISTS `ecommerce_orderdetail`;
/*!40101 SET @saved_cs_client     = @@character_set_client */;
/*!50503 SET character_set_client = utf8mb4 */;
CREATE TABLE `ecommerce_orderdetail` (
  `id` bigint NOT NULL AUTO_INCREMENT,
  `quantity` int NOT NULL,
  `order_id` bigint NOT NULL,
  `product_id` bigint NOT NULL,
  `status_review` tinyint(1) DEFAULT NULL,
  PRIMARY KEY (`id`),
  KEY `eCommerce_orderdetai_product_id_e68fc300_fk_eCommerce` (`product_id`),
  KEY `eCommerce_orderdetail_order_id_e11e535c_fk_eCommerce_order_id` (`order_id`),
  CONSTRAINT `eCommerce_orderdetai_product_id_e68fc300_fk_eCommerce` FOREIGN KEY (`product_id`) REFERENCES `ecommerce_product` (`id`),
  CONSTRAINT `eCommerce_orderdetail_order_id_e11e535c_fk_eCommerce_order_id` FOREIGN KEY (`order_id`) REFERENCES `ecommerce_order` (`id`)
) ENGINE=InnoDB AUTO_INCREMENT=141 DEFAULT CHARSET=utf8mb4 COLLATE=utf8mb4_unicode_ci;
/*!40101 SET character_set_client = @saved_cs_client */;

--
-- Dumping data for table `ecommerce_orderdetail`
--

LOCK TABLES `ecommerce_orderdetail` WRITE;
/*!40000 ALTER TABLE `ecommerce_orderdetail` DISABLE KEYS */;
INSERT INTO `ecommerce_orderdetail` VALUES (3,1,1,2,1),(4,10,1,78,0),(5,11,1,5,0),(6,12,2,7,1),(7,14,2,10,0),(8,10,2,1,1),(9,8,2,6,0),(10,15,3,78,0),(11,5,4,78,0),(12,20,5,78,0),(20,3,32,1,1),(21,2,32,2,0),(22,1,33,1,0),(23,5,33,2,0),(24,1,34,1,0),(25,3,34,3,0),(26,3,34,5,0),(27,2,34,10,0),(28,3,35,1,0),(29,2,35,2,0),(30,7,35,4,0),(31,3,36,1,0),(32,3,36,2,0),(33,99,37,3,0),(34,3,38,1,0),(35,3,39,7,0),(36,1,39,15,0),(37,3,40,8,0),(38,2,41,10,0),(39,4,42,10,0),(40,1,43,3,0),(41,1,43,4,0),(42,1,43,5,0),(43,1,43,10,0),(44,1,44,77,0),(45,1,44,78,0),(46,1,45,77,1),(47,1,45,78,1),(48,1,46,77,1),(49,1,46,78,1),(50,1,48,3,0),(51,2,48,4,0),(52,2,49,4,0),(53,1,49,3,0),(54,1,50,2,0),(55,1,51,7,1),(56,3,52,1,0),(57,1,53,6,0),(58,1,54,81,0),(59,1,54,82,0),(60,2,55,81,0),(61,1,56,82,0),(62,1,57,79,0),(63,1,57,81,0),(64,2,58,79,0),(65,2,58,81,0),(66,1,59,10,0),(106,2,96,7,0),(107,1,97,82,0),(108,1,98,7,0),(109,1,99,5,0),(110,1,100,5,0),(111,1,101,8,1),(112,1,102,1,0),(113,1,103,1,0),(114,1,104,1,0),(115,1,105,3,0),(116,1,106,81,1),(117,2,107,8,1),(118,1,108,10,1),(119,1,109,10,0),(120,1,110,8,1),(121,5,111,8,0),(122,1,112,2,0),(125,5,114,78,0),(126,1,115,77,0),(127,1,116,81,0),(128,1,117,1,0),(129,1,118,81,0),(130,1,119,1,0),(131,1,120,81,0),(132,3,121,1,0),(133,2,122,2,0),(134,2,123,82,0),(135,1,124,88,0),(136,2,124,89,0),(137,5,125,89,0),(138,2,126,1,0),(139,1,127,1,0),(140,151,128,5,0);
/*!40000 ALTER TABLE `ecommerce_orderdetail` ENABLE KEYS */;
UNLOCK TABLES;

--
-- Table structure for table `ecommerce_paymenttype`
--

DROP TABLE IF EXISTS `ecommerce_paymenttype`;
/*!40101 SET @saved_cs_client     = @@character_set_client */;
/*!50503 SET character_set_client = utf8mb4 */;
CREATE TABLE `ecommerce_paymenttype` (
  `id` bigint NOT NULL AUTO_INCREMENT,
  `name_paymentType` varchar(255) CHARACTER SET utf8mb4 COLLATE utf8mb4_unicode_ci NOT NULL,
  PRIMARY KEY (`id`)
) ENGINE=InnoDB AUTO_INCREMENT=4 DEFAULT CHARSET=utf8mb4 COLLATE=utf8mb4_unicode_ci;
/*!40101 SET character_set_client = @saved_cs_client */;

--
-- Dumping data for table `ecommerce_paymenttype`
--

LOCK TABLES `ecommerce_paymenttype` WRITE;
/*!40000 ALTER TABLE `ecommerce_paymenttype` DISABLE KEYS */;
INSERT INTO `ecommerce_paymenttype` VALUES (1,'Thanh toán khi nhận hàng'),(2,'Thanh toán VNPay'),(3,'Thanh toán PayPal');
/*!40000 ALTER TABLE `ecommerce_paymenttype` ENABLE KEYS */;
UNLOCK TABLES;

--
-- Table structure for table `ecommerce_product`
--

DROP TABLE IF EXISTS `ecommerce_product`;
/*!40101 SET @saved_cs_client     = @@character_set_client */;
/*!50503 SET character_set_client = utf8mb4 */;
CREATE TABLE `ecommerce_product` (
  `id` bigint NOT NULL AUTO_INCREMENT,
  `created_at` datetime(6) NOT NULL,
  `updated_at` datetime(6) NOT NULL,
  `name_product` varchar(255) CHARACTER SET utf8mb4 COLLATE utf8mb4_unicode_ci NOT NULL,
  `price` double NOT NULL,
  `description` longtext CHARACTER SET utf8mb4 COLLATE utf8mb4_unicode_ci NOT NULL,
  `status` tinyint(1) NOT NULL,
  `quantity` int NOT NULL,
  `store_id` bigint DEFAULT NULL,
  `category_id` bigint DEFAULT NULL,
  `tag` tinyint(1) DEFAULT NULL,
  `tag_end_date` datetime(6) DEFAULT NULL,
  `tag_start_date` datetime(6) DEFAULT NULL,
  PRIMARY KEY (`id`),
  KEY `eCommerce_product_category_id_eafc7935_fk_eCommerce_category_id` (`category_id`),
  KEY `eCommerce_product_store_id_efe33982_fk_eCommerce_store_id` (`store_id`),
  CONSTRAINT `eCommerce_product_category_id_eafc7935_fk_eCommerce_category_id` FOREIGN KEY (`category_id`) REFERENCES `ecommerce_category` (`id`),
  CONSTRAINT `eCommerce_product_store_id_efe33982_fk_eCommerce_store_id` FOREIGN KEY (`store_id`) REFERENCES `ecommerce_store` (`id`)
) ENGINE=InnoDB AUTO_INCREMENT=92 DEFAULT CHARSET=utf8mb4 COLLATE=utf8mb4_unicode_ci;
/*!40101 SET character_set_client = @saved_cs_client */;

--
-- Dumping data for table `ecommerce_product`
--

LOCK TABLES `ecommerce_product` WRITE;
/*!40000 ALTER TABLE `ecommerce_product` DISABLE KEYS */;
INSERT INTO `ecommerce_product` VALUES (1,'2023-12-24 16:38:18.540635','2024-02-24 09:41:59.629474','Điện thoại Apple iPhone 15 256GB',1200000,'Iphone 15 này xịn lắm',1,90,1,1,0,NULL,NULL),(2,'2023-12-24 16:38:36.506064','2024-02-17 16:15:39.080812','Máy tính xách tay Apple MacBook Air (2020) M1 Chip',1500000,'Mua máy tính đi',1,94,1,5,0,NULL,NULL),(3,'2023-12-24 16:39:18.647389','2024-01-29 16:08:37.779823','Áo thun DirtyCoins Retro T-Shirt',250000,'Mua áo thun đi',1,141,1,1,0,NULL,NULL),(4,'2023-12-24 16:39:35.667831','2024-02-25 17:59:15.570437','Bộ Quần Áo Cầu Lông Thể Thao Li-Ning AATT020-03',124000,'Mua ao cau long',1,989,6,2,0,NULL,NULL),(5,'2023-12-24 16:39:57.668545','2024-02-24 20:00:57.012234','Áo Thun Levents Dinosaur/ Black',350000,'Mua levents de',1,99,1,2,1,'2024-02-28 12:36:00.000000','2024-02-20 12:36:08.000000'),(6,'2023-12-24 16:40:13.828457','2024-01-27 07:34:46.282421','Áo Thun Levents Popular Logo 2.0/ Green',450000,'Mua nhanh chứ hết',1,121,1,2,0,NULL,NULL),(7,'2023-12-24 16:40:30.609205','2024-02-25 18:07:20.273302','Áo Hoodie Levents Classic/ Black',590000,'Mua hoodie đi',1,55,1,2,1,'2024-02-28 11:07:00.000000','2024-02-25 11:07:10.000000'),(8,'2023-12-24 16:40:48.260564','2024-02-21 09:01:41.345614','Giày cầu lông Yonex 65Z3',999000,'Mua giày lẹ di ha',1,585,6,3,1,'2024-02-28 02:01:00.000000','2024-02-21 02:01:26.000000'),(10,'2024-01-08 07:26:36.210845','2024-02-22 08:42:34.479154','Vợt cầu lông Lining Axforce Cannon',999000,'Vợt cầu lông nè mua di',1,106,6,6,1,'2024-02-24 01:42:00.000000','2024-02-22 01:42:26.000000'),(15,'2024-01-13 14:40:04.421605','2024-02-21 08:04:04.813697','Áo Ecommerce',999999,'Mua đi',1,0,6,2,0,NULL,NULL),(77,'2024-01-16 02:41:26.892597','2024-02-21 08:55:47.062011','Ao thunnnss',111,'mua di sss',1,5,6,2,0,NULL,NULL),(78,'2024-01-16 02:43:32.256785','2024-02-15 17:46:24.944641','Quann dui1111222',250000,'mua quan di may e111222',1,1711,8,6,0,NULL,NULL),(79,'2024-01-23 10:55:59.491619','2024-02-21 09:02:36.500449','dfgdfg',111,'dfgdfg',1,10000,6,4,0,NULL,NULL),(80,'2024-01-26 19:28:03.484306','2024-02-25 20:02:22.018338','con meo meo meo meo',987000,'mua di ma',1,55,1,6,0,NULL,NULL),(81,'2024-01-26 20:27:34.985923','2024-02-17 15:49:41.556123','sp1',100000,'hahaha',1,2211,20,6,0,NULL,NULL),(82,'2024-01-26 20:28:19.096885','2024-02-18 12:18:41.383109','sp2',200000,'kkkkk',1,1105,20,5,0,NULL,NULL),(83,'2024-01-27 11:22:00.352125','2024-01-27 11:22:00.361098','ghfh',1111,'fgfg',0,1121,8,6,0,NULL,NULL),(85,'2024-02-04 17:21:14.796184','2024-02-04 17:21:14.804309','hhhhh1111',11,'1f12f',0,11,26,6,0,NULL,NULL),(86,'2024-02-04 17:22:50.320560','2024-02-04 17:22:50.354050','g123',1,'ggg',0,1,25,4,0,NULL,NULL),(88,'2024-02-18 12:40:29.448193','2024-02-18 12:41:57.852530','user81 product1',123,'hhh',1,122,28,5,0,NULL,NULL),(89,'2024-02-18 12:41:02.224952','2024-02-18 12:42:26.051906','user81 product2',55555,'hhhh',1,48,28,4,0,NULL,NULL),(90,'2024-02-21 08:05:57.446853','2024-02-25 20:12:12.237475','Ao EMMMMM',145000,'mua le nha',1,100,6,2,0,NULL,NULL),(91,'2024-02-22 10:10:58.473268','2024-02-22 10:10:58.487316','product test',111222,'mua',0,123,20,6,0,NULL,NULL);
/*!40000 ALTER TABLE `ecommerce_product` ENABLE KEYS */;
UNLOCK TABLES;

--
-- Table structure for table `ecommerce_shippingtype`
--

DROP TABLE IF EXISTS `ecommerce_shippingtype`;
/*!40101 SET @saved_cs_client     = @@character_set_client */;
/*!50503 SET character_set_client = utf8mb4 */;
CREATE TABLE `ecommerce_shippingtype` (
  `id` bigint NOT NULL AUTO_INCREMENT,
  `name_shippingType` varchar(255) CHARACTER SET utf8mb4 COLLATE utf8mb4_unicode_ci NOT NULL,
  `price_shippingType` double NOT NULL,
  PRIMARY KEY (`id`)
) ENGINE=InnoDB AUTO_INCREMENT=4 DEFAULT CHARSET=utf8mb4 COLLATE=utf8mb4_unicode_ci;
/*!40101 SET character_set_client = @saved_cs_client */;

--
-- Dumping data for table `ecommerce_shippingtype`
--

LOCK TABLES `ecommerce_shippingtype` WRITE;
/*!40000 ALTER TABLE `ecommerce_shippingtype` DISABLE KEYS */;
INSERT INTO `ecommerce_shippingtype` VALUES (1,'Tiết kiệm',15000),(2,'Nhanh',30000),(3,'Hỏa tốc',60000);
/*!40000 ALTER TABLE `ecommerce_shippingtype` ENABLE KEYS */;
UNLOCK TABLES;

--
-- Table structure for table `ecommerce_store`
--

DROP TABLE IF EXISTS `ecommerce_store`;
/*!40101 SET @saved_cs_client     = @@character_set_client */;
/*!50503 SET character_set_client = utf8mb4 */;
CREATE TABLE `ecommerce_store` (
  `id` bigint NOT NULL AUTO_INCREMENT,
  `created_at` datetime(6) NOT NULL,
  `updated_at` datetime(6) NOT NULL,
  `name_store` varchar(255) CHARACTER SET utf8mb4 COLLATE utf8mb4_unicode_ci NOT NULL,
  `address` varchar(500) CHARACTER SET utf8mb4 COLLATE utf8mb4_unicode_ci NOT NULL,
  `active` tinyint(1) NOT NULL,
  `account_id` bigint DEFAULT NULL,
  `avt` varchar(255) CHARACTER SET utf8mb4 COLLATE utf8mb4_unicode_ci DEFAULT NULL,
  PRIMARY KEY (`id`),
  KEY `eCommerce_store_account_id_a6bf2f2e_fk_eCommerce_account_id` (`account_id`),
  CONSTRAINT `eCommerce_store_account_id_a6bf2f2e_fk_eCommerce_account_id` FOREIGN KEY (`account_id`) REFERENCES `ecommerce_account` (`id`)
) ENGINE=InnoDB AUTO_INCREMENT=29 DEFAULT CHARSET=utf8mb4 COLLATE=utf8mb4_unicode_ci;
/*!40101 SET character_set_client = @saved_cs_client */;

--
-- Dumping data for table `ecommerce_store`
--

LOCK TABLES `ecommerce_store` WRITE;
/*!40000 ALTER TABLE `ecommerce_store` DISABLE KEYS */;
INSERT INTO `ecommerce_store` VALUES (1,'2023-12-24 16:36:51.574282','2024-02-25 19:05:59.485262','KhachHangStore','Tổ dân phố 8 Thị trấn Phú Túc, Krông Pa, Gia Lai',1,2,'image/upload/v1704687733/tharuqx08r9upuxvuu2v.png'),(6,'2024-01-08 04:22:36.509627','2024-01-08 04:22:36.509627','HoangStore','635 Phan Văn Trị, HCM',1,4,'image/upload/v1704687756/kwyu7l3jsglrdxrnfhwa.png'),(8,'2024-01-13 12:51:00.481347','2024-01-17 07:00:41.531696','Hoangnehahah','100 Phan Huy Ích, Hồ Chí Minh',1,48,'image/upload/v1705150263/lrle6pq7st2edf0kvur5.jpg'),(11,'2024-01-18 06:41:37.584439','2024-01-18 06:41:37.584439','Storehoang123','Gia laiiiiiiii',1,5,'image/upload/v1705560101/azwawgpw6wpxjt5lgo16.jpg'),(19,'2024-01-23 10:46:33.076068','2024-01-23 10:46:33.076068','dfgfdg','dfgdfg',1,7,'image/upload/v1706006795/rc4ch4ge1hpzo3hclwr9.jpg'),(20,'2024-01-26 20:26:44.264073','2024-01-26 20:26:44.264073','ThanhStore','ho chi minhhh',1,14,'image/upload/v1706300805/ubkmlqdoy83scjmpbgl7.jpg'),(25,'2024-02-04 16:12:02.225552','2024-02-04 16:12:02.225552','rtert','trtret',1,50,'image/upload/v1707063125/xa632khzmrw0jnvyroyl.jpg'),(26,'2024-02-04 16:12:49.970916','2024-02-04 16:12:49.970916','thuyenStore','hcmmm',1,3,'image/upload/v1707063171/zcnb53zsdo4j09qqo1p2.jpg'),(28,'2024-02-16 09:49:04.510422','2024-02-25 19:39:13.776548','store81','hcm',0,52,'image/upload/v1708886797/bssc6iau8t5cx5acpgcx.png');
/*!40000 ALTER TABLE `ecommerce_store` ENABLE KEYS */;
UNLOCK TABLES;

--
-- Table structure for table `ecommerce_userrole`
--

DROP TABLE IF EXISTS `ecommerce_userrole`;
/*!40101 SET @saved_cs_client     = @@character_set_client */;
/*!50503 SET character_set_client = utf8mb4 */;
CREATE TABLE `ecommerce_userrole` (
  `id` bigint NOT NULL AUTO_INCREMENT,
  `name_role` varchar(255) CHARACTER SET utf8mb4 COLLATE utf8mb4_unicode_ci NOT NULL,
  PRIMARY KEY (`id`)
) ENGINE=InnoDB AUTO_INCREMENT=4 DEFAULT CHARSET=utf8mb4 COLLATE=utf8mb4_unicode_ci;
/*!40101 SET character_set_client = @saved_cs_client */;

--
-- Dumping data for table `ecommerce_userrole`
--

LOCK TABLES `ecommerce_userrole` WRITE;
/*!40000 ALTER TABLE `ecommerce_userrole` DISABLE KEYS */;
INSERT INTO `ecommerce_userrole` VALUES (1,'Admin'),(2,'Cửa hàng'),(3,'Khách hàng');
/*!40000 ALTER TABLE `ecommerce_userrole` ENABLE KEYS */;
UNLOCK TABLES;

--
-- Table structure for table `oauth2_provider_accesstoken`
--

DROP TABLE IF EXISTS `oauth2_provider_accesstoken`;
/*!40101 SET @saved_cs_client     = @@character_set_client */;
/*!50503 SET character_set_client = utf8mb4 */;
CREATE TABLE `oauth2_provider_accesstoken` (
  `id` bigint NOT NULL AUTO_INCREMENT,
  `token` varchar(255) CHARACTER SET utf8mb4 COLLATE utf8mb4_unicode_ci NOT NULL,
  `expires` datetime(6) NOT NULL,
  `scope` longtext CHARACTER SET utf8mb4 COLLATE utf8mb4_unicode_ci NOT NULL,
  `application_id` bigint DEFAULT NULL,
  `user_id` bigint DEFAULT NULL,
  `created` datetime(6) NOT NULL,
  `updated` datetime(6) NOT NULL,
  `source_refresh_token_id` bigint DEFAULT NULL,
  `id_token_id` bigint DEFAULT NULL,
  PRIMARY KEY (`id`),
  UNIQUE KEY `token` (`token`),
  UNIQUE KEY `source_refresh_token_id` (`source_refresh_token_id`),
  UNIQUE KEY `id_token_id` (`id_token_id`),
  KEY `oauth2_provider_acce_application_id_b22886e1_fk_oauth2_pr` (`application_id`),
  KEY `oauth2_provider_acce_user_id_6e4c9a65_fk_eCommerce` (`user_id`),
  CONSTRAINT `oauth2_provider_acce_application_id_b22886e1_fk_oauth2_pr` FOREIGN KEY (`application_id`) REFERENCES `oauth2_provider_application` (`id`),
  CONSTRAINT `oauth2_provider_acce_id_token_id_85db651b_fk_oauth2_pr` FOREIGN KEY (`id_token_id`) REFERENCES `oauth2_provider_idtoken` (`id`),
  CONSTRAINT `oauth2_provider_acce_source_refresh_token_e66fbc72_fk_oauth2_pr` FOREIGN KEY (`source_refresh_token_id`) REFERENCES `oauth2_provider_refreshtoken` (`id`),
  CONSTRAINT `oauth2_provider_acce_user_id_6e4c9a65_fk_eCommerce` FOREIGN KEY (`user_id`) REFERENCES `ecommerce_account` (`id`)
) ENGINE=InnoDB AUTO_INCREMENT=1542 DEFAULT CHARSET=utf8mb4 COLLATE=utf8mb4_unicode_ci;
/*!40101 SET character_set_client = @saved_cs_client */;

--
-- Dumping data for table `oauth2_provider_accesstoken`
--

LOCK TABLES `oauth2_provider_accesstoken` WRITE;
/*!40000 ALTER TABLE `oauth2_provider_accesstoken` DISABLE KEYS */;
INSERT INTO `oauth2_provider_accesstoken` VALUES (13,'vk5BeEwLjYUXp27kuvShPE4vGBUGBw','2023-12-26 20:33:09.588319','read write',3,3,'2023-12-26 10:33:09.589355','2023-12-26 10:33:09.589355',NULL,NULL),(14,'m5MjmcAmbIR1MxOFOrGI1vz9I9hANd','2023-12-26 20:33:44.579574','read write',3,4,'2023-12-26 10:33:44.580555','2023-12-26 10:33:44.580555',NULL,NULL),(15,'MbNuBS0fMYjbLSfyoZ4zxNOBwsmHpm','2023-12-26 20:38:46.545106','read write',3,4,'2023-12-26 10:38:46.550602','2023-12-26 10:38:46.550602',NULL,NULL),(16,'K2hxTxaoMjd4y08L6020tjuYVN4PXC','2023-12-26 20:46:14.538989','read write',3,4,'2023-12-26 10:46:14.540018','2023-12-26 10:46:14.540018',NULL,NULL),(17,'NMb2GKs9xFPOcuo0qg0kENFE93JVmt','2023-12-26 20:51:01.072697','read write',3,4,'2023-12-26 10:51:01.073691','2023-12-26 10:51:01.073691',NULL,NULL),(18,'odGgn9IpMIIpNgbFwjqOZyp6hBuDOZ','2023-12-26 20:51:41.737342','read write',3,3,'2023-12-26 10:51:41.737342','2023-12-26 10:51:41.737342',NULL,NULL),(19,'Usj6o0vdAx0m2ZBwRd7ZwjZyVkkWMB','2023-12-26 20:52:11.433395','read write',3,3,'2023-12-26 10:52:11.433395','2023-12-26 10:52:11.433395',NULL,NULL),(20,'TlWEjnpSDJcLnnD7RbeNdU7DHpK08s','2023-12-26 20:53:55.432629','read write',3,4,'2023-12-26 10:53:55.433628','2023-12-26 10:53:55.433628',NULL,NULL),(21,'1B1zUFoGTJxY7IeM8hwvRt1qlKLXz3','2023-12-26 20:57:53.004716','read write',3,4,'2023-12-26 10:57:53.004716','2023-12-26 10:57:53.004716',NULL,NULL),(22,'KWewBBttCu9Gtu1M9TFy53x63ZcYob','2023-12-27 01:42:25.607376','read write',3,4,'2023-12-26 15:42:25.648336','2023-12-26 15:42:25.648336',NULL,NULL),(23,'nF5oLrBonRjgneabd3e2FZpoXF6Toy','2023-12-27 01:43:26.616802','read write',3,3,'2023-12-26 15:43:26.618309','2023-12-26 15:43:26.618309',NULL,NULL),(24,'ye5JMWTTy9f24NGS3yobPcmQR9fCbS','2023-12-27 01:49:40.686966','read write',3,3,'2023-12-26 15:49:40.686966','2023-12-26 15:49:40.686966',NULL,NULL),(25,'R6ViFziLoubJ54ucR5NLQv3rQ1JBqu','2023-12-27 02:13:26.749431','read write',3,4,'2023-12-26 16:13:26.749431','2023-12-26 16:13:26.749431',NULL,NULL),(26,'DR9TpGtJVzEzBBpxCpd8YRYM49z38Z','2023-12-27 02:17:12.606101','read write',3,3,'2023-12-26 16:17:12.610190','2023-12-26 16:17:12.610190',NULL,NULL),(27,'ISoMRPjy2jhhAxQBhaW33ZM4a3oGWO','2023-12-27 02:18:11.860070','read write',3,3,'2023-12-26 16:18:11.861089','2023-12-26 16:18:11.861089',NULL,NULL),(28,'2UTnOwy4L7GlhYeboEzM7lXggZU4lp','2023-12-27 02:19:55.058292','read write',3,3,'2023-12-26 16:19:55.058292','2023-12-26 16:19:55.058292',NULL,NULL),(29,'b64cmeJTvqLQQZzPecS8nJudidYRgO','2023-12-27 02:22:15.844851','read write',3,3,'2023-12-26 16:22:15.845848','2023-12-26 16:22:15.845848',NULL,NULL),(30,'h5ZRIubhRlFSuepOBDIe3cG5gz5hpK','2023-12-27 02:22:44.395760','read write',3,3,'2023-12-26 16:22:44.395760','2023-12-26 16:22:44.395760',NULL,NULL),(31,'b54SxkuhPJzZIDJPHo7IBHJ1ud4y1D','2023-12-27 02:23:06.458001','read write',3,4,'2023-12-26 16:23:06.458973','2023-12-26 16:23:06.458973',NULL,NULL),(32,'HQRkGaMJmvpFswb5pov6YaN5lE9N8n','2023-12-27 02:23:47.936159','read write',3,4,'2023-12-26 16:23:47.937141','2023-12-26 16:23:47.937141',NULL,NULL),(33,'SiEpdRnjJnDhENJC7EdBHRlJi9NrKn','2023-12-27 02:24:37.159213','read write',3,3,'2023-12-26 16:24:37.159213','2023-12-26 16:24:37.159213',NULL,NULL),(34,'booR56UmuZZm8YM2UbEv4LSJGKdJHI','2023-12-27 02:24:43.213305','read write',3,3,'2023-12-26 16:24:43.214402','2023-12-26 16:24:43.214402',NULL,NULL),(35,'WRCACr7mTE1hsfxsMjZuTH9E7bKM6z','2023-12-27 02:25:06.402978','read write',3,3,'2023-12-26 16:25:06.403980','2023-12-26 16:25:06.403980',NULL,NULL),(36,'cLk86dxV5TzXUgxaLz5LszgAampSZX','2023-12-27 02:25:26.430325','read write',3,3,'2023-12-26 16:25:26.431337','2023-12-26 16:25:26.431337',NULL,NULL),(37,'M9J2HTcOf8gMN9A0lmIiTQDufTt9kf','2023-12-27 02:28:01.370122','read write',3,3,'2023-12-26 16:28:01.371151','2023-12-26 16:28:01.371151',NULL,NULL),(38,'LCESFr6RLTT1M3s9gln1YCFDU75Yfq','2023-12-27 02:29:35.717430','read write',3,5,'2023-12-26 16:29:35.717430','2023-12-26 16:29:35.717430',NULL,NULL),(39,'ntvqHUMXWS1lUnIP5eCKS04gnlM1FL','2023-12-27 02:43:59.264938','read write',3,1,'2023-12-26 16:43:59.267969','2023-12-26 16:43:59.267969',NULL,NULL),(40,'InqN3fSfD46eVfcVRf1BQg0pqs569l','2023-12-27 02:44:57.477984','read write',3,4,'2023-12-26 16:44:57.477984','2023-12-26 16:44:57.477984',NULL,NULL),(41,'9gmgPagKdUEPgyOUmxsA1BUAcNe236','2023-12-27 02:47:19.774950','read write',3,4,'2023-12-26 16:47:19.778049','2023-12-26 16:47:19.778049',NULL,NULL),(42,'jyhYNpQ4HT2TgAlx6cOB96NFlKHDjx','2023-12-27 03:17:38.378472','read write',3,4,'2023-12-26 17:17:38.388558','2023-12-26 17:17:38.388558',NULL,NULL),(43,'LcITNmo2OcHf8yfwIR6zQIu7BoZN31','2023-12-27 03:19:57.894045','read write',3,4,'2023-12-26 17:19:57.894045','2023-12-26 17:19:57.894045',NULL,NULL),(44,'HMAvX0nhdbLbcy1ohUn3CD58BTRwbV','2023-12-27 03:21:41.858118','read write',3,4,'2023-12-26 17:21:41.858118','2023-12-26 17:21:41.858118',NULL,NULL),(45,'A1vAw3RMjIQ6pdwvllWNxU9IYMiELk','2023-12-27 03:35:55.666946','read write',3,4,'2023-12-26 17:35:55.671381','2023-12-26 17:35:55.671381',NULL,NULL),(46,'UmQBFdzDUDZ4znlpPa7x0VTG6pfIyp','2023-12-27 03:43:16.556989','read write',3,4,'2023-12-26 17:43:16.559920','2023-12-26 17:43:16.559920',NULL,NULL),(47,'vGvRAfOYqJ44aeiqpxRMzExyy25JuP','2023-12-27 03:43:37.671365','read write',3,4,'2023-12-26 17:43:37.671909','2023-12-26 17:43:37.671909',NULL,NULL),(48,'wP9LnOxKFRpg48ypRjSdLyFGtTOeEe','2023-12-27 04:11:18.499081','read write',3,4,'2023-12-26 18:11:18.507345','2023-12-26 18:11:18.507345',NULL,NULL),(49,'OEsosyShAFYH0uvsaPPVEvEEs0rTwX','2023-12-27 04:12:53.563197','read write',3,4,'2023-12-26 18:12:53.563197','2023-12-26 18:12:53.563197',NULL,NULL),(50,'WwppRjLHn1cYWU3aJFqCHgS8RLgRRA','2023-12-27 04:15:37.355243','read write',3,4,'2023-12-26 18:15:37.355243','2023-12-26 18:15:37.355243',NULL,NULL),(51,'ovipcM7OJ6kKfSOWe78oTLvkFwlhjv','2023-12-27 04:17:32.500063','read write',3,4,'2023-12-26 18:17:32.501068','2023-12-26 18:17:32.501068',NULL,NULL),(52,'NMkdg6WKuhbazZueH7Bgo49Q9nKRUH','2023-12-27 04:17:57.366433','read write',3,4,'2023-12-26 18:17:57.366433','2023-12-26 18:17:57.366433',NULL,NULL),(53,'wI5Jf7XhZXyl9AjNaaq1QZ0M2M0mjA','2023-12-27 04:23:54.789690','read write',3,4,'2023-12-26 18:23:54.794237','2023-12-26 18:23:54.794237',NULL,NULL),(54,'d7n93149puw1YAHBh1a9AxNi6iKatk','2023-12-27 04:25:22.073458','read write',3,4,'2023-12-26 18:25:22.073458','2023-12-26 18:25:22.073458',NULL,NULL),(55,'jdfg1d30HRP16BzJDrBSoWQNpMR00S','2023-12-27 04:26:00.733549','read write',3,4,'2023-12-26 18:26:00.733549','2023-12-26 18:26:00.733549',NULL,NULL),(56,'M93XfSxNUV3LWMFCfZU4PSo5GEWDwg','2023-12-27 04:26:40.191916','read write',3,4,'2023-12-26 18:26:40.191916','2023-12-26 18:26:40.191916',NULL,NULL),(57,'0UzUiKHSvUhZzmfare8jc3O6w8o4BC','2023-12-27 04:28:40.192940','read write',3,4,'2023-12-26 18:28:40.193920','2023-12-26 18:28:40.193920',NULL,NULL),(58,'AO5TIiK4YF07EdTPDptzNkbpOUZjvr','2023-12-27 04:39:22.096304','read write',3,4,'2023-12-26 18:39:22.101912','2023-12-26 18:39:22.101912',NULL,NULL),(59,'W3Psa1qPKa0W28YXV2EAFaZ6CGYxXz','2023-12-27 04:48:47.267765','read write',3,4,'2023-12-26 18:48:47.271278','2023-12-26 18:48:47.271278',NULL,NULL),(60,'r1PTwi33eke2VhCLyCAxQl4VLaVs4J','2023-12-27 04:49:24.967123','read write',3,4,'2023-12-26 18:49:24.967123','2023-12-26 18:49:24.967123',NULL,NULL),(61,'gPgnw2bSaJxgQMOz7lXCqkniHxRLyC','2023-12-27 04:49:55.575922','read write',3,4,'2023-12-26 18:49:55.576936','2023-12-26 18:49:55.576936',NULL,NULL),(62,'idtsifSOFpXAJrrrRKefMxBOXpsb66','2023-12-27 04:52:58.659828','read write',3,4,'2023-12-26 18:52:58.663026','2023-12-26 18:52:58.663026',NULL,NULL),(63,'jtXSPxQWD9dUJnS40inYG9pZ5L4Kqe','2023-12-27 05:16:17.612106','read write',3,4,'2023-12-26 19:16:17.618333','2023-12-26 19:16:17.618333',NULL,NULL),(64,'nycWD45W2VPDH5yCdGNFNivUwlmdej','2023-12-27 05:17:47.220407','read write',3,4,'2023-12-26 19:17:47.220407','2023-12-26 19:17:47.220407',NULL,NULL),(65,'VKStJf6GfssjYRh6zGbnsvWZ1RINgy','2023-12-27 05:22:26.167140','read write',3,4,'2023-12-26 19:22:26.168143','2023-12-26 19:22:26.168143',NULL,NULL),(66,'Dde2lYVCoZacY5e2IzUYSR81waPscd','2023-12-27 05:25:57.738009','read write',3,4,'2023-12-26 19:25:57.738986','2023-12-26 19:25:57.738986',NULL,NULL),(67,'W52QCZqOZXmmktsV56McTXrGN86jgZ','2023-12-27 05:27:17.968164','read write',3,4,'2023-12-26 19:27:17.968164','2023-12-26 19:27:17.968164',NULL,NULL),(68,'TE958OjLrofdfQVbqHtDfLH2YHtyuM','2023-12-27 05:27:56.523262','read write',3,4,'2023-12-26 19:27:56.523262','2023-12-26 19:27:56.523262',NULL,NULL),(69,'MiVrIHgF8XTevsF651OIz53OQnb4YR','2023-12-27 05:31:40.769299','read write',3,4,'2023-12-26 19:31:40.770278','2023-12-26 19:31:40.770278',NULL,NULL),(70,'16th4BlWJPGadlHdjm1oYN2I3p034H','2023-12-27 05:32:51.077449','read write',3,4,'2023-12-26 19:32:51.078427','2023-12-26 19:32:51.078427',NULL,NULL),(71,'H8A0aepzH0CzeWfREBZPmJVfDwLqe3','2023-12-27 05:45:51.024578','read write',3,4,'2023-12-26 19:45:51.032020','2023-12-26 19:45:51.032020',NULL,NULL),(72,'a0M4SzeXs55wVAg8QOMnHn6ZHCiwD7','2023-12-27 05:46:45.318781','read write',3,4,'2023-12-26 19:46:45.319759','2023-12-26 19:46:45.319759',NULL,NULL),(73,'VgsDgEyerSA6rp2A8k4Q7f5lBvseaE','2023-12-27 05:49:52.378036','read write',3,4,'2023-12-26 19:49:52.379062','2023-12-26 19:49:52.380104',NULL,NULL),(74,'WUVqMteRW7o3kUEgrpeFY3FAKrfnLm','2023-12-27 05:57:05.815246','read write',3,4,'2023-12-26 19:57:05.822219','2023-12-26 19:57:05.822219',NULL,NULL),(75,'0batxdqG34sAYqXwKTRnS2TF4t8QlK','2023-12-27 12:40:36.319950','read write',3,4,'2023-12-27 02:40:36.342499','2023-12-27 02:40:36.342499',NULL,NULL),(76,'6FL2aZqqJf0TDUuk03sPT971ARvrHE','2023-12-27 12:41:02.160064','read write',3,4,'2023-12-27 02:41:02.160575','2023-12-27 02:41:02.160575',NULL,NULL),(77,'QHLT2gB2sCfO9fzZDoNkztQleYVhpm','2023-12-27 12:41:47.207869','read write',3,3,'2023-12-27 02:41:47.207869','2023-12-27 02:41:47.207869',NULL,NULL),(78,'LscuoNJuExRKM00NcZZnMQZ2Q2ZS0T','2023-12-27 12:44:22.613591','read write',3,3,'2023-12-27 02:44:22.613591','2023-12-27 02:44:22.613591',NULL,NULL),(79,'D0lbT5ehyXfXpE4SrjgZ2ZkQJZfXiK','2023-12-27 12:44:44.867410','read write',3,4,'2023-12-27 02:44:44.867410','2023-12-27 02:44:44.867410',NULL,NULL),(80,'My8FajTsBpdZQJ6lOGV1tyeD5gmTWO','2023-12-27 12:45:37.336280','read write',3,4,'2023-12-27 02:45:37.337541','2023-12-27 02:45:37.337541',NULL,NULL),(81,'b6Frz5em9HZUSWau86rioLfquvJXLV','2023-12-27 12:46:57.295053','read write',3,4,'2023-12-27 02:46:57.295053','2023-12-27 02:46:57.295053',NULL,NULL),(82,'9lUlqfMRGOfn2R7wDkFfdrbXY0PmnK','2023-12-27 12:47:32.305804','read write',3,4,'2023-12-27 02:47:32.305804','2023-12-27 02:47:32.305804',NULL,NULL),(83,'NdYbh3tNzIKTK9CQkwyY3HIIiqXGmz','2023-12-27 12:49:04.158341','read write',3,4,'2023-12-27 02:49:04.163465','2023-12-27 02:49:04.163465',NULL,NULL),(84,'13nxw90NyUM2kizOsnqtUvZ3ayZij3','2023-12-27 12:56:30.553879','read write',3,4,'2023-12-27 02:56:30.554951','2023-12-27 02:56:30.554951',NULL,NULL),(85,'WHzU5xISepvUcj32qvfzDc68sPovIJ','2023-12-27 13:01:31.299054','read write',3,4,'2023-12-27 03:01:31.300066','2023-12-27 03:01:31.300066',NULL,NULL),(86,'5vvN0fHSN8nytG9WqH6OzHqqbKGgaC','2023-12-27 13:07:12.625530','read write',3,4,'2023-12-27 03:07:12.626509','2023-12-27 03:07:12.626509',NULL,NULL),(87,'7LoQr36Fni58jpCNPa2dwfhfkdv0sq','2023-12-27 13:22:39.646012','read write',3,4,'2023-12-27 03:22:39.648508','2023-12-27 03:22:39.648508',NULL,NULL),(88,'djy7dUhONhdAqcwIbhjwPBLL9fOTjd','2023-12-27 13:24:21.020494','read write',3,4,'2023-12-27 03:24:21.021810','2023-12-27 03:24:21.021810',NULL,NULL),(89,'tyQBNBLwqRwzSCG8pzRm3hiD2t9oBO','2023-12-27 13:25:54.364658','read write',3,4,'2023-12-27 03:25:54.366653','2023-12-27 03:25:54.366653',NULL,NULL),(90,'5sTwzbMB1na9I0YQ2G3CXqd8cwpAnN','2023-12-27 13:30:36.800661','read write',3,4,'2023-12-27 03:30:36.800661','2023-12-27 03:30:36.800661',NULL,NULL),(91,'URZLEm7847QIqXDNqo21CeZxTfnBEu','2023-12-27 13:35:01.520803','read write',3,4,'2023-12-27 03:35:01.521856','2023-12-27 03:35:01.521856',NULL,NULL),(92,'EModmTzuwG5XrUC7lgaFs8nlKo66xa','2023-12-27 13:41:53.860649','read write',3,4,'2023-12-27 03:41:53.864859','2023-12-27 03:41:53.864859',NULL,NULL),(93,'fhhLKQtGxpEr1wIqrxARD0p3ALm96T','2023-12-27 13:42:51.215636','read write',3,4,'2023-12-27 03:42:51.216632','2023-12-27 03:42:51.216632',NULL,NULL),(94,'bWDcb77lKKwaBwG1pDFzeXa5UtDqEP','2023-12-27 13:43:18.477570','read write',3,4,'2023-12-27 03:43:18.477570','2023-12-27 03:43:18.477570',NULL,NULL),(95,'Y6uQW3tOk6ncN0RBIguLoY7kzPCXpv','2023-12-27 14:07:33.559785','read write',3,4,'2023-12-27 04:07:33.562888','2023-12-27 04:07:33.562888',NULL,NULL),(96,'XE6hDcwFzExpUkXY8ZOFeAhY09C3vW','2023-12-27 14:07:48.982879','read write',3,4,'2023-12-27 04:07:48.982879','2023-12-27 04:07:48.982879',NULL,NULL),(97,'UptFAnBiTqW4XUkeAlWZ7r5HL3CM4m','2023-12-27 14:21:49.560791','read write',3,4,'2023-12-27 04:21:49.566719','2023-12-27 04:21:49.566719',NULL,NULL),(98,'3XZZA63i7BDUOovWomxpBX8HJnKKmF','2023-12-27 14:22:08.912614','read write',3,4,'2023-12-27 04:22:08.912614','2023-12-27 04:22:08.912614',NULL,NULL),(99,'HCRoSzX4Q8BLac1xDO5btwXJ5Y4qce','2023-12-27 14:56:53.211897','read write',3,4,'2023-12-27 04:56:53.217760','2023-12-27 04:56:53.217760',NULL,NULL),(100,'GMCaCSGWmYrpCMVDn4izH9VXidRzrw','2023-12-27 14:57:47.486489','read write',3,4,'2023-12-27 04:57:47.487519','2023-12-27 04:57:47.487519',NULL,NULL),(101,'xnANsL1EJCvPBMk2UDpAWwvsLxdNiN','2023-12-27 14:59:35.383383','read write',3,4,'2023-12-27 04:59:35.384509','2023-12-27 04:59:35.384509',NULL,NULL),(102,'WsYgZrMGdIbR664jXZMgEO0YsCxk0J','2023-12-27 15:00:30.290656','read write',3,3,'2023-12-27 05:00:30.290656','2023-12-27 05:00:30.290656',NULL,NULL),(103,'wogJ0IbmrR43kdEAcBe8UvdomhWeZB','2023-12-27 15:00:38.967133','read write',3,4,'2023-12-27 05:00:38.967133','2023-12-27 05:00:38.967133',NULL,NULL),(104,'vvYaGGHPZP2onuEh1RYFJaI5bfur6j','2023-12-27 15:01:03.966418','read write',3,4,'2023-12-27 05:01:03.966418','2023-12-27 05:01:03.966418',NULL,NULL),(105,'nqOXWZWylhYPq0urPFBcp1QQeQrIuO','2023-12-27 16:33:46.300999','read write',3,4,'2023-12-27 06:33:46.302075','2023-12-27 06:33:46.302075',NULL,NULL),(106,'VhPaLvvPFkNffXmuEqAYGeDCdm6dEh','2023-12-27 16:36:18.825875','read write',3,4,'2023-12-27 06:36:18.828896','2023-12-27 06:36:18.828896',NULL,NULL),(107,'V9bBVAp9lPJJE7JtLhJTjJbHfamJ1K','2023-12-27 16:38:00.910930','read write',3,3,'2023-12-27 06:38:00.911972','2023-12-27 06:38:00.911972',NULL,NULL),(108,'WiJYuXdK6e4cbqX6ReiC2CHpqxs4y2','2023-12-27 16:39:37.230734','read write',3,4,'2023-12-27 06:39:37.231709','2023-12-27 06:39:37.231709',NULL,NULL),(109,'8sb9Uc64YP7mQFzAdy7SkhCmj6ved2','2023-12-27 16:44:48.833812','read write',3,4,'2023-12-27 06:44:48.834783','2023-12-27 06:44:48.834783',NULL,NULL),(110,'rfMIeaBgGpXkTA9Bfv1Ijsaq3EBeOY','2023-12-27 16:46:19.199099','read write',3,4,'2023-12-27 06:46:19.199099','2023-12-27 06:46:19.200270',NULL,NULL),(111,'d8LHPcwkoYWxxdTNZ6kHwObFjaYmKy','2023-12-27 16:46:34.333238','read write',3,4,'2023-12-27 06:46:34.334225','2023-12-27 06:46:34.334225',NULL,NULL),(112,'wk8h8qp5HvCV6M4Q3zX6T3YrTA4H7U','2023-12-27 16:48:45.924296','read write',3,4,'2023-12-27 06:48:45.924296','2023-12-27 06:48:45.924296',NULL,NULL),(113,'R5IQG1b5vjuQkvKa9f1j2Tlk2qDrDO','2023-12-27 16:48:59.257734','read write',3,4,'2023-12-27 06:48:59.258951','2023-12-27 06:48:59.258951',NULL,NULL),(114,'6tcleBLfGtKGhWRWNoKNt3sTD8uWfm','2023-12-27 16:51:15.425522','read write',3,4,'2023-12-27 06:51:15.427548','2023-12-27 06:51:15.427548',NULL,NULL),(115,'RV8SVXdSFoxBhUi42rTEpEKJynAorS','2023-12-27 16:51:27.768492','read write',3,4,'2023-12-27 06:51:27.769510','2023-12-27 06:51:27.769510',NULL,NULL),(116,'paWiQQcLrx842bc31jRkltVjNtXVQw','2023-12-27 16:52:32.362492','read write',3,4,'2023-12-27 06:52:32.363469','2023-12-27 06:52:32.363469',NULL,NULL),(117,'gGriQNYeTJJ6xkJMV2qlpzO0pt1NOw','2023-12-27 16:55:37.817035','read write',3,4,'2023-12-27 06:55:37.818546','2023-12-27 06:55:37.818546',NULL,NULL),(118,'VfYnhA0BH1vnUK20qHJQ3SIhOJVgsa','2023-12-27 16:56:21.458339','read write',3,3,'2023-12-27 06:56:21.459499','2023-12-27 06:56:21.459499',NULL,NULL),(119,'mv2sWfNJzPEREPIxcSml6yMmlaBa9F','2023-12-27 16:59:52.056909','read write',3,4,'2023-12-27 06:59:52.056909','2023-12-27 06:59:52.057935',NULL,NULL),(120,'6oazQDchNZQLWh0okllfztCN4xnhAd','2023-12-27 17:18:26.147840','read write',3,4,'2023-12-27 07:18:26.152380','2023-12-27 07:18:26.152380',NULL,NULL),(121,'9qASZ8etUee43VDDhulD21BueJxM87','2023-12-27 17:20:11.547697','read write',3,3,'2023-12-27 07:20:11.549134','2023-12-27 07:20:11.549134',NULL,NULL),(122,'G7T8BiVOGxf2VPKTw1vz1bnibS5wCf','2023-12-27 17:25:43.581599','read write',3,3,'2023-12-27 07:25:43.582657','2023-12-27 07:25:43.582657',NULL,NULL),(123,'tnAfyUX53OZCs6hisva5jcE1FMogde','2023-12-27 17:25:57.172352','read write',3,3,'2023-12-27 07:25:57.172352','2023-12-27 07:25:57.172352',NULL,NULL),(124,'bFmeayByx45Aa7wsIelgY0cqvfTCSk','2023-12-27 17:26:16.309456','read write',3,3,'2023-12-27 07:26:16.310468','2023-12-27 07:26:16.310468',NULL,NULL),(125,'3Vq72f5HGdSIiegcM9wIajYnv9xW6E','2023-12-27 17:28:38.894290','read write',3,3,'2023-12-27 07:28:38.895309','2023-12-27 07:28:38.895309',NULL,NULL),(126,'gxvyRyFxRmwqgwQ1Yq9RBaYNlKpNWJ','2023-12-27 17:31:28.091557','read write',3,3,'2023-12-27 07:31:28.091557','2023-12-27 07:31:28.091557',NULL,NULL),(127,'OHGl8sBPKQcX90L0QSbxiWfB4X7jyT','2023-12-27 17:35:38.302737','read write',3,7,'2023-12-27 07:35:38.304690','2023-12-27 07:35:38.304690',NULL,NULL),(128,'kN9G6D0MzwIdI0zGe0RzP6kxCeD4ms','2023-12-27 17:38:12.165417','read write',3,3,'2023-12-27 07:38:12.165417','2023-12-27 07:38:12.165417',NULL,NULL),(129,'UKdhx0zMskHjqiAIkSp1bANfZEih7w','2023-12-27 17:39:10.498517','read write',3,3,'2023-12-27 07:39:10.498517','2023-12-27 07:39:10.498517',NULL,NULL),(130,'4xT5YpPYtpv5bcnDFMIqeK9CJBrAcS','2023-12-27 17:39:35.825108','read write',3,3,'2023-12-27 07:39:35.825108','2023-12-27 07:39:35.825108',NULL,NULL),(131,'yZyK9fFiATkrCsVpYOocnFtsfFtAHc','2023-12-27 17:40:08.313038','read write',3,3,'2023-12-27 07:40:08.313038','2023-12-27 07:40:08.313038',NULL,NULL),(132,'XmPYhPCo1GiZRaLSVrDqAyMT1VTIXw','2023-12-27 17:50:35.302170','read write',3,3,'2023-12-27 07:50:35.303128','2023-12-27 07:50:35.303128',NULL,NULL),(133,'cddLjJgEKC2DDIeyAvqljGdA9qeTCl','2023-12-27 17:53:24.941225','read write',3,4,'2023-12-27 07:53:24.941225','2023-12-27 07:53:24.941225',NULL,NULL),(134,'BGauHP2rSpCfzL1viHAA6I54WPEo5i','2023-12-27 18:55:26.407984','read write',3,4,'2023-12-27 08:55:26.408965','2023-12-27 08:55:26.408965',NULL,NULL),(135,'b9h8bAZPQL2nc0Aue4RU3C7OfASbx0','2023-12-27 20:00:41.328828','read write',3,4,'2023-12-27 10:00:41.328828','2023-12-27 10:00:41.329808',NULL,NULL),(136,'K4ZZNgqtJ4zIrVnnRYjk1YCG0roZlY','2023-12-28 18:37:52.074846','read write',3,4,'2023-12-28 08:37:52.076801','2023-12-28 08:37:52.076801',NULL,NULL),(137,'5CG9ruS84epWZx7PmA4iQhhi7oIpLQ','2023-12-28 18:38:15.697127','read write',3,4,'2023-12-28 08:38:15.697127','2023-12-28 08:38:15.697127',NULL,NULL),(138,'6QHiiAuUp889B2gtfFi5BWuBZFgwXR','2023-12-28 19:14:38.017230','read write',3,4,'2023-12-28 09:14:38.023717','2023-12-28 09:14:38.023717',NULL,NULL),(139,'JecUYgZgCpK7eDRu0bIf4CnlUKsusU','2023-12-28 19:15:01.521822','read write',3,4,'2023-12-28 09:15:01.521822','2023-12-28 09:15:01.521822',NULL,NULL),(140,'a9FfkQzTBrUvZFXHJliT6bZHqGexNc','2023-12-28 19:15:34.425939','read write',3,4,'2023-12-28 09:15:34.426916','2023-12-28 09:15:34.426916',NULL,NULL),(141,'2jocj9mNNv4OF8VfLsjj7r3EuVGc0b','2023-12-28 19:19:56.385477','read write',3,4,'2023-12-28 09:19:56.385477','2023-12-28 09:19:56.385477',NULL,NULL),(142,'0svbIIpgD3pZMBD79iWmjrrUWUB4US','2023-12-28 19:21:31.177316','read write',3,4,'2023-12-28 09:21:31.178305','2023-12-28 09:21:31.178305',NULL,NULL),(143,'vqOsOb3ItVNEXDYcs1VEDVf0qXL1mn','2023-12-28 19:25:08.856715','read write',3,4,'2023-12-28 09:25:08.857687','2023-12-28 09:25:08.857687',NULL,NULL),(144,'ldh1ayxgRSxPHwiZ2m2v7p453CJdTY','2023-12-28 19:27:10.130840','read write',3,4,'2023-12-28 09:27:10.130840','2023-12-28 09:27:10.130840',NULL,NULL),(145,'RayMgvjv1pDgONaY56q9aN52ee7cOj','2023-12-28 20:43:29.082792','read write',3,4,'2023-12-28 10:43:29.085199','2023-12-28 10:43:29.085199',NULL,NULL),(146,'F8FUM2BrHvUrKAxHVYt0CQbOMqokgs','2023-12-28 20:46:42.379308','read write',3,4,'2023-12-28 10:46:42.381804','2023-12-28 10:46:42.381804',NULL,NULL),(147,'oVM1YJQ4ZPj2eOPsMXnetnzU0KcUqB','2023-12-28 20:47:46.738681','read write',3,3,'2023-12-28 10:47:46.738681','2023-12-28 10:47:46.738681',NULL,NULL),(148,'5wZfUraGM6o7wiH0E0H53kWVbYfqvF','2023-12-29 12:32:11.031054','read write',3,4,'2023-12-29 02:32:11.053002','2023-12-29 02:32:11.053002',NULL,NULL),(149,'M0Qr3NqmWZUJKqqsvBIIBY5xsZ1LAv','2023-12-29 12:33:34.440747','read write',3,4,'2023-12-29 02:33:34.440747','2023-12-29 02:33:34.440747',NULL,NULL),(150,'yHcizDowvEFh9oOawJyurmLb0bFAOX','2023-12-29 12:37:18.645603','read write',3,4,'2023-12-29 02:37:18.645603','2023-12-29 02:37:18.645603',NULL,NULL),(151,'qLJDoCDyvcDwkvTJ7aeA8qLaDNRYxj','2023-12-29 12:39:54.612376','read write',3,3,'2023-12-29 02:39:54.612376','2023-12-29 02:39:54.612376',NULL,NULL),(152,'33I7WOrn8NcpRbFKPpOVjx43Nv7yE2','2023-12-29 13:02:09.809089','read write',3,4,'2023-12-29 03:02:09.811146','2023-12-29 03:02:09.811146',NULL,NULL),(153,'K3V6v9OVDqHvNzRN8Y6A4zvnEtVlyx','2023-12-29 13:04:44.092966','read write',3,4,'2023-12-29 03:04:44.093978','2023-12-29 03:04:44.093978',NULL,NULL),(154,'8RJMPirD8ATEb9qAQ9rrYzaXHMRLTP','2023-12-29 13:07:50.599492','read write',3,4,'2023-12-29 03:07:50.600530','2023-12-29 03:07:50.600530',NULL,NULL),(155,'TYOoqAKjja9jtwOdSuLW2g4awOKSOM','2023-12-29 13:10:06.799715','read write',3,4,'2023-12-29 03:10:06.800718','2023-12-29 03:10:06.800718',NULL,NULL),(156,'ZQHl9Fw1pLu2SbpUiFOsEiE77469Gw','2023-12-29 13:16:09.251838','read write',3,4,'2023-12-29 03:16:09.251838','2023-12-29 03:16:09.251838',NULL,NULL),(157,'ckiHWRSfEGkSHO51EJVLaZwROuaOwt','2023-12-29 13:16:27.714468','read write',3,4,'2023-12-29 03:16:27.715446','2023-12-29 03:16:27.715446',NULL,NULL),(158,'RB9FBJiTOkquJOIymjcWK7MHp28xhw','2023-12-29 13:17:32.984892','read write',3,4,'2023-12-29 03:17:32.984892','2023-12-29 03:17:32.984892',NULL,NULL),(159,'IAY52CXRpY9WksFax66UKJ9emea9dm','2023-12-29 13:18:07.706108','read write',3,1,'2023-12-29 03:18:07.707092','2023-12-29 03:18:07.707092',NULL,NULL),(160,'X2OeRaHiDiHvBZzZYEX1LqMIvWIsh5','2023-12-29 13:51:24.359714','read write',3,4,'2023-12-29 03:51:24.365832','2023-12-29 03:51:24.365832',NULL,NULL),(161,'gFmXxj4uEih0hILL5t3D8YZQVEM23m','2023-12-29 13:53:33.303187','read write',3,4,'2023-12-29 03:53:33.303187','2023-12-29 03:53:33.303187',NULL,NULL),(162,'y4OKWZPUtw6v21tyRmIkzoE10i80Vb','2024-01-01 03:07:30.679151','read write',3,4,'2023-12-31 17:07:30.702364','2023-12-31 17:07:30.702364',NULL,NULL),(163,'JuikgXiMXMnKIuIsSfwe2NTEuUcFxw','2024-01-01 03:15:58.256254','read write',3,4,'2023-12-31 17:15:58.257230','2023-12-31 17:15:58.257230',NULL,NULL),(164,'SHu4fXbB7eYdMD3JtMxJCnmGqIXcdU','2024-01-01 03:17:16.843430','read write',3,4,'2023-12-31 17:17:16.844448','2023-12-31 17:17:16.844448',NULL,NULL),(165,'FaFdhciAvIIfSma63HvhnsYP7CgptX','2024-01-01 03:59:39.307401','read write',3,4,'2023-12-31 17:59:39.313053','2023-12-31 17:59:39.313053',NULL,NULL),(166,'qqBLDfhaHySCc3DZ8BHN0S8K37k3PB','2024-01-01 04:06:57.990430','read write',3,4,'2023-12-31 18:06:57.991436','2023-12-31 18:06:57.991436',NULL,NULL),(167,'5HTmxv5LjmIKzXTo2LTiub9fWUZtnV','2024-01-04 06:01:48.579603','read write',3,4,'2024-01-03 20:01:48.589557','2024-01-03 20:01:48.589557',NULL,NULL),(168,'nsHrixoqO1NHNpEliy0mR1BKIzFfuX','2024-01-04 06:09:31.315777','read write',3,4,'2024-01-03 20:09:31.322172','2024-01-03 20:09:31.322172',NULL,NULL),(169,'IxYXHEefs4euf1V1vdRQkPSUaCdd9F','2024-01-04 06:16:42.704300','read write',3,4,'2024-01-03 20:16:42.707399','2024-01-03 20:16:42.707399',NULL,NULL),(170,'tRvSiApOmCLA2wPr9Zjbvp2F1kzJfz','2024-01-04 06:18:26.466475','read write',3,4,'2024-01-03 20:18:26.467486','2024-01-03 20:18:26.467486',NULL,NULL),(171,'eClllEmFaTT18NssuowKS0fVDSnVTT','2024-01-04 06:20:04.465317','read write',3,4,'2024-01-03 20:20:04.490321','2024-01-03 20:20:04.490321',NULL,NULL),(172,'yj6cct8n11zlWFC6RcwbIfDELRkbcG','2024-01-04 16:20:29.714992','read write',3,4,'2024-01-04 06:20:29.731514','2024-01-04 06:20:29.731514',NULL,NULL),(173,'YpjXnxVhD9Mq7knhaMJtlctgMZmokH','2024-01-05 05:54:07.798565','read write',3,4,'2024-01-04 19:54:07.814821','2024-01-04 19:54:07.814821',NULL,NULL),(174,'Y5cKM0oq5WDbkabmtotfUvgTOoHLsA','2024-01-05 05:55:28.525326','read write',3,2,'2024-01-04 19:55:28.525326','2024-01-04 19:55:28.525326',NULL,NULL),(175,'WrkqR8eDpT1uTK4EkNyp9DfJiCJBEP','2024-01-05 05:57:30.509823','read write',3,2,'2024-01-04 19:57:30.512396','2024-01-04 19:57:30.512396',NULL,NULL),(176,'FWg1RIL3XzpbOl7RqcFWYLZojDfZQE','2024-01-05 06:13:47.677152','read write',3,4,'2024-01-04 20:13:47.683146','2024-01-04 20:13:47.683146',NULL,NULL),(177,'1uO9jR59wg1CNirQH7Y1bHgqklH4R2','2024-01-05 06:26:01.745947','read write',3,4,'2024-01-04 20:26:01.750271','2024-01-04 20:26:01.751293',NULL,NULL),(178,'kjnjGvT7qxtZSdGaH9kPWJkStEreiW','2024-01-05 06:27:28.952808','read write',3,4,'2024-01-04 20:27:28.952808','2024-01-04 20:27:28.952808',NULL,NULL),(179,'XXiiyWn9IMI4Qiscx2v0DEBiDRwzlf','2024-01-05 06:31:20.557925','read write',3,4,'2024-01-04 20:31:20.557925','2024-01-04 20:31:20.557925',NULL,NULL),(180,'XdsE0xIdzh3UJ9KfSN4mzIX2F3plzG','2024-01-05 06:48:38.335017','read write',3,4,'2024-01-04 20:48:38.338009','2024-01-04 20:48:38.338009',NULL,NULL),(181,'1fGJ35uawaizCSJYqA59KNjHt3kjAF','2024-01-05 06:49:25.095000','read write',3,2,'2024-01-04 20:49:25.096141','2024-01-04 20:49:25.096141',NULL,NULL),(182,'VG5bsTOJkIrFfE7vUU0Ow9jX5KkLJf','2024-01-05 06:50:08.195008','read write',3,4,'2024-01-04 20:50:08.196035','2024-01-04 20:50:08.196035',NULL,NULL),(183,'2xQrH3Akrnqsei1ei7MqBdaswIASTi','2024-01-05 06:50:51.534794','read write',3,4,'2024-01-04 20:50:51.536078','2024-01-04 20:50:51.536078',NULL,NULL),(184,'wJ2k7OPM3Lov1MvxHkBZCLZcGqRjOf','2024-01-05 06:51:59.250952','read write',3,4,'2024-01-04 20:51:59.251943','2024-01-04 20:51:59.251943',NULL,NULL),(185,'7wpDM7Ys2pJGwqGWpjHwmaSREncODj','2024-01-05 07:01:55.657308','read write',3,4,'2024-01-04 21:01:55.658330','2024-01-04 21:01:55.658330',NULL,NULL),(186,'PlovmVyZzH9M36JP8A00bHRMvO2IPl','2024-01-05 07:04:20.472248','read write',3,4,'2024-01-04 21:04:20.472248','2024-01-04 21:04:20.472248',NULL,NULL),(187,'4nvNj8BIW26WpjibGhQ5VMqiV5NwQr','2024-01-05 07:06:17.260338','read write',3,4,'2024-01-04 21:06:17.260338','2024-01-04 21:06:17.260338',NULL,NULL),(188,'p8mkHYNuFpvahRJcL8c8dxk3gh0EKw','2024-01-05 07:07:38.144755','read write',3,4,'2024-01-04 21:07:38.144755','2024-01-04 21:07:38.144755',NULL,NULL),(189,'FBTaXPMlQgQIWwoyym8JKATk5SIFoy','2024-01-05 07:10:04.556867','read write',3,4,'2024-01-04 21:10:04.561411','2024-01-04 21:10:04.561411',NULL,NULL),(190,'dEcmneH3knytoc6kSROsf7KyqUhE9n','2024-01-05 07:10:59.074101','read write',3,4,'2024-01-04 21:10:59.074633','2024-01-04 21:10:59.074633',NULL,NULL),(191,'jWK5GJGy41Rz7wIyEtQO6RS1NlgLZV','2024-01-05 07:12:19.565811','read write',3,4,'2024-01-04 21:12:19.566802','2024-01-04 21:12:19.566802',NULL,NULL),(192,'G8N2bgoE3stH5WYedzGtVDQDCXSckU','2024-01-05 07:14:58.861136','read write',3,4,'2024-01-04 21:14:58.861136','2024-01-04 21:14:58.862113',NULL,NULL),(193,'74FiNqy03w4N7F5VpaVuBOT40QZAjA','2024-01-05 07:16:10.062731','read write',3,4,'2024-01-04 21:16:10.063740','2024-01-04 21:16:10.063740',NULL,NULL),(194,'QT6O3rUfcU2HZwFCJYxcFVr6aijGSI','2024-01-05 07:18:18.130412','read write',3,4,'2024-01-04 21:18:18.131484','2024-01-04 21:18:18.131484',NULL,NULL),(195,'b2lpuXDUe2Umk0DvBYaYiAYbBrJXje','2024-01-05 07:18:56.841656','read write',3,4,'2024-01-04 21:18:56.842669','2024-01-04 21:18:56.842669',NULL,NULL),(196,'3ufanj5ZZSXMAdUe9varIyvmLXabQG','2024-01-05 07:20:22.044486','read write',3,4,'2024-01-04 21:20:22.046009','2024-01-04 21:20:22.046009',NULL,NULL),(197,'j8QKNVZoP1hpo0dfnoDshtGkdRiDuW','2024-01-05 07:22:19.667067','read write',3,4,'2024-01-04 21:22:19.669177','2024-01-04 21:22:19.669177',NULL,NULL),(198,'FHtAOIrIry6Mcr50XM6AfJzzn9XwSh','2024-01-05 07:24:33.849839','read write',3,4,'2024-01-04 21:24:33.850844','2024-01-04 21:24:33.850844',NULL,NULL),(199,'y6lqL20QYbstpP3sh5SP8n4FzygQRO','2024-01-05 07:24:42.074959','read write',3,4,'2024-01-04 21:24:42.075993','2024-01-04 21:24:42.075993',NULL,NULL),(200,'bTfQgzjo7EeXZi5oH5hbacQYu0eXJz','2024-01-05 07:25:27.765217','read write',3,4,'2024-01-04 21:25:27.765804','2024-01-04 21:25:27.765804',NULL,NULL),(201,'TQFYJ785uvftrhoSUQlH8qeJZljWxh','2024-01-05 07:26:31.750415','read write',3,4,'2024-01-04 21:26:31.750415','2024-01-04 21:26:31.750415',NULL,NULL),(202,'RyndXNI2s2T5WRTXAsaN7uMV4i3Z0y','2024-01-05 07:32:57.221021','read write',3,4,'2024-01-04 21:32:57.223014','2024-01-04 21:32:57.223014',NULL,NULL),(203,'qTPYhTTxY5O9xIiOJi4ZzIvg48PA1L','2024-01-05 07:33:33.773711','read write',3,4,'2024-01-04 21:33:33.774729','2024-01-04 21:33:33.774729',NULL,NULL),(204,'6Mxzc6i7Fo0LUpZPQjZ7lYayX8AVGr','2024-01-06 16:47:16.078802','read write',3,4,'2024-01-06 06:47:16.090304','2024-01-06 06:47:16.090304',NULL,NULL),(205,'7S8wynKt7L9BHDaYD8VkqRCY33ueuh','2024-01-06 17:15:04.950213','read write',3,4,'2024-01-06 07:15:04.958564','2024-01-06 07:15:04.958564',NULL,NULL),(206,'IMduMOjgzI3bf3RDxhXREcLmNPd2JH','2024-01-06 17:17:39.999715','read write',3,4,'2024-01-06 07:17:40.000713','2024-01-06 07:17:40.000713',NULL,NULL),(207,'8TrZuKUjnWrcrblPYNMzK26n1DsOJV','2024-01-06 17:26:08.925737','read write',3,4,'2024-01-06 07:26:08.929859','2024-01-06 07:26:08.929859',NULL,NULL),(208,'4NpAvN4y7pPbwn5FAt5MofU34R9wED','2024-01-07 03:27:27.061138','read write',3,2,'2024-01-06 17:27:27.070839','2024-01-06 17:27:27.070839',NULL,NULL),(209,'LdItnqomHOFdGg1od0rZgk6ewId3sh','2024-01-07 03:31:52.431785','read write',3,4,'2024-01-06 17:31:52.438744','2024-01-06 17:31:52.438744',NULL,NULL),(210,'NpijAsyO0NYJJ4WeLbJdIPiCnG4p5y','2024-01-07 03:36:34.982403','read write',3,2,'2024-01-06 17:36:34.985416','2024-01-06 17:36:34.985416',NULL,NULL),(211,'eoGAAQK2wDNbEK7VSVYorXVBKCT3bW','2024-01-07 03:37:41.991828','read write',3,2,'2024-01-06 17:37:41.991828','2024-01-06 17:37:41.991828',NULL,NULL),(212,'7rQHtxfb5Uhe5eilF5psfsMuUVlGyk','2024-01-07 03:40:33.284706','read write',3,2,'2024-01-06 17:40:33.287758','2024-01-06 17:40:33.287758',NULL,NULL),(213,'u5sh6dwHtmbyEUG9D1UVshU7QwBZp4','2024-01-07 03:41:20.932047','read write',3,2,'2024-01-06 17:41:20.932047','2024-01-06 17:41:20.932047',NULL,NULL),(214,'jzFpsMnqEsj686KmZc7iiqzqAKK8Wf','2024-01-07 03:43:18.192040','read write',3,2,'2024-01-06 17:43:18.192040','2024-01-06 17:43:18.192040',NULL,NULL),(215,'7zO9EWEqkE8zu1PHIDvWMej9XyJHuV','2024-01-07 03:44:38.525386','read write',3,2,'2024-01-06 17:44:38.525386','2024-01-06 17:44:38.525386',NULL,NULL),(216,'J7DJcHMtYQLdcVJoPOA8JfYVrJVYv1','2024-01-07 03:45:13.864607','read write',3,2,'2024-01-06 17:45:13.866670','2024-01-06 17:45:13.866670',NULL,NULL),(217,'0gEznHTYd7tqco60P7RRNnUH64MwxI','2024-01-07 03:45:56.897451','read write',3,2,'2024-01-06 17:45:56.898456','2024-01-06 17:45:56.898456',NULL,NULL),(218,'MF6a3KPFRFSpsAd73PwkMLe1eqI8xH','2024-01-07 03:46:29.088589','read write',3,2,'2024-01-06 17:46:29.088589','2024-01-06 17:46:29.088589',NULL,NULL),(219,'sk09WXPvK076RZ1c4UePqnnlZkivmq','2024-01-07 11:44:38.055966','read write',3,2,'2024-01-07 01:44:38.056942','2024-01-07 01:44:38.056942',NULL,NULL),(220,'NeieYNTZEKkxPsWgElSfACpvy1IWQ8','2024-01-07 13:28:39.830345','read write',3,14,'2024-01-07 03:28:39.832322','2024-01-07 03:28:39.832322',NULL,NULL),(221,'G4ngaENQHEOkvFWvRwEYMBLK0ywcOe','2024-01-08 08:03:06.473046','read write',3,4,'2024-01-07 22:03:06.489053','2024-01-07 22:03:06.489053',NULL,NULL),(222,'AHxNL09AP420vPylZf2kNtY4isv9cB','2024-01-08 10:09:00.263025','read write',3,4,'2024-01-08 00:09:00.266552','2024-01-08 00:09:00.266552',NULL,NULL),(223,'SQs9IFvjlcVTdAbhgcdakvR8etoYT0','2024-01-08 10:21:44.731090','read write',3,4,'2024-01-08 00:21:44.735055','2024-01-08 00:21:44.735055',NULL,NULL),(224,'hkKPxeL67xuCucwgMZQo8Wdu4VipaB','2024-01-08 13:58:36.138934','read write',3,4,'2024-01-08 03:58:36.152355','2024-01-08 03:58:36.152355',NULL,NULL),(225,'zdbUh1SkCXtsHmdSoLeJBE9kqdXjts','2024-01-08 19:00:49.646961','read write',3,2,'2024-01-08 09:00:49.655274','2024-01-08 09:00:49.655274',NULL,NULL),(226,'MdziFGEdgbKWT6pcJUQXv9tQHqJgsc','2024-01-08 19:38:09.398815','read write',3,4,'2024-01-08 09:38:09.408824','2024-01-08 09:38:09.408824',NULL,NULL),(227,'w9ss62dT6Wcxq0Yw6vNpd0tvUZIJwy','2024-01-09 13:39:17.184257','read write',3,4,'2024-01-09 03:39:17.185250','2024-01-09 03:39:17.185250',NULL,NULL),(228,'eroEU6Hsa3yohY72KwCfwOb6z0icXZ','2024-01-09 13:43:46.466389','read write',3,2,'2024-01-09 03:43:46.469806','2024-01-09 03:43:46.469806',NULL,NULL),(229,'vy4TEPZlXUSuWaaLxf3MnnuF8qs8Hc','2024-01-09 13:44:29.817808','read write',3,4,'2024-01-09 03:44:29.817808','2024-01-09 03:44:29.817808',NULL,NULL),(230,'jZiV0lgViEnxCeWL0aORXeWjExB1kO','2024-01-09 13:51:56.987178','read write',3,4,'2024-01-09 03:51:56.989710','2024-01-09 03:51:56.989710',NULL,NULL),(231,'Mi5QhrnDTLEsb1cw0JN43vecEfhaLA','2024-01-10 17:16:33.543743','read write',3,4,'2024-01-10 07:16:33.552924','2024-01-10 07:16:33.552924',NULL,NULL),(232,'KZMl6XlVBscIFVdd6L7tenvkjLqrEY','2024-01-10 17:21:16.962248','read write',3,4,'2024-01-10 07:21:16.965866','2024-01-10 07:21:16.965866',NULL,NULL),(233,'zfkkxD7IDvkv4tNDaM2uBdzfnalbBt','2024-01-10 17:24:05.823992','read write',3,4,'2024-01-10 07:24:05.824507','2024-01-10 07:24:05.824507',NULL,NULL),(234,'tRl3tyZbXjsnzMJNP2MahbH1axuPcQ','2024-01-10 17:37:14.682545','read write',3,4,'2024-01-10 07:37:14.685577','2024-01-10 07:37:14.685577',NULL,NULL),(235,'bke5ePj2UGk0GbN98fW03XnUJ9YmGc','2024-01-10 18:30:01.578131','read write',3,4,'2024-01-10 08:30:01.582040','2024-01-10 08:30:01.582040',NULL,NULL),(236,'YqUTwk3DOd6qrir99ZLd5GhX5dU3xq','2024-01-10 18:39:37.831999','read write',3,4,'2024-01-10 08:39:37.835625','2024-01-10 08:39:37.835625',NULL,NULL),(237,'VKE816B8Y29ub8u9eRwpJk9MHxyTlT','2024-01-10 18:41:13.105773','read write',3,4,'2024-01-10 08:41:13.106752','2024-01-10 08:41:13.106752',NULL,NULL),(238,'CCUXj1J46tTAzJtbFUC3nF7UwCTYuE','2024-01-10 18:41:54.167923','read write',3,4,'2024-01-10 08:41:54.167923','2024-01-10 08:41:54.167923',NULL,NULL),(239,'N0hZUbQxClmUXq7X8MLbbQ5AOVP53f','2024-01-10 18:42:49.071374','read write',3,4,'2024-01-10 08:42:49.071427','2024-01-10 08:42:49.071427',NULL,NULL),(240,'yOlNJ0O3UseWxb8xkzeUqGGvqBEYsF','2024-01-10 18:45:33.799002','read write',3,4,'2024-01-10 08:45:33.799002','2024-01-10 08:45:33.800128',NULL,NULL),(241,'17Ap3X8m9oJGURnt1mYQV58aYbw0o7','2024-01-10 18:50:57.476590','read write',3,4,'2024-01-10 08:50:57.477572','2024-01-10 08:50:57.477572',NULL,NULL),(242,'H4QvzJlRsPkckX2a17zpHbvAPcWrk1','2024-01-10 18:57:53.235990','read write',3,4,'2024-01-10 08:57:53.239154','2024-01-10 08:57:53.239154',NULL,NULL),(243,'SBWfjVuKgSbvavqCtn7jj2CLX0Tf5o','2024-01-10 18:59:58.242622','read write',3,4,'2024-01-10 08:59:58.243629','2024-01-10 08:59:58.243629',NULL,NULL),(244,'iA5sPCi47nu3eFbZ0VF1QK3v8SgFsx','2024-01-10 19:00:43.447831','read write',3,4,'2024-01-10 09:00:43.447831','2024-01-10 09:00:43.447831',NULL,NULL),(245,'cjMEIXGxVRqDfsIwMbhBEViVnBVCyN','2024-01-10 19:01:05.587532','read write',3,4,'2024-01-10 09:01:05.587532','2024-01-10 09:01:05.587532',NULL,NULL),(246,'RbdFpRxgOyQq67ggbtWH7hrBEJUEke','2024-01-10 19:02:19.134673','read write',3,4,'2024-01-10 09:02:19.134673','2024-01-10 09:02:19.134673',NULL,NULL),(247,'0q68VquMF5VWc7OGsjc6BkXpe9SV97','2024-01-10 19:03:03.550922','read write',3,4,'2024-01-10 09:03:03.550922','2024-01-10 09:03:03.550922',NULL,NULL),(248,'GpbhVuxlOSOcLHauzu8tAXtRjjic9r','2024-01-10 19:04:02.004608','read write',3,4,'2024-01-10 09:04:02.005591','2024-01-10 09:04:02.005591',NULL,NULL),(249,'a1ARp7ya0FovwuB8Kgb4tUQCbWzS7g','2024-01-10 19:05:30.021669','read write',3,4,'2024-01-10 09:05:30.022659','2024-01-10 09:05:30.022659',NULL,NULL),(250,'sP6pioI4M5ZJ9XrDKCRPNvQThcU55t','2024-01-10 19:08:17.200463','read write',3,4,'2024-01-10 09:08:17.201481','2024-01-10 09:08:17.201481',NULL,NULL),(251,'tcRxqVinrpCtWKwDt6uI3F6EwsU4uE','2024-01-10 19:09:30.687562','read write',3,4,'2024-01-10 09:09:30.690592','2024-01-10 09:09:30.690592',NULL,NULL),(252,'PulhFh9XrxH4T6er5bhEk4tRjqQmlw','2024-01-10 19:12:14.038572','read write',3,4,'2024-01-10 09:12:14.039557','2024-01-10 09:12:14.039557',NULL,NULL),(253,'5dvT6wzbeAt2b8RkBd1PLOObx37ZId','2024-01-10 19:12:40.158914','read write',3,4,'2024-01-10 09:12:40.158914','2024-01-10 09:12:40.158914',NULL,NULL),(254,'aguPYU5JgUoHFqHeugpBAfIIKhsQWQ','2024-01-10 19:13:15.628703','read write',3,4,'2024-01-10 09:13:15.629673','2024-01-10 09:13:15.629673',NULL,NULL),(255,'rcFrcfU52YICLwAKKdmUiYRe3y3Rc9','2024-01-10 19:13:53.211014','read write',3,4,'2024-01-10 09:13:53.211014','2024-01-10 09:13:53.211014',NULL,NULL),(256,'a6NRu16sr8CRnnSQxARg6oqxrzpReS','2024-01-10 19:14:48.653718','read write',3,4,'2024-01-10 09:14:48.659303','2024-01-10 09:14:48.659303',NULL,NULL),(257,'pv9txfgGsWS8Fr4ACUWFH24iCYchtQ','2024-01-10 19:15:04.707960','read write',3,2,'2024-01-10 09:15:04.708944','2024-01-10 09:15:04.708944',NULL,NULL),(258,'KOBCaP8oEjC7WxfndhfR6dZG3adQjj','2024-01-10 19:20:15.454968','read write',3,4,'2024-01-10 09:20:15.455558','2024-01-10 09:20:15.455558',NULL,NULL),(259,'g3wXZyKtbxJMpOwxVZrOJgQ0uoPiP8','2024-01-10 19:21:36.224756','read write',3,4,'2024-01-10 09:21:36.224756','2024-01-10 09:21:36.225258',NULL,NULL),(260,'krXVKJObdS0f3kKhO8Q7bSmKwW2iXo','2024-01-10 19:21:52.376287','read write',3,4,'2024-01-10 09:21:52.376287','2024-01-10 09:21:52.376287',NULL,NULL),(261,'eQ8wumswLBWRK4sMFqeseEmbmWdTmg','2024-01-10 19:22:59.027847','read write',3,4,'2024-01-10 09:22:59.028825','2024-01-10 09:22:59.028825',NULL,NULL),(262,'XvWyiwI5MUNFT301clEVftIMfRfH70','2024-01-10 19:24:53.622268','read write',3,4,'2024-01-10 09:24:53.622268','2024-01-10 09:24:53.622268',NULL,NULL),(263,'gqoQPCAFcEew3BcWjSanYAyjd6nKa9','2024-01-10 19:32:18.464839','read write',3,4,'2024-01-10 09:32:18.469048','2024-01-10 09:32:18.469048',NULL,NULL),(264,'UfxPughQrxy2eAQgrhJtWcG9dUy6mT','2024-01-10 19:32:58.635516','read write',3,4,'2024-01-10 09:32:58.636495','2024-01-10 09:32:58.636495',NULL,NULL),(265,'4g0qnCzd10jSSNkOXHF7oPJESuVGyQ','2024-01-10 19:34:06.630682','read write',3,4,'2024-01-10 09:34:06.630682','2024-01-10 09:34:06.630682',NULL,NULL),(266,'CXe1K1JnnXg0xvCMj2bpszaFra6x4M','2024-01-10 19:34:31.711612','read write',3,4,'2024-01-10 09:34:31.711612','2024-01-10 09:34:31.711612',NULL,NULL),(267,'XR8kCEc0Zz5K0Keykslazrw4okbwjr','2024-01-10 19:35:00.010655','read write',3,2,'2024-01-10 09:35:00.011704','2024-01-10 09:35:00.011704',NULL,NULL),(268,'Opqi3YBxL51ERcizww66X2IZRPuJ5y','2024-01-10 20:48:26.339605','read write',3,4,'2024-01-10 10:48:26.356848','2024-01-10 10:48:26.356848',NULL,NULL),(269,'4eVDyr6vXDvECsKEmJJzEen9Z8Hill','2024-01-10 20:50:19.607629','read write',3,2,'2024-01-10 10:50:19.608651','2024-01-10 10:50:19.608651',NULL,NULL),(270,'BYZ81c6V0zwqprczIhpMvyOw0JxBTy','2024-01-10 20:51:24.090730','read write',3,2,'2024-01-10 10:51:24.091719','2024-01-10 10:51:24.091719',NULL,NULL),(271,'rLAwU6TUi0EQpUoHGpdtr2ZdBIFVwg','2024-01-11 12:31:51.506315','read write',3,4,'2024-01-11 02:31:51.516643','2024-01-11 02:31:51.516643',NULL,NULL),(272,'aqZF5G6WGzn6bd3bxh33iqALxT67fk','2024-01-11 12:33:37.351934','read write',3,2,'2024-01-11 02:33:37.351934','2024-01-11 02:33:37.351934',NULL,NULL),(273,'v5jjRHrtdruvKyqOdlmqVmXkZVTC8U','2024-01-11 13:47:11.717101','read write',3,4,'2024-01-11 03:47:11.728195','2024-01-11 03:47:11.728195',NULL,NULL),(274,'yt0Nq8qxpgNsvSYq4vrVFJXt5mMqak','2024-01-11 13:48:09.464872','read write',3,4,'2024-01-11 03:48:09.464872','2024-01-11 03:48:09.464872',NULL,NULL),(275,'bMUsEpgKf8l8pVySf0jJpO7R08cr4r','2024-01-11 13:48:55.077281','read write',3,4,'2024-01-11 03:48:55.078300','2024-01-11 03:48:55.078300',NULL,NULL),(276,'PbsZ1CSjjlipAd2ZUmro8L69iVHT0T','2024-01-11 13:49:13.191792','read write',3,4,'2024-01-11 03:49:13.192864','2024-01-11 03:49:13.192864',NULL,NULL),(277,'08r0MvPAHT4xKGMwFjzKn40cSj8IB1','2024-01-11 14:45:15.138034','read write',3,4,'2024-01-11 04:45:15.143162','2024-01-11 04:45:15.143162',NULL,NULL),(278,'2UHIDobsfHHG8bZojXKFAbxtxpssLW','2024-01-11 16:47:05.262740','read write',3,2,'2024-01-11 06:47:05.264737','2024-01-11 06:47:05.264737',NULL,NULL),(279,'xB5U9XCv6dCIpSX9InlIZSA7s7t0lV','2024-01-12 14:07:12.303309','read write',3,4,'2024-01-12 04:07:12.321361','2024-01-12 04:07:12.321361',NULL,NULL),(280,'ShvwnhXU7dnBnMBnCQAqZ8KD2StawL','2024-01-12 14:18:47.842366','read write',3,4,'2024-01-12 04:18:47.850989','2024-01-12 04:18:47.850989',NULL,NULL),(281,'1MqFc7MQvY7UtAceRfjaXPbUBOnOea','2024-01-12 14:23:57.556790','read write',3,2,'2024-01-12 04:23:57.558846','2024-01-12 04:23:57.558846',NULL,NULL),(282,'sPSVGgsr9qZtfQkbMDq5T4jJuPDQX3','2024-01-12 14:26:00.874322','read write',3,4,'2024-01-12 04:26:00.875344','2024-01-12 04:26:00.875344',NULL,NULL),(283,'r6y0n5csbAZPYV6k3g3lwIq9uwyD28','2024-01-12 14:26:45.373316','read write',3,4,'2024-01-12 04:26:45.374293','2024-01-12 04:26:45.374293',NULL,NULL),(284,'9ZZBO2i7JcALaje4pJ9G9FoxcxQvS6','2024-01-12 14:27:43.098512','read write',3,4,'2024-01-12 04:27:43.098512','2024-01-12 04:27:43.098512',NULL,NULL),(285,'0IGdbFIzpVWc3QD7lCpqKlE6cPyWCG','2024-01-12 14:28:24.531216','read write',3,4,'2024-01-12 04:28:24.532252','2024-01-12 04:28:24.532252',NULL,NULL),(286,'aq43kRMo6TvqXEpVzAGSQuuReTgUjc','2024-01-12 14:30:44.367671','read write',3,4,'2024-01-12 04:30:44.367671','2024-01-12 04:30:44.367671',NULL,NULL),(287,'ZhJ8p3kXjawQWCgkoO6iCF8EwJQ0l7','2024-01-12 14:32:07.845176','read write',3,4,'2024-01-12 04:32:07.846683','2024-01-12 04:32:07.846683',NULL,NULL),(288,'SdpvsS79Yf8VQ88DGQkwzgbICH8dUl','2024-01-12 14:34:59.750354','read write',3,4,'2024-01-12 04:34:59.751370','2024-01-12 04:34:59.751370',NULL,NULL),(289,'0jR3AvhEya2d1DeydxPrsYUwdmFgxR','2024-01-12 14:35:25.895439','read write',3,4,'2024-01-12 04:35:25.896531','2024-01-12 04:35:25.896531',NULL,NULL),(290,'Uw1gGPMotBc0bVX6lih4ahWtrQ23aD','2024-01-12 14:36:50.587422','read write',3,4,'2024-01-12 04:36:50.588396','2024-01-12 04:36:50.588396',NULL,NULL),(291,'MjFd6TMI9gPYwtoTc3KsRDOOv41vRs','2024-01-12 14:38:21.099321','read write',3,4,'2024-01-12 04:38:21.099321','2024-01-12 04:38:21.099321',NULL,NULL),(292,'10MNP1MeoJ91mQazYsM6mfxjmWFRYH','2024-01-12 14:43:11.499401','read write',3,4,'2024-01-12 04:43:11.501430','2024-01-12 04:43:11.501430',NULL,NULL),(293,'zr6NjkauV6vmJyRFaTz7R5XXTplSVi','2024-01-12 14:43:51.905520','read write',3,4,'2024-01-12 04:43:51.905520','2024-01-12 04:43:51.905520',NULL,NULL),(294,'zgckBq8NeQZ4qolnoqVAwRuJHqYaYK','2024-01-12 14:46:00.178253','read write',3,4,'2024-01-12 04:46:00.178253','2024-01-12 04:46:00.178253',NULL,NULL),(295,'KLmjB0TH6QDsH7bgfO2xck2F9Ul5tq','2024-01-12 14:46:51.809375','read write',3,4,'2024-01-12 04:46:51.809375','2024-01-12 04:46:51.809375',NULL,NULL),(296,'dWizYGbQ5QhWJZSxTuEWeZFI2GLARJ','2024-01-12 14:47:56.442201','read write',3,4,'2024-01-12 04:47:56.442201','2024-01-12 04:47:56.442201',NULL,NULL),(297,'y33EUp6KjaurE08dNRnzhjcBEvpGVQ','2024-01-12 14:48:22.319256','read write',3,4,'2024-01-12 04:48:22.319256','2024-01-12 04:48:22.319256',NULL,NULL),(298,'ip2Aup0IUv3LT2L97hWUCG3Yi3v06k','2024-01-12 14:49:09.665304','read write',3,4,'2024-01-12 04:49:09.666364','2024-01-12 04:49:09.666364',NULL,NULL),(299,'Q1bmO5dwWXYhqBoj6sbdJZhrGH5XPU','2024-01-12 14:50:23.390518','read write',3,4,'2024-01-12 04:50:23.391033','2024-01-12 04:50:23.391033',NULL,NULL),(300,'un53WxtnVUs2RqMPxHlJlayjB0CTXx','2024-01-12 14:51:52.709218','read write',3,4,'2024-01-12 04:51:52.710222','2024-01-12 04:51:52.710222',NULL,NULL),(301,'d4aTBDP1TuzzhSfDmpHLJZ0kNKWgb1','2024-01-12 14:52:38.336488','read write',3,4,'2024-01-12 04:52:38.337478','2024-01-12 04:52:38.337478',NULL,NULL),(302,'PoBUEnkP0Th1yAQXmbOsQwhhL3xPWl','2024-01-12 14:53:25.252596','read write',3,4,'2024-01-12 04:53:25.253576','2024-01-12 04:53:25.253576',NULL,NULL),(303,'Nu2c4c1a8J7jAEIioXdT4tTDQSaD1m','2024-01-12 14:54:18.871256','read write',3,4,'2024-01-12 04:54:18.872559','2024-01-12 04:54:18.872559',NULL,NULL),(304,'mQZqk1IxwZy5P8m1qOtOrxZHxulsah','2024-01-12 14:54:46.062726','read write',3,4,'2024-01-12 04:54:46.063618','2024-01-12 04:54:46.063618',NULL,NULL),(305,'lx9SJPfl6mNa6AZBxli75i5utdzKL4','2024-01-12 14:55:23.443155','read write',3,4,'2024-01-12 04:55:23.443668','2024-01-12 04:55:23.443668',NULL,NULL),(306,'ZjoOfJx6Izhuv2sStuRYs3teNUTEZK','2024-01-12 16:46:34.260440','read write',3,4,'2024-01-12 06:46:34.266560','2024-01-12 06:46:34.266560',NULL,NULL),(307,'J0f7UmGnooY2rqnbtoOTlQl2j8k0cO','2024-01-12 16:47:15.392399','read write',3,4,'2024-01-12 06:47:15.393411','2024-01-12 06:47:15.393411',NULL,NULL),(308,'ieKfbiTkelJcDcuRTz8GXpVrT1Qobl','2024-01-12 16:48:03.845071','read write',3,4,'2024-01-12 06:48:03.846471','2024-01-12 06:48:03.846471',NULL,NULL),(309,'9KghhDI0tksUFWrDztqBaP5mXtXmyd','2024-01-12 16:48:43.577651','read write',3,4,'2024-01-12 06:48:43.577651','2024-01-12 06:48:43.577651',NULL,NULL),(310,'QjieDlVe2kUjpwcCp9HpfmcwshpHlv','2024-01-12 16:49:27.768576','read write',3,4,'2024-01-12 06:49:27.769597','2024-01-12 06:49:27.769597',NULL,NULL),(311,'Xw1BMI3CJ3uR818F9Yr9hAe5uUcZDx','2024-01-12 16:50:30.336473','read write',3,4,'2024-01-12 06:50:30.336473','2024-01-12 06:50:30.336473',NULL,NULL),(312,'T9e0aT3UcPnAXuS7ghSznhYgVLiuXw','2024-01-12 16:50:53.599010','read write',3,4,'2024-01-12 06:50:53.600035','2024-01-12 06:50:53.600035',NULL,NULL),(313,'xtjmBIrvdtcyuXSG1oyQgmSf6RXuzm','2024-01-12 16:51:45.206732','read write',3,4,'2024-01-12 06:51:45.206732','2024-01-12 06:51:45.206732',NULL,NULL),(314,'nSWufcSQDCTD0X1mzcd43TRLu5ZgCE','2024-01-12 16:54:08.861953','read write',3,4,'2024-01-12 06:54:08.866979','2024-01-12 06:54:08.866979',NULL,NULL),(315,'M48t1yiQ3oVJPMcKHKLbP552ubxHJD','2024-01-12 16:54:28.581891','read write',3,4,'2024-01-12 06:54:28.581891','2024-01-12 06:54:28.581891',NULL,NULL),(316,'tyi2n3poENRWxtJHf0qg4WNlvDtPAs','2024-01-12 16:55:10.828397','read write',3,4,'2024-01-12 06:55:10.828397','2024-01-12 06:55:10.829435',NULL,NULL),(317,'NfjBypQxI0zUlYdy1QbaORxq6mInkJ','2024-01-12 16:56:25.242178','read write',3,4,'2024-01-12 06:56:25.243185','2024-01-12 06:56:25.243185',NULL,NULL),(318,'hOJb2tB6Fx9YWTmATWmTsF2nCSfOCr','2024-01-12 16:57:13.566632','read write',3,4,'2024-01-12 06:57:13.566632','2024-01-12 06:57:13.566632',NULL,NULL),(319,'px6jm54x3Ykb8B6IY1uCvpYGthzX4d','2024-01-12 16:58:42.128650','read write',3,4,'2024-01-12 06:58:42.129628','2024-01-12 06:58:42.129628',NULL,NULL),(320,'SdAkqCpd8lGPJ1JAcvMAv3ms8OrBSQ','2024-01-12 17:00:31.938166','read write',3,4,'2024-01-12 07:00:31.938166','2024-01-12 07:00:31.938166',NULL,NULL),(321,'LWXO07i6eFVIja6FI8mRCREriYBIGc','2024-01-12 17:07:07.902047','read write',3,4,'2024-01-12 07:07:07.907532','2024-01-12 07:07:07.907532',NULL,NULL),(322,'8CXQQ6c0KPK3PRje5KgK1yBLQHEBxS','2024-01-12 17:11:10.964185','read write',3,4,'2024-01-12 07:11:10.967221','2024-01-12 07:11:10.967221',NULL,NULL),(323,'v4VmWHHHihwyFPV1Xn7sleaS8TYcrq','2024-01-12 17:12:11.173448','read write',3,4,'2024-01-12 07:12:11.174480','2024-01-12 07:12:11.174480',NULL,NULL),(324,'SU6hPqZndaPard7uKad6zCUkTwmoit','2024-01-12 17:13:47.347982','read write',3,4,'2024-01-12 07:13:47.350029','2024-01-12 07:13:47.350029',NULL,NULL),(325,'qnKazlkWgXLOVdly9ub9enGSVfVWy8','2024-01-12 17:16:02.480417','read write',3,4,'2024-01-12 07:16:02.484499','2024-01-12 07:16:02.484499',NULL,NULL),(326,'AkEG8C16eumxdQYqxKk0ZqeX12UvVu','2024-01-12 17:17:40.513584','read write',3,4,'2024-01-12 07:17:40.514163','2024-01-12 07:17:40.514163',NULL,NULL),(327,'ZWC1s6X5QlZJvsMxeN6mTfVwVmrYgG','2024-01-12 17:19:09.749053','read write',3,4,'2024-01-12 07:19:09.749053','2024-01-12 07:19:09.749053',NULL,NULL),(328,'CqtxTL9pSSt38SQYoR7noHFXQ2nuqu','2024-01-12 17:20:36.472098','read write',3,4,'2024-01-12 07:20:36.472098','2024-01-12 07:20:36.472098',NULL,NULL),(329,'HWVJB7LKFNH5jMPs5gdJV1OF7TL8c1','2024-01-12 17:25:16.147813','read write',3,4,'2024-01-12 07:25:16.157237','2024-01-12 07:25:16.157237',NULL,NULL),(330,'1d82gNpo9bwQy49315Lpg9zuaNz8GU','2024-01-12 17:27:02.262545','read write',3,4,'2024-01-12 07:27:02.262545','2024-01-12 07:27:02.262545',NULL,NULL),(331,'5leSFvVdgg1yDZeYvVOCo5KgkngSJR','2024-01-12 17:29:35.377847','read write',3,4,'2024-01-12 07:29:35.386488','2024-01-12 07:29:35.386488',NULL,NULL),(332,'3VZElYXkhssA6M7AAbnd9HkZdZlq9l','2024-01-12 17:30:07.831948','read write',3,4,'2024-01-12 07:30:07.832951','2024-01-12 07:30:07.832951',NULL,NULL),(333,'4zrJFeXg7LnKMCLCE7ML8ewieICr3Q','2024-01-12 17:30:54.289366','read write',3,4,'2024-01-12 07:30:54.290363','2024-01-12 07:30:54.290363',NULL,NULL),(334,'rB6N3ZSq5A0b9bkSHX4rAKohViOFHi','2024-01-12 17:39:23.057023','read write',3,4,'2024-01-12 07:39:23.058969','2024-01-12 07:39:23.058969',NULL,NULL),(335,'o39SSuZ1JXsSTt2CIFYlpDkBp3FhCp','2024-01-12 17:40:08.230613','read write',3,4,'2024-01-12 07:40:08.231617','2024-01-12 07:40:08.231617',NULL,NULL),(336,'DdxqsqURdbGT893z0oq69rDgzyO8K2','2024-01-12 17:41:05.383327','read write',3,4,'2024-01-12 07:41:05.383327','2024-01-12 07:41:05.383327',NULL,NULL),(337,'FgY7NPJn3am3rh3Hu6mL1eptkUAXCC','2024-01-12 17:42:22.490533','read write',3,4,'2024-01-12 07:42:22.491510','2024-01-12 07:42:22.491510',NULL,NULL),(338,'ZdwwShRhPatR5fAUk9kkguy21xePK5','2024-01-12 17:43:48.289834','read write',3,4,'2024-01-12 07:43:48.293297','2024-01-12 07:43:48.293297',NULL,NULL),(339,'89Hbv10xB2RNcteHQNEgHdggNaJjp7','2024-01-12 17:44:59.429232','read write',3,4,'2024-01-12 07:44:59.430400','2024-01-12 07:44:59.430400',NULL,NULL),(340,'qPYbHeltp0dbf16tEZoyf8mPFNNiOt','2024-01-12 17:45:43.653325','read write',3,4,'2024-01-12 07:45:43.654360','2024-01-12 07:45:43.654360',NULL,NULL),(341,'DBesamuQ1LBd3rSufjxSMqcoeaZiLV','2024-01-12 17:47:34.174410','read write',3,4,'2024-01-12 07:47:34.174410','2024-01-12 07:47:34.174410',NULL,NULL),(342,'mPNomg0aihJwuaBis3VfqQrRcNVRFq','2024-01-12 17:48:47.459615','read write',3,4,'2024-01-12 07:48:47.459615','2024-01-12 07:48:47.459615',NULL,NULL),(343,'obH6VoKQAz9jZR2Lj7rDqUWxeDVeKo','2024-01-12 17:50:15.230172','read write',3,4,'2024-01-12 07:50:15.230172','2024-01-12 07:50:15.230172',NULL,NULL),(344,'WGKzxb59lGEQxLIPR6rnopX0A6XgnC','2024-01-12 17:51:22.096202','read write',3,4,'2024-01-12 07:51:22.096202','2024-01-12 07:51:22.096202',NULL,NULL),(345,'sFdvZU9fHGP7zsyduz3ClT9uBziktM','2024-01-12 17:52:07.658541','read write',3,4,'2024-01-12 07:52:07.658541','2024-01-12 07:52:07.658541',NULL,NULL),(346,'2hsKe6gSuw6v9qJyZxQ2rf8m4Na9gG','2024-01-12 17:53:17.954461','read write',3,4,'2024-01-12 07:53:17.955460','2024-01-12 07:53:17.955460',NULL,NULL),(347,'MtvrWvo2GIkrI7KPPMSzTicjcH5fDr','2024-01-12 17:55:02.559302','read write',3,4,'2024-01-12 07:55:02.560285','2024-01-12 07:55:02.560285',NULL,NULL),(348,'bzJ65LQFkZIl5m1cUeP4hgM2DaEq2u','2024-01-12 17:57:36.207185','read write',3,4,'2024-01-12 07:57:36.207185','2024-01-12 07:57:36.207185',NULL,NULL),(349,'JXHlDNtjkBcYvhdZmdQLBbYCUc45qZ','2024-01-12 17:58:06.705299','read write',3,4,'2024-01-12 07:58:06.705882','2024-01-12 07:58:06.705882',NULL,NULL),(350,'GKKMzHBSRa6LX2qzkFjpbrTq5xewS6','2024-01-12 17:59:08.848427','read write',3,4,'2024-01-12 07:59:08.848427','2024-01-12 07:59:08.848427',NULL,NULL),(351,'fDrppLVVNBN4o4I8EHUPdZeBJWRnHb','2024-01-12 17:59:57.174144','read write',3,4,'2024-01-12 07:59:57.174144','2024-01-12 07:59:57.174144',NULL,NULL),(352,'7Nn5DPUAI0uyNvmVAZ4HZ9q0bHdI4a','2024-01-12 18:00:44.146536','read write',3,4,'2024-01-12 08:00:44.146536','2024-01-12 08:00:44.146536',NULL,NULL),(353,'YKRz8kLxOUmgcooWXzKaw7rBbYJYBl','2024-01-12 18:01:23.719677','read write',3,4,'2024-01-12 08:01:23.719677','2024-01-12 08:01:23.719677',NULL,NULL),(354,'Z2F7HE6WrrIz8wGtyAW2QDmN1gZCvn','2024-01-12 18:01:58.792474','read write',3,4,'2024-01-12 08:01:58.793477','2024-01-12 08:01:58.793477',NULL,NULL),(355,'RGfyvbJa052jeyzSL0yyjnTBDWp19v','2024-01-12 18:02:49.096341','read write',3,4,'2024-01-12 08:02:49.096341','2024-01-12 08:02:49.096341',NULL,NULL),(356,'9FwurG4zBPtjaoiO7VLbmrYxWajXyw','2024-01-12 18:04:59.369846','read write',3,4,'2024-01-12 08:04:59.369846','2024-01-12 08:04:59.369846',NULL,NULL),(357,'HkldaAJUI739pGyD2gh9A1QTUExAtx','2024-01-13 02:03:52.200440','read write',3,4,'2024-01-12 16:03:52.207459','2024-01-12 16:03:52.207459',NULL,NULL),(358,'uDNdXPIPWkKNIkhmYuFmx1NKkKuORL','2024-01-13 02:07:17.621656','read write',3,4,'2024-01-12 16:07:17.625756','2024-01-12 16:07:17.625756',NULL,NULL),(359,'1OY73bmNHmsEaoXP9olE580T4770C7','2024-01-13 03:59:56.038175','read write',3,4,'2024-01-12 17:59:56.038175','2024-01-12 17:59:56.038175',NULL,NULL),(360,'3boXc11jNVZKiz2CLSXUXLGIpjtD5H','2024-01-13 04:45:41.127188','read write',3,1,'2024-01-12 18:45:41.142804','2024-01-12 18:45:41.142804',NULL,NULL),(361,'IM4hGPruXsXFFIJrxXFfEjP3Ux01U6','2024-01-13 05:16:40.044520','read write',3,1,'2024-01-12 19:16:40.052132','2024-01-12 19:16:40.052132',NULL,NULL),(362,'3FEALWrpLjoYmKQJl7W2imB4zxWUdr','2024-01-13 18:06:38.153965','read write',3,1,'2024-01-13 08:06:38.153965','2024-01-13 08:06:38.153965',NULL,NULL),(363,'B66FXbE1ccmq6C7zhA66YflITROHAZ','2024-01-13 19:44:42.663922','read write',3,47,'2024-01-13 09:44:42.671047','2024-01-13 09:44:42.671047',NULL,NULL),(364,'nVxJiAbs70l8Wr8q8MZDMiut7aRcAR','2024-01-13 19:51:31.504962','read write',3,4,'2024-01-13 09:51:31.506627','2024-01-13 09:51:31.506627',NULL,NULL),(365,'nzxMIdcQvGjTdVAR381udkem9KOnS1','2024-01-13 20:01:41.440854','read write',3,48,'2024-01-13 10:01:41.442844','2024-01-13 10:01:41.442844',NULL,NULL),(366,'1WXWk2omGgs0hUOFmhGQkCM9LTh1TK','2024-01-13 20:12:18.615635','read write',3,48,'2024-01-13 10:12:18.619681','2024-01-13 10:12:18.619681',NULL,NULL),(367,'RondzvdwFWp0XN4mDl1SSSEPt93b31','2024-01-13 20:30:08.671625','read write',3,4,'2024-01-13 10:30:08.672609','2024-01-13 10:30:08.672609',NULL,NULL),(368,'grMzG0gdTqCnaIz99BWszEEXEMpWh6','2024-01-13 20:30:18.854641','read write',3,48,'2024-01-13 10:30:18.854641','2024-01-13 10:30:18.854641',NULL,NULL),(369,'t0wNR5c5maitebqGUl2XGtZ6nWjVgQ','2024-01-13 20:30:50.935907','read write',3,48,'2024-01-13 10:30:50.935907','2024-01-13 10:30:50.935907',NULL,NULL),(370,'dKxzeCoyZPvAUEG2s4zFUQcrRDJhDN','2024-01-13 20:34:03.823867','read write',3,48,'2024-01-13 10:34:03.827307','2024-01-13 10:34:03.827307',NULL,NULL),(371,'F69xTPWlWBzI9QVh6f0VqLefsvvgVR','2024-01-13 20:43:02.839716','read write',3,48,'2024-01-13 10:43:02.841706','2024-01-13 10:43:02.841706',NULL,NULL),(372,'x5baBXQHt4BFDUWZzFi2Cw02FWCCJ8','2024-01-13 20:44:49.062355','read write',3,48,'2024-01-13 10:44:49.062355','2024-01-13 10:44:49.062355',NULL,NULL),(373,'wqVsRAcMstNqvgAU6IZ3F4TuzDUP6W','2024-01-13 20:46:47.188722','read write',3,48,'2024-01-13 10:46:47.189730','2024-01-13 10:46:47.189730',NULL,NULL),(374,'CsYp9DgWFDUkEhe09K7VXRLmMXNmU4','2024-01-13 21:21:42.466002','read write',3,48,'2024-01-13 11:21:42.474500','2024-01-13 11:21:42.474500',NULL,NULL),(375,'yFO0183gIQA0Rto7nZoeMlrPA7KmPh','2024-01-13 22:06:56.557492','read write',3,48,'2024-01-13 12:06:56.557492','2024-01-13 12:06:56.558480',NULL,NULL),(376,'qONYaEEQtpGkGfF7G5HKgFuzd5aVNZ','2024-01-13 22:08:59.411267','read write',3,48,'2024-01-13 12:08:59.411267','2024-01-13 12:08:59.411267',NULL,NULL),(377,'H9JPfKWS46OPSzNoqTjlgDxZfEvLXb','2024-01-13 22:11:08.059472','read write',3,48,'2024-01-13 12:11:08.064692','2024-01-13 12:11:08.064692',NULL,NULL),(378,'LCkVbYtbDamJfs1ixl55G5iWHyyZxy','2024-01-13 22:14:07.065490','read write',3,48,'2024-01-13 12:14:07.067559','2024-01-13 12:14:07.067559',NULL,NULL),(379,'zJxXxf7oDaL3GDmAdbQHTZpS2lp05c','2024-01-13 22:15:33.297648','read write',3,48,'2024-01-13 12:15:33.297648','2024-01-13 12:15:33.297648',NULL,NULL),(380,'rWpDJPvrIsZNkYGbUW8MPJJW1zwN3f','2024-01-13 22:17:28.685708','read write',3,48,'2024-01-13 12:17:28.686685','2024-01-13 12:17:28.686685',NULL,NULL),(381,'k7oYP4L6QITib2AKqjf3PqYSjiBVPe','2024-01-13 22:22:16.077268','read write',3,48,'2024-01-13 12:22:16.080759','2024-01-13 12:22:16.080759',NULL,NULL),(382,'0AMWosG0mui0xKm4Mk9MjxzPYnOsD7','2024-01-13 22:24:57.355758','read write',3,48,'2024-01-13 12:24:57.356788','2024-01-13 12:24:57.356788',NULL,NULL),(383,'M5s4rNbfatL7pnhjmC5TQk3ypO0xcC','2024-01-13 22:27:05.311411','read write',3,48,'2024-01-13 12:27:05.312380','2024-01-13 12:27:05.312380',NULL,NULL),(384,'RhG1Xv6N4VzOFmOzpoLEn2Mo5XDzIb','2024-01-13 22:38:35.564351','read write',3,48,'2024-01-13 12:38:35.568439','2024-01-13 12:38:35.568439',NULL,NULL),(385,'04mUW6H93eB4P7j41xM8NlZf5RNjZe','2024-01-13 22:40:13.731309','read write',3,4,'2024-01-13 12:40:13.732275','2024-01-13 12:40:13.732275',NULL,NULL),(386,'m3H9WzpVeaXirES43cK69RWVBp5wNX','2024-01-13 22:40:23.284621','read write',3,48,'2024-01-13 12:40:23.284621','2024-01-13 12:40:23.284621',NULL,NULL),(387,'zhUDbel4Cwtb7eiUpOeQ4J3L39v3na','2024-01-13 22:49:07.562375','read write',3,48,'2024-01-13 12:49:07.566393','2024-01-13 12:49:07.566393',NULL,NULL),(388,'ipFo3fQutRW2AYRUgsyBV0Tx7TySFo','2024-01-13 22:50:45.631007','read write',3,48,'2024-01-13 12:50:45.632027','2024-01-13 12:50:45.632027',NULL,NULL),(389,'MQbC4sXS5lCxj0PBJjIJReZLHhWqwp','2024-01-13 22:52:10.460968','read write',3,48,'2024-01-13 12:52:10.461959','2024-01-13 12:52:10.461959',NULL,NULL),(390,'eSMiG7vtgtSKja90NV5QByhXrlAD8W','2024-01-13 22:53:56.412650','read write',3,48,'2024-01-13 12:53:56.412650','2024-01-13 12:53:56.412650',NULL,NULL),(391,'iNXJEYbcD0v3CXEQ84QPFY3e6pPfnk','2024-01-13 22:54:12.577412','read write',3,48,'2024-01-13 12:54:12.578397','2024-01-13 12:54:12.578397',NULL,NULL),(392,'Luwh7TUSqmCdUlfTAzGSSq7qwZTfC1','2024-01-13 22:55:50.542229','read write',3,48,'2024-01-13 12:55:50.542229','2024-01-13 12:55:50.542229',NULL,NULL),(393,'C6szLnt7rtPNbGxn2Up6fk39dNQEPt','2024-01-13 22:56:27.350736','read write',3,48,'2024-01-13 12:56:27.351734','2024-01-13 12:56:27.351734',NULL,NULL),(394,'XnmKlyiQnahEheAGRFYegrSSz9cMK6','2024-01-13 22:57:29.132586','read write',3,48,'2024-01-13 12:57:29.132586','2024-01-13 12:57:29.132586',NULL,NULL),(395,'xLw0Rj3H33wGj19nHHXYcgmyTuybpy','2024-01-13 22:58:22.150913','read write',3,48,'2024-01-13 12:58:22.151887','2024-01-13 12:58:22.151887',NULL,NULL),(396,'8INxa4Wi0R9PK372A7SSmlkOF0hWfu','2024-01-13 22:59:16.538222','read write',3,48,'2024-01-13 12:59:16.538222','2024-01-13 12:59:16.538222',NULL,NULL),(397,'PcIAfrXbE0y7bGEsljiJwRVGLAmf2E','2024-01-13 22:59:44.910073','read write',3,48,'2024-01-13 12:59:44.911107','2024-01-13 12:59:44.911107',NULL,NULL),(398,'gGdtjFH9Lo1N6HOlXFllVKBav19AqX','2024-01-14 01:43:22.157799','read write',3,1,'2024-01-13 15:43:22.157799','2024-01-13 15:43:22.157799',NULL,NULL),(399,'tle57PvK5MPdb34EVKqPNVwNV1sdzr','2024-01-14 01:45:42.674025','read write',3,1,'2024-01-13 15:45:42.674025','2024-01-13 15:45:42.674025',NULL,NULL),(400,'kD4QLHXAeSbCfhqszvZQ1JgmkF6j3P','2024-01-14 01:51:57.404718','read write',3,48,'2024-01-13 15:51:57.404718','2024-01-13 15:51:57.404718',NULL,NULL),(401,'Du00D5dbad8O3SU7PBRT3k2uJ08QgA','2024-01-14 03:10:42.326425','read write',3,48,'2024-01-13 17:10:42.335417','2024-01-13 17:10:42.335417',NULL,NULL),(402,'h3jkcjOopkNLiqSjbDqiTEWZXpc17n','2024-01-14 03:12:11.885725','read write',3,4,'2024-01-13 17:12:11.885725','2024-01-13 17:12:11.885725',NULL,NULL),(403,'shlhmBdPvN3c99xQdY1W3Q41nX48rh','2024-01-14 03:12:59.537727','read write',3,4,'2024-01-13 17:12:59.538736','2024-01-13 17:12:59.538736',NULL,NULL),(404,'Q4YeXYByX1333Mlfr0Nt6bAe79J48x','2024-01-14 03:14:02.077467','read write',3,4,'2024-01-13 17:14:02.077467','2024-01-13 17:14:02.077467',NULL,NULL),(405,'KUNjBrUtR3NY5w7pBvOEwrTAGEvvvy','2024-01-14 03:17:18.810980','read write',3,48,'2024-01-13 17:17:18.811957','2024-01-13 17:17:18.811957',NULL,NULL),(406,'6VqK76hua033yEJqDkkhJ8Mu6o7OkV','2024-01-14 03:21:06.725865','read write',3,48,'2024-01-13 17:21:06.725865','2024-01-13 17:21:06.725865',NULL,NULL),(407,'JuRYt9p9jupU2ASwBIcFV2UXwYe3Bj','2024-01-14 03:21:44.599909','read write',3,48,'2024-01-13 17:21:44.599909','2024-01-13 17:21:44.599909',NULL,NULL),(408,'KqMLibXDGdfvA1C9lQavEsmiVFw9pB','2024-01-14 03:24:13.354939','read write',3,48,'2024-01-13 17:24:13.354939','2024-01-13 17:24:13.354939',NULL,NULL),(409,'Zq9lcbHTivClB1guMXHf2YAJ6knZpr','2024-01-14 03:25:57.946570','read write',3,48,'2024-01-13 17:25:57.946570','2024-01-13 17:25:57.947588',NULL,NULL),(410,'Yqv0a9gqQuzh8Db7ptxfVRnr8bLDd6','2024-01-14 03:32:46.155347','read write',3,48,'2024-01-13 17:32:46.155347','2024-01-13 17:32:46.155347',NULL,NULL),(411,'wTcybgqJcHa0RfB7bsyug1Yjsnlwhm','2024-01-14 03:34:37.085779','read write',3,48,'2024-01-13 17:34:37.086788','2024-01-13 17:34:37.086788',NULL,NULL),(412,'g88RhqNUlJ0jSKChdHWlGL7uz3PZ26','2024-01-14 03:35:42.951664','read write',3,48,'2024-01-13 17:35:42.952656','2024-01-13 17:35:42.952656',NULL,NULL),(413,'YkSiLCpLIow8WXNAom02iNybN2USEZ','2024-01-14 03:37:04.889810','read write',3,4,'2024-01-13 17:37:04.889810','2024-01-13 17:37:04.889810',NULL,NULL),(414,'7XQn2H9fJCUG7JYN2No5865kILLtdA','2024-01-14 03:37:53.494254','read write',3,4,'2024-01-13 17:37:53.495232','2024-01-13 17:37:53.495232',NULL,NULL),(415,'MEJACD81xmrILoa7Uc98wcgScSRAeT','2024-01-14 03:38:27.758995','read write',3,4,'2024-01-13 17:38:27.758995','2024-01-13 17:38:27.758995',NULL,NULL),(416,'QekOHAOBZCZNUmLl69ZdQnL7JzqLES','2024-01-14 03:40:55.485421','read write',3,4,'2024-01-13 17:40:55.485421','2024-01-13 17:40:55.485421',NULL,NULL),(417,'JDbSUlsHljjwzCTkeu6qb10O1wOS5v','2024-01-14 03:42:48.152676','read write',3,48,'2024-01-13 17:42:48.152676','2024-01-13 17:42:48.152676',NULL,NULL),(418,'FwH8cZH8A0m6rqCfzCTdR2ex4tM5zt','2024-01-14 03:43:05.960664','read write',3,4,'2024-01-13 17:43:05.960664','2024-01-13 17:43:05.960664',NULL,NULL),(419,'3v3jO2PUw8qE9am8PjMlY9VbJXmnZ7','2024-01-14 03:45:01.273780','read write',3,4,'2024-01-13 17:45:01.273780','2024-01-13 17:45:01.273780',NULL,NULL),(420,'puyuqv4ygv3zYuTNFTdbbs7CT0HfTW','2024-01-14 03:48:09.474034','read write',3,4,'2024-01-13 17:48:09.475038','2024-01-13 17:48:09.475038',NULL,NULL),(421,'NbcqZwxuBv2722nc49L5biyDMPXS6P','2024-01-14 03:48:40.027200','read write',3,4,'2024-01-13 17:48:40.027200','2024-01-13 17:48:40.027200',NULL,NULL),(422,'AvdZ13AjVHBqdhttjvPiu4pePbeJfR','2024-01-14 03:48:40.920509','read write',3,4,'2024-01-13 17:48:40.920509','2024-01-13 17:48:40.920509',NULL,NULL),(423,'NtUznFFZdFSQ5dvPHiB3V3xGw34sMb','2024-01-14 03:50:43.864106','read write',3,48,'2024-01-13 17:50:43.864106','2024-01-13 17:50:43.864106',NULL,NULL),(424,'fSsPoZL8wruSJdf7u9DpeeTCOoL1jJ','2024-01-14 03:52:30.145292','read write',3,48,'2024-01-13 17:52:30.145292','2024-01-13 17:52:30.145292',NULL,NULL),(425,'AuSVhiUPyRsOnVWpVkfjafyhu399cR','2024-01-14 03:54:40.267241','read write',3,48,'2024-01-13 17:54:40.268200','2024-01-13 17:54:40.268200',NULL,NULL),(426,'aqNVTy7hgYLdfo7kL61DW96nnl5mpa','2024-01-14 03:56:27.498997','read write',3,48,'2024-01-13 17:56:27.499974','2024-01-13 17:56:27.499974',NULL,NULL),(427,'5m1RGpFW9MCnIDMsaOs4MvOwppu9Sj','2024-01-14 04:01:24.823858','read write',3,48,'2024-01-13 18:01:24.847148','2024-01-13 18:01:24.847148',NULL,NULL),(428,'yrzpviL7PSHed5pzpsp0tNtL89xkY1','2024-01-14 04:05:06.292923','read write',3,48,'2024-01-13 18:05:06.297416','2024-01-13 18:05:06.297416',NULL,NULL),(429,'WLSvyXEUiQEgmnSMnWmOgR0oj0MvgE','2024-01-14 04:14:14.494282','read write',3,48,'2024-01-13 18:14:14.499875','2024-01-13 18:14:14.499875',NULL,NULL),(430,'P20DsMgS0U6xLLTFkNOqJptHgFtLgV','2024-01-14 04:15:21.039176','read write',3,48,'2024-01-13 18:15:21.039176','2024-01-13 18:15:21.039176',NULL,NULL),(431,'FfsHpjWwX8KA1zmkNI4nhz6iKcamvj','2024-01-14 04:16:10.890887','read write',3,48,'2024-01-13 18:16:10.890887','2024-01-13 18:16:10.890887',NULL,NULL),(432,'pqgGj1Ecammbn1J6zkiBla8dlobsle','2024-01-14 19:32:49.012288','read write',3,48,'2024-01-14 09:32:49.013276','2024-01-14 09:32:49.013276',NULL,NULL),(433,'ZH5OUsptIZ9cXXO4Tqy0ulxHMm9vvx','2024-01-14 19:41:38.607376','read write',3,48,'2024-01-14 09:41:38.612500','2024-01-14 09:41:38.612500',NULL,NULL),(434,'4HZEox8ecinbS9aQHKvw9tmS03YFH9','2024-01-14 19:48:30.028567','read write',3,48,'2024-01-14 09:48:30.029546','2024-01-14 09:48:30.029546',NULL,NULL),(435,'L94xXhF2YJLmkcZGbiEo9pS2zvHsHU','2024-01-14 19:51:44.180700','read write',3,48,'2024-01-14 09:51:44.180700','2024-01-14 09:51:44.180700',NULL,NULL),(436,'imp4GIGA1KdjNb88TJzSo8hsxZ5Uqv','2024-01-14 19:59:18.680726','read write',3,48,'2024-01-14 09:59:18.683765','2024-01-14 09:59:18.683765',NULL,NULL),(437,'8HjPAIQSn6EU8Jl9QaJjrtCkoawRjf','2024-01-14 20:03:28.632711','read write',3,48,'2024-01-14 10:03:28.633741','2024-01-14 10:03:28.633741',NULL,NULL),(438,'Y300MtHAUoyb5eM38mS4tEWZsF97Zq','2024-01-14 20:05:25.435725','read write',3,48,'2024-01-14 10:05:25.436239','2024-01-14 10:05:25.436239',NULL,NULL),(439,'YD85XpG4ToKBpJ5rldU8qmnDLSlPAb','2024-01-14 20:06:59.321421','read write',3,48,'2024-01-14 10:06:59.322398','2024-01-14 10:06:59.322398',NULL,NULL),(440,'PoK5dykz5O7jhE33C6SkdkHNxDw7MH','2024-01-14 20:14:10.764110','read write',3,48,'2024-01-14 10:14:10.766150','2024-01-14 10:14:10.766150',NULL,NULL),(441,'7N2MRgfbLqaZ9iayuXlUcu2bxXj422','2024-01-14 20:18:27.183943','read write',3,48,'2024-01-14 10:18:27.185449','2024-01-14 10:18:27.185449',NULL,NULL),(442,'BWePxaGd4c4lzqhCE3z7kiCmKbSAMO','2024-01-14 20:23:37.242333','read write',3,48,'2024-01-14 10:23:37.242333','2024-01-14 10:23:37.242333',NULL,NULL),(443,'zxDl5l73htZqu09n5rZx9A94vRu2b1','2024-01-14 20:37:33.684279','read write',3,48,'2024-01-14 10:37:33.685283','2024-01-14 10:37:33.685283',NULL,NULL),(444,'gQiRiQM82CYQLaDEK3XelO7eld8DFW','2024-01-14 20:40:50.776232','read write',3,48,'2024-01-14 10:40:50.776232','2024-01-14 10:40:50.776232',NULL,NULL),(445,'hbUyECQTeFJLmg0QeUvOiZ85Qlm4Kb','2024-01-14 20:47:03.709453','read write',3,48,'2024-01-14 10:47:03.710430','2024-01-14 10:47:03.710430',NULL,NULL),(446,'PjCrRYWpjgP7YWuYVGdqwaa1Vhjx3a','2024-01-14 20:50:18.878403','read write',3,48,'2024-01-14 10:50:18.879397','2024-01-14 10:50:18.879397',NULL,NULL),(447,'LsCs9LXsUjOnSz0ISJck97CHSqpVp4','2024-01-14 20:50:38.600914','read write',3,48,'2024-01-14 10:50:38.600914','2024-01-14 10:50:38.600914',NULL,NULL),(448,'DJ4xcHQFJw0sAVvoHJqo3cL7kuuRa8','2024-01-14 20:53:26.867305','read write',3,48,'2024-01-14 10:53:26.868290','2024-01-14 10:53:26.868290',NULL,NULL),(449,'5uocgpfgQqe2pHWiyfw9yHAXUhcsmJ','2024-01-14 21:01:52.652475','read write',3,48,'2024-01-14 11:01:52.653463','2024-01-14 11:01:52.653463',NULL,NULL),(450,'pTEdi4NIPkDK7leZUqXxBy9aXWNzYH','2024-01-14 21:04:13.861646','read write',3,48,'2024-01-14 11:04:13.861646','2024-01-14 11:04:13.861646',NULL,NULL),(451,'huVw6ebwIFqho5QT5qzI9VFu3iM7eA','2024-01-14 21:13:30.231285','read write',3,48,'2024-01-14 11:13:30.232297','2024-01-14 11:13:30.232297',NULL,NULL),(452,'wPkor00krTEUeGI9BkNDzRwPUfxxXq','2024-01-14 21:34:03.346234','read write',3,48,'2024-01-14 11:34:03.346234','2024-01-14 11:34:03.346234',NULL,NULL),(453,'TXm61ASBnIJm6wJW0AWwjDCIstp0gA','2024-01-14 21:43:38.235043','read write',3,48,'2024-01-14 11:43:38.238027','2024-01-14 11:43:38.238027',NULL,NULL),(454,'8cwzd0s7Am1LtLU7Clw1UJjMdf9SSi','2024-01-14 21:54:11.287372','read write',3,48,'2024-01-14 11:54:11.288367','2024-01-14 11:54:11.288367',NULL,NULL),(455,'Qgv7zz8JHIN3vL744Uo9wMBS02GRwb','2024-01-14 21:59:12.938072','read write',3,48,'2024-01-14 11:59:12.939055','2024-01-14 11:59:12.939055',NULL,NULL),(456,'TMQkUfI4lkIp7gz2Yvylb4vnWCMABp','2024-01-14 22:02:08.358161','read write',3,48,'2024-01-14 12:02:08.359413','2024-01-14 12:02:08.359413',NULL,NULL),(457,'WuQMfJxfmS2k8WW2gjvelOEbnebH1J','2024-01-14 22:08:38.220695','read write',3,48,'2024-01-14 12:08:38.226219','2024-01-14 12:08:38.226219',NULL,NULL),(458,'C7dsG2eKeYa8BvB6i0yHj3rKNmvgpq','2024-01-14 22:11:38.803460','read write',3,48,'2024-01-14 12:11:38.803460','2024-01-14 12:11:38.803460',NULL,NULL),(459,'0wmi5neas1BIb839fcaSw7j2sizQHP','2024-01-14 22:21:56.161208','read write',3,48,'2024-01-14 12:21:56.162195','2024-01-14 12:21:56.162195',NULL,NULL),(460,'nf09tdmu9R4PlliOqs8HmiotgWOWZc','2024-01-14 22:30:01.415306','read write',3,48,'2024-01-14 12:30:01.415306','2024-01-14 12:30:01.415306',NULL,NULL),(461,'jBacNWmm9Gwz88LP6MzgSuPyMtI3Bo','2024-01-14 22:33:34.886191','read write',3,48,'2024-01-14 12:33:34.887236','2024-01-14 12:33:34.887236',NULL,NULL),(462,'TKJNARUbSzQ7ELeQuUsuLiEQZ6WGpz','2024-01-14 22:36:20.049230','read write',3,48,'2024-01-14 12:36:20.055200','2024-01-14 12:36:20.055200',NULL,NULL),(463,'CJT5zaCUOstMG2MIN2aNwwvd1KTfZE','2024-01-15 00:20:53.713152','read write',3,48,'2024-01-14 14:20:53.716339','2024-01-14 14:20:53.716339',NULL,NULL),(464,'nfuVaRgKpVzvnBQjzKNgmJYgYrqcVy','2024-01-15 00:26:17.839863','read write',3,48,'2024-01-14 14:26:17.839863','2024-01-14 14:26:17.839863',NULL,NULL),(465,'IZa6G1NyvRK38WmIv9pOMUwgAhP6Ld','2024-01-15 00:28:34.166396','read write',3,48,'2024-01-14 14:28:34.166396','2024-01-14 14:28:34.166396',NULL,NULL),(466,'yIuFbGuJak6fnB3Px2L5pNdHviQUbG','2024-01-15 00:32:36.726524','read write',3,48,'2024-01-14 14:32:36.727551','2024-01-14 14:32:36.727551',NULL,NULL),(467,'MTuLdQawJUvJsHkeFk7hEskHIXtaAu','2024-01-15 00:35:23.356596','read write',3,48,'2024-01-14 14:35:23.357572','2024-01-14 14:35:23.357572',NULL,NULL),(468,'bdB4Hq2JEybKm4wvap7UbGmoyf38RF','2024-01-15 00:37:33.098949','read write',3,48,'2024-01-14 14:37:33.099944','2024-01-14 14:37:33.099944',NULL,NULL),(469,'esmurrjFffHbQ2t8WfZitg7obsFCn4','2024-01-15 00:38:14.710831','read write',3,48,'2024-01-14 14:38:14.710831','2024-01-14 14:38:14.710831',NULL,NULL),(470,'fTlycfQgbkDx3AUc6P829UidvqbTiS','2024-01-15 00:53:50.573902','read write',3,48,'2024-01-14 14:53:50.574902','2024-01-14 14:53:50.574902',NULL,NULL),(471,'YnhxqzMQUxRM3HVLpjDAT1zuhREm6N','2024-01-15 00:54:37.648912','read write',3,48,'2024-01-14 14:54:37.648912','2024-01-14 14:54:37.648912',NULL,NULL),(472,'Bf7d3M3Ea5Y69AFQl7HuOHU0InDWAo','2024-01-15 00:56:38.385994','read write',3,48,'2024-01-14 14:56:38.387007','2024-01-14 14:56:38.387007',NULL,NULL),(473,'sXWVTz2IyAe98l8veArrQI27GnzzoW','2024-01-15 00:58:09.376352','read write',3,48,'2024-01-14 14:58:09.377861','2024-01-14 14:58:09.377861',NULL,NULL),(474,'cXolfvJH5oKw7Johw2KZOA40rwH1bm','2024-01-15 01:07:29.652492','read write',3,48,'2024-01-14 15:07:29.659445','2024-01-14 15:07:29.659445',NULL,NULL),(475,'cvRtlI4MridpT6Kdg9mR6k2ZbmVUoY','2024-01-15 01:09:48.389060','read write',3,48,'2024-01-14 15:09:48.389060','2024-01-14 15:09:48.389060',NULL,NULL),(476,'TNAHWDeCgrKLoEE72rqOKWrtV0VHWn','2024-01-15 01:10:43.099722','read write',3,48,'2024-01-14 15:10:43.100734','2024-01-14 15:10:43.100734',NULL,NULL),(477,'0mvBfed0C4KoxPz9Ac2t1S81XhhWZB','2024-01-15 01:13:39.546036','read write',3,48,'2024-01-14 15:13:39.548011','2024-01-14 15:13:39.548011',NULL,NULL),(478,'Ln8elbYVwIMTug0Pkwdo7Tclqz6o6I','2024-01-15 01:27:20.511454','read write',3,48,'2024-01-14 15:27:20.518304','2024-01-14 15:27:20.518304',NULL,NULL),(479,'8gkSX3EZqRX2SLVpSv8QXMDWwmfZLh','2024-01-15 01:43:07.484411','read write',3,48,'2024-01-14 15:43:07.487399','2024-01-14 15:43:07.487399',NULL,NULL),(480,'DXJWOtT8ndoK20O69xVqKTmHGHLRTX','2024-01-15 01:44:21.783764','read write',3,48,'2024-01-14 15:44:21.784757','2024-01-14 15:44:21.784757',NULL,NULL),(481,'LJnsZgeEPXUfoeBohTyMQtlUGIPXqn','2024-01-15 01:49:38.704432','read write',3,48,'2024-01-14 15:49:38.705443','2024-01-14 15:49:38.705443',NULL,NULL),(482,'WshNTM5Jtf3KvOJpqPzdeugnjuYem6','2024-01-15 01:50:09.580858','read write',3,48,'2024-01-14 15:50:09.581884','2024-01-14 15:50:09.581884',NULL,NULL),(483,'7HJHG4ZS0ZUE2oDfMlYztvlDsPTAXz','2024-01-15 01:55:12.548925','read write',3,48,'2024-01-14 15:55:12.548925','2024-01-14 15:55:12.548925',NULL,NULL),(484,'Lzp5906h0RX0I0B2HnswOyMqW1iqCR','2024-01-15 01:58:07.960579','read write',3,48,'2024-01-14 15:58:07.960579','2024-01-14 15:58:07.960579',NULL,NULL),(485,'zEnI43KZ7skJiZorUMig9RAXmbdjF7','2024-01-15 02:02:39.381764','read write',3,48,'2024-01-14 16:02:39.383046','2024-01-14 16:02:39.383046',NULL,NULL),(486,'4M1AgNmpReQztqGDaX3uInfNNRFZFe','2024-01-15 02:06:34.892594','read write',3,48,'2024-01-14 16:06:34.892594','2024-01-14 16:06:34.892594',NULL,NULL),(487,'pbBddsA9040nEop4iwooWZcAdyu57s','2024-01-15 02:55:37.792833','read write',3,48,'2024-01-14 16:55:37.796967','2024-01-14 16:55:37.796967',NULL,NULL),(488,'MUPhh89PnlHTN02vexyhRupKv0ljj6','2024-01-15 02:57:02.827966','read write',3,48,'2024-01-14 16:57:02.828986','2024-01-14 16:57:02.828986',NULL,NULL),(489,'Y7mSOLYKtweRIlEgpU757aGNsTKJdH','2024-01-16 12:39:56.438429','read write',3,48,'2024-01-16 02:39:56.445455','2024-01-16 02:39:56.445455',NULL,NULL),(490,'atu0lTnyEapM2lLGA7GAvbO1KiK7EI','2024-01-16 12:50:45.624966','read write',3,4,'2024-01-16 02:50:45.628859','2024-01-16 02:50:45.628859',NULL,NULL),(491,'kl2KoE2ueglsDvSYiDwdNypcczy0Sd','2024-01-16 12:51:02.709036','read write',3,48,'2024-01-16 02:51:02.709036','2024-01-16 02:51:02.709036',NULL,NULL),(492,'jJbs0uhdeOy4PNtqOChiqGP7KClEvb','2024-01-16 12:53:50.203725','read write',3,48,'2024-01-16 02:53:50.204698','2024-01-16 02:53:50.204698',NULL,NULL),(493,'jG7isWuqKajloSTYUer4YH3mnicUgk','2024-01-16 12:58:44.963897','read write',3,48,'2024-01-16 02:58:44.964920','2024-01-16 02:58:44.964920',NULL,NULL),(494,'ITr2kB3MSSsZSsi6q14PNmPVCEyUoH','2024-01-16 12:59:17.650972','read write',3,48,'2024-01-16 02:59:17.650972','2024-01-16 02:59:17.650972',NULL,NULL),(495,'meDXMEs68DU6Iqp0aklJDRvoKpMDDc','2024-01-16 12:59:36.619696','read write',3,48,'2024-01-16 02:59:36.619696','2024-01-16 02:59:36.619696',NULL,NULL),(496,'qGuTHfyMwdj52JHjeELUzahsuMZhzY','2024-01-16 13:00:15.524438','read write',3,48,'2024-01-16 03:00:15.525401','2024-01-16 03:00:15.525401',NULL,NULL),(497,'WGPKzYpL6656xTbQq8Lc3aLuu3HGQ7','2024-01-16 13:03:04.239591','read write',3,48,'2024-01-16 03:03:04.240604','2024-01-16 03:03:04.240604',NULL,NULL),(498,'OIwiWxhpxS5QDfXgfL2f6lImuui1t3','2024-01-16 13:04:06.555322','read write',3,48,'2024-01-16 03:04:06.556327','2024-01-16 03:04:06.556327',NULL,NULL),(499,'0KW5gDYjuq26E4ubNEQIaGcNICUcj4','2024-01-16 13:05:16.180840','read write',3,48,'2024-01-16 03:05:16.181407','2024-01-16 03:05:16.181407',NULL,NULL),(500,'cCNSyZ3yu3vaQcfsLgGVzGmOHVhb7y','2024-01-16 13:06:07.726844','read write',3,48,'2024-01-16 03:06:07.726844','2024-01-16 03:06:07.726844',NULL,NULL),(501,'riduG7fmMOSNunjrk2zBsNARhEJqRC','2024-01-16 13:13:53.956580','read write',3,48,'2024-01-16 03:13:53.957557','2024-01-16 03:13:53.957557',NULL,NULL),(502,'rDCNBTWkAHiTX6EIFZWLNfNRXFF4zW','2024-01-16 13:14:33.769678','read write',3,48,'2024-01-16 03:14:33.769678','2024-01-16 03:14:33.769678',NULL,NULL),(503,'jEGbL77YWpzQ1Ss03cGdmUbanDkkH8','2024-01-16 13:15:10.367413','read write',3,48,'2024-01-16 03:15:10.368398','2024-01-16 03:15:10.368398',NULL,NULL),(504,'5smOjHpSYCEFQxqjQR4BN3aI3kYia9','2024-01-16 13:18:02.136360','read write',3,48,'2024-01-16 03:18:02.136360','2024-01-16 03:18:02.136360',NULL,NULL),(505,'ZMlZiO0rwznEhfnK8upvbDNa4IsXMT','2024-01-16 13:20:02.801934','read write',3,48,'2024-01-16 03:20:02.801934','2024-01-16 03:20:02.801934',NULL,NULL),(506,'H6Rlmt8uWkUa3TZgaOZ5bQrslviMrB','2024-01-16 13:21:51.625553','read write',3,48,'2024-01-16 03:21:51.625553','2024-01-16 03:21:51.625553',NULL,NULL),(507,'rv4cgtnAO5SZFXAy1TavEVgLi7j2LO','2024-01-16 13:22:12.213817','read write',3,48,'2024-01-16 03:22:12.214795','2024-01-16 03:22:12.214795',NULL,NULL),(508,'ccXBAGW8z8rM22WU2RWbUQkjK2z7S3','2024-01-16 13:23:54.568655','read write',3,48,'2024-01-16 03:23:54.569667','2024-01-16 03:23:54.569667',NULL,NULL),(509,'OZPLP6qXFuvBL0YkUesZLkfsUkNjgP','2024-01-16 13:25:50.307756','read write',3,48,'2024-01-16 03:25:50.307756','2024-01-16 03:25:50.307756',NULL,NULL),(510,'yldEdm2eSXToEnaVzidDOpLhoqh57F','2024-01-16 13:26:37.697261','read write',3,48,'2024-01-16 03:26:37.698290','2024-01-16 03:26:37.698290',NULL,NULL),(511,'RdmyliTxXq7Wm4ywRbi4my5k7dBihL','2024-01-16 13:27:15.002784','read write',3,48,'2024-01-16 03:27:15.003946','2024-01-16 03:27:15.003946',NULL,NULL),(512,'015csBf6DXdaJvjWYphV7BjuQ1HKQL','2024-01-16 13:31:11.510653','read write',3,48,'2024-01-16 03:31:11.510653','2024-01-16 03:31:11.510653',NULL,NULL),(513,'XGzLkjPsXqis5hGwq7VjjreqJ4WmEZ','2024-01-16 13:34:42.700496','read write',3,48,'2024-01-16 03:34:42.700496','2024-01-16 03:34:42.700496',NULL,NULL),(514,'meFqOBmj9yUSB4KosJgSQLcSFxYqQI','2024-01-16 13:34:43.186154','read write',3,48,'2024-01-16 03:34:43.187173','2024-01-16 03:34:43.187173',NULL,NULL),(515,'d9FcQKyRm2McYbuAnERgi6UgxL02HM','2024-01-16 13:35:13.015801','read write',3,48,'2024-01-16 03:35:13.015801','2024-01-16 03:35:13.015801',NULL,NULL),(516,'kWreRrV7QhXmSGysGefVChgdJ3qIgm','2024-01-16 13:38:10.048779','read write',3,48,'2024-01-16 03:38:10.048779','2024-01-16 03:38:10.048779',NULL,NULL),(517,'n8Yy5dwGbnvurtBr3R8URV0SZBRFti','2024-01-16 13:39:31.930809','read write',3,48,'2024-01-16 03:39:31.931795','2024-01-16 03:39:31.931795',NULL,NULL),(518,'NH9HeQjkQvxE8XfAKCetNYtTg61QP1','2024-01-16 13:47:01.598552','read write',3,48,'2024-01-16 03:47:01.601598','2024-01-16 03:47:01.601598',NULL,NULL),(519,'7tzUFG8tGOgxvmK1n2kxCsAhXdwapo','2024-01-16 13:47:30.156922','read write',3,48,'2024-01-16 03:47:30.156922','2024-01-16 03:47:30.156922',NULL,NULL),(520,'wcBwCsoWBG0r1ltUNxA01b06d6OHiS','2024-01-16 13:49:22.720731','read write',3,48,'2024-01-16 03:49:22.720731','2024-01-16 03:49:22.720731',NULL,NULL),(521,'91WhcJiMI9ACYPTZzR9Rmw10dCt05B','2024-01-16 13:51:32.059987','read write',3,48,'2024-01-16 03:51:32.060500','2024-01-16 03:51:32.060500',NULL,NULL),(522,'gQGi7lqSQbLNempuJCPg2U17OwmCRn','2024-01-16 13:52:55.264735','read write',3,48,'2024-01-16 03:52:55.264735','2024-01-16 03:52:55.264735',NULL,NULL),(523,'vb402u31vdu58rv9q8ESo2WerI9IxM','2024-01-16 13:56:01.326948','read write',3,48,'2024-01-16 03:56:01.326948','2024-01-16 03:56:01.326948',NULL,NULL),(524,'YLZVcbRnY73qiRZEo9ycWmbiH0Tsmg','2024-01-16 13:57:23.285398','read write',3,48,'2024-01-16 03:57:23.286382','2024-01-16 03:57:23.286382',NULL,NULL),(525,'VpkKkwqqPpmlQ6JtRsJeTfbh11IYhm','2024-01-16 13:57:56.698819','read write',3,48,'2024-01-16 03:57:56.698819','2024-01-16 03:57:56.698819',NULL,NULL),(526,'KmQ13bfVAyMNgftto7NbJd4JfD2Vfu','2024-01-16 14:00:24.358234','read write',3,48,'2024-01-16 04:00:24.358234','2024-01-16 04:00:24.358234',NULL,NULL),(527,'H7mqO67z2UpvyfKtKKrksvSrCAX4sb','2024-01-16 14:00:57.097886','read write',3,48,'2024-01-16 04:00:57.098863','2024-01-16 04:00:57.098863',NULL,NULL),(528,'0rU42cxuuaIkXhTHJ6T3OPe5LQPNYr','2024-01-16 14:01:35.208309','read write',3,48,'2024-01-16 04:01:35.208309','2024-01-16 04:01:35.208309',NULL,NULL),(529,'SlxYlBi1tegFTJYE1nH69JUQlAM3vV','2024-01-16 14:02:18.651842','read write',3,48,'2024-01-16 04:02:18.651842','2024-01-16 04:02:18.651842',NULL,NULL),(530,'8XEzxcruk2vuTj5YQpXsM09gwVDchT','2024-01-16 14:04:20.678288','read write',3,48,'2024-01-16 04:04:20.679793','2024-01-16 04:04:20.679793',NULL,NULL),(531,'He4hOefkmPQvv9M2hiZULHe3KFJ4ha','2024-01-16 14:06:53.041801','read write',3,48,'2024-01-16 04:06:53.041801','2024-01-16 04:06:53.041801',NULL,NULL),(532,'u1KTiYBL8YLZ2zR6XkVjEDYfRmitLd','2024-01-16 14:07:33.831828','read write',3,48,'2024-01-16 04:07:33.832807','2024-01-16 04:07:33.832807',NULL,NULL),(533,'MkoajjeptsH6InmqzH5kQuk1eftrSK','2024-01-16 14:08:35.210727','read write',3,48,'2024-01-16 04:08:35.210727','2024-01-16 04:08:35.210727',NULL,NULL),(534,'NyhkZnSNiaTZBnZsjZcvkdTrdV9AyM','2024-01-16 14:11:59.331727','read write',3,48,'2024-01-16 04:11:59.332705','2024-01-16 04:11:59.332705',NULL,NULL),(535,'DKZeDv2VhUmqkxgWZgTPouZdAavwuy','2024-01-16 14:13:32.201457','read write',3,48,'2024-01-16 04:13:32.202964','2024-01-16 04:13:32.202964',NULL,NULL),(536,'nit34jqJJ4lawMLlwdeX13JDxopCof','2024-01-16 14:13:56.430773','read write',3,48,'2024-01-16 04:13:56.431780','2024-01-16 04:13:56.431780',NULL,NULL),(537,'rFEWI4NlvgxLBy0hFEHg7AqYiAmqP5','2024-01-16 14:14:40.386711','read write',3,48,'2024-01-16 04:14:40.386711','2024-01-16 04:14:40.386711',NULL,NULL),(538,'CIMv1pkcbcgyL4SFPYjAPFAT6tuyrb','2024-01-16 14:15:31.978450','read write',3,48,'2024-01-16 04:15:31.978450','2024-01-16 04:15:31.978450',NULL,NULL),(539,'r5KRnzilCslRhgHM1EOVwlKRBOoZPO','2024-01-16 14:16:34.271671','read write',3,48,'2024-01-16 04:16:34.272679','2024-01-16 04:16:34.272679',NULL,NULL),(540,'6ZaaV5bCTk73XttjEHFzwAlfbzxiVa','2024-01-16 14:17:55.041452','read write',3,48,'2024-01-16 04:17:55.043461','2024-01-16 04:17:55.043461',NULL,NULL),(541,'UPvXfSnfdQ2cKyeDZKLwfvX4boUzXe','2024-01-16 14:21:17.605486','read write',3,48,'2024-01-16 04:21:17.607540','2024-01-16 04:21:17.607540',NULL,NULL),(542,'uE76sj6lAFdjrFt9EsYOkhvi2pP3l7','2024-01-16 14:21:51.498806','read write',3,48,'2024-01-16 04:21:51.499810','2024-01-16 04:21:51.499810',NULL,NULL),(543,'6P2pu1DkDqubfJKsUn1tdUPLm3TMQP','2024-01-16 14:28:02.510625','read write',3,48,'2024-01-16 04:28:02.512907','2024-01-16 04:28:02.512907',NULL,NULL),(544,'GVRj8OnCf8hnbdRIaqeTwQwOn22M0f','2024-01-16 14:29:02.690562','read write',3,48,'2024-01-16 04:29:02.690562','2024-01-16 04:29:02.690562',NULL,NULL),(545,'yuItQkwPyKRT7zgIrSqXq2YGKAENW0','2024-01-16 14:32:10.704496','read write',3,48,'2024-01-16 04:32:10.704496','2024-01-16 04:32:10.704496',NULL,NULL),(546,'aAWkDqmBazlECnlJfdZOIbuLU32HGt','2024-01-16 14:35:26.832848','read write',3,48,'2024-01-16 04:35:26.837887','2024-01-16 04:35:26.837887',NULL,NULL),(547,'iXE4VjyEVNFdBqeA2WB2xcz4liiA9p','2024-01-16 14:37:29.457871','read write',3,48,'2024-01-16 04:37:29.457871','2024-01-16 04:37:29.457871',NULL,NULL),(548,'CtMfrTT6m3PKFTPTxay3BwDFFMDMCK','2024-01-16 14:43:06.303369','read write',3,48,'2024-01-16 04:43:06.304385','2024-01-16 04:43:06.304385',NULL,NULL),(549,'mVXc5Lq3MgI4NTFwfCbOhvOQbIo2q0','2024-01-16 14:45:15.334828','read write',3,48,'2024-01-16 04:45:15.335804','2024-01-16 04:45:15.335804',NULL,NULL),(550,'RBO3HHYe4tqvGOEiYHJ2c7VKpbE0of','2024-01-16 14:45:43.272684','read write',3,48,'2024-01-16 04:45:43.273662','2024-01-16 04:45:43.273662',NULL,NULL),(551,'hvQseylQOImvU1k0Pj6MsdbRDllnDV','2024-01-16 14:45:59.439751','read write',3,48,'2024-01-16 04:45:59.439751','2024-01-16 04:45:59.439751',NULL,NULL),(552,'f0UO2sHeKH4p2fzwcaxH6EwNQHVzm4','2024-01-16 14:46:45.773392','read write',3,48,'2024-01-16 04:46:45.773392','2024-01-16 04:46:45.773392',NULL,NULL),(553,'jrcAQAQ4z8ZwGBhMdatGTPcEcksaI8','2024-01-16 14:50:11.158768','read write',3,48,'2024-01-16 04:50:11.159788','2024-01-16 04:50:11.159788',NULL,NULL),(554,'dLMmlMBCDynN5eeGABjSPb1Ubve3Zh','2024-01-16 14:53:37.046108','read write',3,48,'2024-01-16 04:53:37.047129','2024-01-16 04:53:37.047129',NULL,NULL),(555,'RpcbMux1EBnZNykZK3qFnEDabNQw8s','2024-01-16 14:54:29.091462','read write',3,48,'2024-01-16 04:54:29.092439','2024-01-16 04:54:29.092439',NULL,NULL),(556,'jd1gFh6YuuJOFz2YC1A7MqB0Z9Jhgv','2024-01-16 14:55:39.689661','read write',3,48,'2024-01-16 04:55:39.690673','2024-01-16 04:55:39.690673',NULL,NULL),(557,'YGuR6Ar4XqXcFrhx8xES1wpvGZBiuE','2024-01-16 14:56:22.495790','read write',3,48,'2024-01-16 04:56:22.495790','2024-01-16 04:56:22.495790',NULL,NULL),(558,'xOLIkuAqnlIslyovaxVy2mNjyWQpMo','2024-01-16 14:59:17.298432','read write',3,48,'2024-01-16 04:59:17.299936','2024-01-16 04:59:17.299936',NULL,NULL),(559,'jCjL3am73TyqbYWSdoxsIu1FPdxheu','2024-01-16 15:01:06.483645','read write',3,48,'2024-01-16 05:01:06.484650','2024-01-16 05:01:06.484650',NULL,NULL),(560,'vxHQzmljAewwxvUs0x749BskYeXgmj','2024-01-16 16:35:29.161396','read write',3,48,'2024-01-16 06:35:29.169179','2024-01-16 06:35:29.169179',NULL,NULL),(561,'YAQzfu2z9eb1Iv2KyBR9CdIZSKKqGz','2024-01-16 16:36:07.180552','read write',3,48,'2024-01-16 06:36:07.180552','2024-01-16 06:36:07.180552',NULL,NULL),(562,'zuAFUJdlL0JMZ62EnWhOd5UoEpch6r','2024-01-16 16:37:03.731496','read write',3,48,'2024-01-16 06:37:03.732502','2024-01-16 06:37:03.732502',NULL,NULL),(563,'qgMfCc4JpelN0ygswmoYNE2wMZPvlX','2024-01-16 16:37:32.536428','read write',3,48,'2024-01-16 06:37:32.536428','2024-01-16 06:37:32.536428',NULL,NULL),(564,'ioV6Q7G0JWwsVujuAPF0bSxzeILvuz','2024-01-16 16:55:31.869590','read write',3,48,'2024-01-16 06:55:31.871796','2024-01-16 06:55:31.871796',NULL,NULL),(565,'pR7h6wNzCpd371pJHgcJO2GJIKEHRa','2024-01-16 16:57:19.611476','read write',3,48,'2024-01-16 06:57:19.611476','2024-01-16 06:57:19.611476',NULL,NULL),(566,'frUC4NEegalXSDoDMZTE1i4Kn1qqZm','2024-01-16 16:58:17.323075','read write',3,48,'2024-01-16 06:58:17.323075','2024-01-16 06:58:17.323075',NULL,NULL),(567,'CvF9jpXBvEQNkLMdlQO4H5mRQwEAjV','2024-01-16 17:00:17.634495','read write',3,48,'2024-01-16 07:00:17.636013','2024-01-16 07:00:17.636013',NULL,NULL),(568,'yQnxi7RNXfeo4T663inUvPzySzMP9O','2024-01-16 17:01:35.551944','read write',3,48,'2024-01-16 07:01:35.551944','2024-01-16 07:01:35.551944',NULL,NULL),(569,'zGTPrJNFE7lWFFeDmKHbwnD5OTrkLJ','2024-01-16 17:03:51.723588','read write',3,48,'2024-01-16 07:03:51.726605','2024-01-16 07:03:51.726605',NULL,NULL),(570,'KMjsugU26ElrgOndSNBXTxWwEtOW3o','2024-01-16 17:07:00.633508','read write',3,48,'2024-01-16 07:07:00.635517','2024-01-16 07:07:00.635517',NULL,NULL),(571,'9HrVSFQt6bTnfeDOXtOqCqPQXuT7os','2024-01-16 17:09:08.853785','read write',3,48,'2024-01-16 07:09:08.853785','2024-01-16 07:09:08.853785',NULL,NULL),(572,'NILqvvn0DZDlxmoTpRdhewP3aEYokS','2024-01-16 17:14:47.886756','read write',3,48,'2024-01-16 07:14:47.890664','2024-01-16 07:14:47.890664',NULL,NULL),(573,'CW0LuSi7a2lbpuXjvJtiuFkCztOK31','2024-01-16 17:19:01.129531','read write',3,48,'2024-01-16 07:19:01.130525','2024-01-16 07:19:01.131509',NULL,NULL),(574,'JNVGgLZNecXhZ6cq6gPtzQzqBp7hBV','2024-01-16 17:20:10.856921','read write',3,48,'2024-01-16 07:20:10.857911','2024-01-16 07:20:10.857911',NULL,NULL),(575,'KwaXOkRAeAs3nl1UhYCynRDPzYmSPX','2024-01-16 17:20:39.644179','read write',3,48,'2024-01-16 07:20:39.645159','2024-01-16 07:20:39.645159',NULL,NULL),(576,'cXwCsOGcRyrqqQleN6DOEVNMFV2A8R','2024-01-16 17:23:55.582334','read write',3,48,'2024-01-16 07:23:55.582334','2024-01-16 07:23:55.582334',NULL,NULL),(577,'FymBNtHmfD9ri8vhTLzv7izBzTyodV','2024-01-16 17:28:18.700741','read write',3,48,'2024-01-16 07:28:18.702254','2024-01-16 07:28:18.702254',NULL,NULL),(578,'Q2cfQwVUXdnFsDZUVqeioqj3L3TUa1','2024-01-16 17:36:00.841984','read write',3,48,'2024-01-16 07:36:00.844027','2024-01-16 07:36:00.844027',NULL,NULL),(579,'mGqE3qU6tBGaV0Wwzr3Ac1C2yzUDTa','2024-01-16 17:38:41.624416','read write',3,48,'2024-01-16 07:38:41.625394','2024-01-16 07:38:41.625394',NULL,NULL),(580,'v3scWr0lOKJqQlCT7dkIlUeqxFEzzz','2024-01-16 17:45:40.777018','read write',3,48,'2024-01-16 07:45:40.777018','2024-01-16 07:45:40.777018',NULL,NULL),(581,'w5JycytdChwSFarGFkjEnGaKMl2Q8y','2024-01-16 17:46:52.112455','read write',3,48,'2024-01-16 07:46:52.112455','2024-01-16 07:46:52.112455',NULL,NULL),(582,'r8KUGR7tlyrvFSYZ32egbecC0HAU9R','2024-01-16 17:48:37.461524','read write',3,48,'2024-01-16 07:48:37.462486','2024-01-16 07:48:37.462486',NULL,NULL),(583,'HPC1pyCOaNpsTjkQc2KGtW7WqAUCm2','2024-01-16 18:10:07.060521','read write',3,48,'2024-01-16 08:10:07.062477','2024-01-16 08:10:07.062477',NULL,NULL),(584,'P0DBvAMWfMFgLu1afU0eIyNQr86T60','2024-01-16 18:10:07.706771','read write',3,48,'2024-01-16 08:10:07.706771','2024-01-16 08:10:07.706771',NULL,NULL),(585,'G7sJsy4R27P0qlMtwzMf41cCtrpPco','2024-01-16 18:23:11.932498','read write',3,48,'2024-01-16 08:23:11.938909','2024-01-16 08:23:11.938909',NULL,NULL),(586,'yHZrJHJKQa1KQOpbLlBrID89Cyrkqr','2024-01-16 18:24:46.915118','read write',3,48,'2024-01-16 08:24:46.916623','2024-01-16 08:24:46.916623',NULL,NULL),(587,'iOE3TkjIPrtv4eBvMxdLEeHhbbA6ZL','2024-01-16 18:36:07.726818','read write',3,48,'2024-01-16 08:36:07.726818','2024-01-16 08:36:07.726818',NULL,NULL),(588,'ZqwpB0VTQ5iU1kAO3ZfP0HRf5Mhs8K','2024-01-16 18:48:14.066290','read write',3,48,'2024-01-16 08:48:14.067267','2024-01-16 08:48:14.067267',NULL,NULL),(589,'d57t1v6Xp67tpVqwocHu6PlT73jKQT','2024-01-16 18:53:27.921149','read write',3,48,'2024-01-16 08:53:27.921149','2024-01-16 08:53:27.921149',NULL,NULL),(590,'0K8rk2zcB0ArjZLBi4Cn1EJ40U7MMC','2024-01-16 18:55:48.941861','read write',3,48,'2024-01-16 08:55:48.942841','2024-01-16 08:55:48.942841',NULL,NULL),(591,'y9ztSMpstZmNTEZjPGDFGTuXTyrwBe','2024-01-16 18:56:29.059008','read write',3,48,'2024-01-16 08:56:29.059008','2024-01-16 08:56:29.059008',NULL,NULL),(592,'k546zcDCcPDW6aIllbWx8i41cBtsyV','2024-01-16 18:57:50.675509','read write',3,48,'2024-01-16 08:57:50.675509','2024-01-16 08:57:50.675509',NULL,NULL),(593,'mWKc0a8IZ2uOjRwsRDinFqY1bvhCxR','2024-01-16 18:59:22.688571','read write',3,48,'2024-01-16 08:59:22.689609','2024-01-16 08:59:22.689609',NULL,NULL),(594,'jOBl6w59Y55pewmg9IjktAaHxicaZF','2024-01-16 19:21:44.448612','read write',3,48,'2024-01-16 09:21:44.457663','2024-01-16 09:21:44.457663',NULL,NULL),(595,'A93n8y2WGQmefnHViLkxQhou7felHs','2024-01-16 19:23:30.775612','read write',3,48,'2024-01-16 09:23:30.775612','2024-01-16 09:23:30.775612',NULL,NULL),(596,'fqb38B0DBlpsZ9uwdZV2c3pt7Ff3NW','2024-01-16 19:24:19.027895','read write',3,48,'2024-01-16 09:24:19.028886','2024-01-16 09:24:19.028886',NULL,NULL),(597,'eoaey1k3SyUdoeRyrJMsTMEt3FamGA','2024-01-16 19:26:31.854476','read write',3,48,'2024-01-16 09:26:31.854476','2024-01-16 09:26:31.854476',NULL,NULL),(598,'IsdZfO2OlWHcFSyNw2wXoiimbR42e6','2024-01-16 19:27:03.691515','read write',3,48,'2024-01-16 09:27:03.692477','2024-01-16 09:27:03.692477',NULL,NULL),(599,'OOYEqts01vzwETLChRqBZ8712xOs8L','2024-01-16 19:27:29.957396','read write',3,48,'2024-01-16 09:27:29.957396','2024-01-16 09:27:29.957396',NULL,NULL),(600,'5erwZrYaPT9AppPGdIJF8PY3Vj8TX1','2024-01-16 19:33:09.967157','read write',3,48,'2024-01-16 09:33:09.971646','2024-01-16 09:33:09.971646',NULL,NULL),(601,'akJEpL80FtoWkln2Enude5dNUTFqH1','2024-01-16 19:36:00.123695','read write',3,48,'2024-01-16 09:36:00.138394','2024-01-16 09:36:00.138394',NULL,NULL),(602,'MGcChDAi6EhxK54T2FpGSBkAU8rzsw','2024-01-16 19:48:57.089168','read write',3,48,'2024-01-16 09:48:57.090170','2024-01-16 09:48:57.090170',NULL,NULL),(603,'f0Pwz1OhZZ3jKtdOe3DsvoE52rqQVH','2024-01-16 19:54:15.396434','read write',3,48,'2024-01-16 09:54:15.399456','2024-01-16 09:54:15.399456',NULL,NULL),(604,'M2Amh1ujAFjGtnKjjIBsiWvEw0CdHj','2024-01-16 19:57:25.445018','read write',3,48,'2024-01-16 09:57:25.446975','2024-01-16 09:57:25.446975',NULL,NULL),(605,'FgO1776yCY8TeuxeLFrUT9Hwx1087h','2024-01-16 19:58:37.856618','read write',3,48,'2024-01-16 09:58:37.858137','2024-01-16 09:58:37.858137',NULL,NULL),(606,'mX7wSKtFVNUAjCF18HCMOOBTJRw5qV','2024-01-16 20:00:55.510569','read write',3,48,'2024-01-16 10:00:55.511533','2024-01-16 10:00:55.511533',NULL,NULL),(607,'egkbJ2m6R5hB4sYpX2Iy2orRhiwqsK','2024-01-16 20:04:25.986244','read write',3,48,'2024-01-16 10:04:25.986244','2024-01-16 10:04:25.987223',NULL,NULL),(608,'PUjDsRqILonsbh5kLoeOfOjuml5ahb','2024-01-16 20:06:54.473843','read write',3,48,'2024-01-16 10:06:54.474820','2024-01-16 10:06:54.474820',NULL,NULL),(609,'1MkGzRYH9mPp3JXNzk6my76cB0mu1Y','2024-01-16 20:10:36.544329','read write',3,48,'2024-01-16 10:10:36.545306','2024-01-16 10:10:36.545306',NULL,NULL),(610,'cDXVkHY4r1jmjhO4lMtcDcRNZT2AJP','2024-01-16 20:12:44.831746','read write',3,48,'2024-01-16 10:12:44.831746','2024-01-16 10:12:44.831746',NULL,NULL),(611,'oWOZF8s8rdugWCixSFarhRkNracwdt','2024-01-16 20:13:26.670663','read write',3,48,'2024-01-16 10:13:26.671643','2024-01-16 10:13:26.671643',NULL,NULL),(612,'GWxxNAoxZ52g7PDgdtBWUTRaj2xhKV','2024-01-16 20:16:36.423269','read write',3,48,'2024-01-16 10:16:36.425216','2024-01-16 10:16:36.425216',NULL,NULL),(613,'sTAzSQWEr9LhQWVd73bEcbQ3D494Cd','2024-01-16 20:18:40.423663','read write',3,48,'2024-01-16 10:18:40.425166','2024-01-16 10:18:40.425166',NULL,NULL),(614,'QYRXQoRS3fnv07KpWeans516YvTbX1','2024-01-16 20:23:31.499272','read write',3,48,'2024-01-16 10:23:31.500292','2024-01-16 10:23:31.500292',NULL,NULL),(615,'5MP1OH3HujqCOeSjN4ZYX2UdYwxMhY','2024-01-16 20:28:30.156425','read write',3,48,'2024-01-16 10:28:30.161794','2024-01-16 10:28:30.161794',NULL,NULL),(616,'vrhLahN2RX6ejnhHx8S2MQjHV0sz9Y','2024-01-16 20:30:15.887225','read write',3,48,'2024-01-16 10:30:15.887225','2024-01-16 10:30:15.887225',NULL,NULL),(617,'LuiuNX3ys8So26DSKN6BqliW4Ib73R','2024-01-16 20:31:39.155266','read write',3,48,'2024-01-16 10:31:39.155266','2024-01-16 10:31:39.155266',NULL,NULL),(618,'K11WTl6DrkVHm6QT2EN8OAn8C1IAVB','2024-01-16 20:34:05.847186','read write',3,48,'2024-01-16 10:34:05.847186','2024-01-16 10:34:05.847186',NULL,NULL),(619,'WbjPgNJrhqQ3upVRah5nsLPwDF0hUk','2024-01-16 20:34:56.012755','read write',3,48,'2024-01-16 10:34:56.012755','2024-01-16 10:34:56.012755',NULL,NULL),(620,'HPPUHtPuMhQxeCYfTNMLJfmYzb6WDJ','2024-01-16 20:35:29.369333','read write',3,48,'2024-01-16 10:35:29.369333','2024-01-16 10:35:29.369333',NULL,NULL),(621,'YPqb7eN73YFL3P9QIsBOku3q2ytKRl','2024-01-16 20:36:10.494944','read write',3,48,'2024-01-16 10:36:10.494944','2024-01-16 10:36:10.494944',NULL,NULL),(622,'tKOO8CGBticLblulpMtFxkfOnA8Vo8','2024-01-16 20:36:38.422535','read write',3,48,'2024-01-16 10:36:38.423554','2024-01-16 10:36:38.423554',NULL,NULL),(623,'czQzfSVg8B7AhXoQoR9B0LicT4W2LB','2024-01-16 20:37:59.485867','read write',3,48,'2024-01-16 10:37:59.485867','2024-01-16 10:37:59.485867',NULL,NULL),(624,'KDeE5ve3UASXLG57xNeQV0YHTH3UVc','2024-01-16 20:38:32.889573','read write',3,48,'2024-01-16 10:38:32.890091','2024-01-16 10:38:32.890091',NULL,NULL),(625,'oAaQSvEKX4v9HB9PsuYOI4nLVhfv0r','2024-01-16 20:39:01.725425','read write',3,48,'2024-01-16 10:39:01.726403','2024-01-16 10:39:01.726403',NULL,NULL),(626,'nv7p15jXf8eMddIXmIIV6R1I0KlyQc','2024-01-16 20:39:55.045204','read write',3,48,'2024-01-16 10:39:55.046214','2024-01-16 10:39:55.046214',NULL,NULL),(627,'aGjxxhDfqrkbiJZT9fTVFIxCpqF6ce','2024-01-16 20:40:21.566410','read write',3,48,'2024-01-16 10:40:21.567394','2024-01-16 10:40:21.567394',NULL,NULL),(628,'wwEZV6H0K4iGAKOBTOsSzJ21zyJlT1','2024-01-16 20:40:48.031723','read write',3,48,'2024-01-16 10:40:48.031723','2024-01-16 10:40:48.031723',NULL,NULL),(629,'Mdahd8m0aiAMksBxbCYl7h0tAUyPSE','2024-01-16 20:56:35.094051','read write',3,48,'2024-01-16 10:56:35.094051','2024-01-16 10:56:35.094051',NULL,NULL),(630,'vhvyE2vjbQQpYLKmKL0GkeORRKS9k9','2024-01-16 20:58:57.126746','read write',3,48,'2024-01-16 10:58:57.127733','2024-01-16 10:58:57.127733',NULL,NULL),(631,'0m3H3oglmRYWUB7UBCtTMVPURKC9fC','2024-01-17 00:11:06.620490','read write',3,48,'2024-01-16 14:11:06.628069','2024-01-16 14:11:06.628069',NULL,NULL),(632,'mS7ZxU5g3ShwEP9EjsoLkB1EH7V7T1','2024-01-17 16:56:21.333042','read write',3,48,'2024-01-17 06:56:21.338160','2024-01-17 06:56:21.338160',NULL,NULL),(633,'rVukeIFZRiCeqfoDfkF1bkJTXAPKSU','2024-01-17 17:16:34.516937','read write',3,48,'2024-01-17 07:16:34.522909','2024-01-17 07:16:34.522909',NULL,NULL),(634,'8U9KRrbE2kVsL7bEeMTDBgpqM1qqxt','2024-01-17 17:17:43.620507','read write',3,48,'2024-01-17 07:17:43.621476','2024-01-17 07:17:43.621476',NULL,NULL),(635,'GnHjUhsxy6TppO17m0uKN7slj6NOZ2','2024-01-17 17:21:11.282742','read write',3,2,'2024-01-17 07:21:11.282742','2024-01-17 07:21:11.282742',NULL,NULL),(636,'4qm3dCqEZTUlAcCOVGeoW6pfoLYuek','2024-01-17 17:46:25.928017','read write',3,2,'2024-01-17 07:46:25.929971','2024-01-17 07:46:25.929971',NULL,NULL),(637,'kAQUmfVYZdWVwSzV3Kic8IBOJi5GTd','2024-01-17 18:32:52.581570','read write',3,2,'2024-01-17 08:32:52.588878','2024-01-17 08:32:52.588878',NULL,NULL),(638,'DJVIOfhmoo809tk0AMls2xxKRCPdJd','2024-01-17 18:33:13.260633','read write',3,2,'2024-01-17 08:33:13.260633','2024-01-17 08:33:13.260633',NULL,NULL),(639,'QUKqt9PEsx9Vx3DmHhXy3OGUTyffFM','2024-01-17 18:33:57.991521','read write',3,2,'2024-01-17 08:33:57.991521','2024-01-17 08:33:57.991521',NULL,NULL),(640,'f9XSlxkgVvC1ZqYge6nxLuz73D0hOv','2024-01-17 18:34:18.179345','read write',3,2,'2024-01-17 08:34:18.180335','2024-01-17 08:34:18.180335',NULL,NULL),(641,'aTT2AahuC84GRFx0XHTp3AuqKADm6D','2024-01-17 18:34:47.618250','read write',3,2,'2024-01-17 08:34:47.619252','2024-01-17 08:34:47.619252',NULL,NULL),(642,'Wz5L0lPTrNj2f0K8QR9axHCaU0zFed','2024-01-17 18:35:11.392807','read write',3,2,'2024-01-17 08:35:11.393811','2024-01-17 08:35:11.393811',NULL,NULL),(643,'D7YPmLE2IBIe1WFaUzUyPuSNJUD8p0','2024-01-17 18:35:43.137174','read write',3,2,'2024-01-17 08:35:43.137174','2024-01-17 08:35:43.137174',NULL,NULL),(644,'0YTVf85iN8LckCSItG9FU9LsPFM0Nh','2024-01-17 18:36:25.062303','read write',3,2,'2024-01-17 08:36:25.062303','2024-01-17 08:36:25.062303',NULL,NULL),(645,'uRhhoxLVQueh5v3SUa0ytsegKwvPV5','2024-01-17 18:38:09.357884','read write',3,48,'2024-01-17 08:38:09.357884','2024-01-17 08:38:09.357884',NULL,NULL),(646,'71lg541fpxqRvxKFxSCni4rlEhxK1k','2024-01-17 18:42:29.673108','read write',3,2,'2024-01-17 08:42:29.674112','2024-01-17 08:42:29.674112',NULL,NULL),(647,'RzD67Bu2tpAg1Wpb6sayjXJ4yFJy0d','2024-01-17 18:43:01.329740','read write',3,2,'2024-01-17 08:43:01.329740','2024-01-17 08:43:01.329740',NULL,NULL),(648,'JXMWqN7Qzc5on8qPGvEv35DSqx05OW','2024-01-17 18:44:44.142534','read write',3,48,'2024-01-17 08:44:44.142534','2024-01-17 08:44:44.142534',NULL,NULL),(649,'IghyZqHWBuP0QjgulVGWM9Z9S57IrX','2024-01-17 18:48:27.102483','read write',3,48,'2024-01-17 08:48:27.103989','2024-01-17 08:48:27.103989',NULL,NULL),(650,'d5p0JKIOOKSGqih2EwWJe4SXCeK5g0','2024-01-17 18:48:41.095081','read write',3,2,'2024-01-17 08:48:41.095081','2024-01-17 08:48:41.095081',NULL,NULL),(651,'0gJTRcVkihmyDFh2pIrBOa0gYmyIs3','2024-01-17 18:48:58.051928','read write',3,2,'2024-01-17 08:48:58.051928','2024-01-17 08:48:58.051928',NULL,NULL),(652,'1ztQ0opWBidEgNdHsX1bSAtB1DbqBk','2024-01-17 19:07:45.809456','read write',3,2,'2024-01-17 09:07:45.811410','2024-01-17 09:07:45.811410',NULL,NULL),(653,'iv5l53wXF96DUZ2dxYgF5taXu8sQxe','2024-01-17 19:13:40.727708','read write',3,2,'2024-01-17 09:13:40.737081','2024-01-17 09:13:40.737081',NULL,NULL),(654,'V8kvwQZ7Mj4e0qOE20rFuyReoMaatm','2024-01-17 19:15:31.206582','read write',3,2,'2024-01-17 09:15:31.207588','2024-01-17 09:15:31.207588',NULL,NULL),(655,'4hFonOgIou0IKEpVifrmrGUxFtmemj','2024-01-17 19:16:16.708045','read write',3,48,'2024-01-17 09:16:16.709025','2024-01-17 09:16:16.709025',NULL,NULL),(656,'mMXdg2XZqax1gLHPzOlPqd8L2KGSua','2024-01-17 19:19:10.990117','read write',3,2,'2024-01-17 09:19:10.992099','2024-01-17 09:19:10.992099',NULL,NULL),(657,'Z2ELdRT5CvLVmERUVprtNvmIb53Q7W','2024-01-17 19:26:14.921609','read write',3,2,'2024-01-17 09:26:14.924664','2024-01-17 09:26:14.924664',NULL,NULL),(658,'weJaeWoL6gyoClg67Nj09dSwi6PSKr','2024-01-17 19:31:53.487999','read write',3,2,'2024-01-17 09:31:53.493896','2024-01-17 09:31:53.493896',NULL,NULL),(659,'wM9ImFyiAtElYptzuoWR2Uz65p39te','2024-01-17 19:32:36.835029','read write',3,2,'2024-01-17 09:32:36.835504','2024-01-17 09:32:36.835504',NULL,NULL),(660,'LznmVnDva9yofkMTouyMjUunCjcnVU','2024-01-17 19:38:30.717876','read write',3,2,'2024-01-17 09:38:30.718896','2024-01-17 09:38:30.718896',NULL,NULL),(661,'Lh9Y32gqkm2EgYVgvoBLiNgWaVXPdO','2024-01-17 19:46:50.530081','read write',3,2,'2024-01-17 09:46:50.531585','2024-01-17 09:46:50.531585',NULL,NULL),(662,'acGx0EOnnIqc7457ImLzSfdTrI9SMk','2024-01-17 19:51:04.959780','read write',3,48,'2024-01-17 09:51:04.961734','2024-01-17 09:51:04.961734',NULL,NULL),(663,'wdBLfJM8ubA1E36uHPvPpnBYwBPOyT','2024-01-17 19:51:40.458408','read write',3,48,'2024-01-17 09:51:40.458408','2024-01-17 09:51:40.458408',NULL,NULL),(664,'WyG5KKGSMneboq4hIgXhn9mngDbE0d','2024-01-17 19:54:12.330252','read write',3,48,'2024-01-17 09:54:12.331271','2024-01-17 09:54:12.331271',NULL,NULL),(665,'XCR5hm48MtQYsjhjc2sIOp8oUKS0i6','2024-01-17 19:54:33.083872','read write',3,48,'2024-01-17 09:54:33.084849','2024-01-17 09:54:33.084849',NULL,NULL),(666,'IXazFgaveK4SrTGOowHsyvRFUQsE6Y','2024-01-17 19:55:01.776482','read write',3,48,'2024-01-17 09:55:01.777466','2024-01-17 09:55:01.777466',NULL,NULL),(667,'JSbeH4YAprFUibWCTy9cMNCAWEuC6f','2024-01-17 19:56:00.737464','read write',3,48,'2024-01-17 09:56:00.738441','2024-01-17 09:56:00.738441',NULL,NULL),(668,'6Klk605kNIDCr5DNM7sJSoMdeCKHgF','2024-01-17 19:56:28.516456','read write',3,48,'2024-01-17 09:56:28.517531','2024-01-17 09:56:28.517531',NULL,NULL),(669,'JlThYzE2Lupv1OoVM5dUgJ8NJGuKJI','2024-01-17 19:57:28.666271','read write',3,48,'2024-01-17 09:57:28.667291','2024-01-17 09:57:28.667291',NULL,NULL),(670,'cyMpqh44qLAvXkN7XarwyGBCrASFLw','2024-01-17 19:58:18.815263','read write',3,48,'2024-01-17 09:58:18.815263','2024-01-17 09:58:18.815263',NULL,NULL),(671,'lVlQEX6pNrzYzrdlEjftgaO8s3Xmrw','2024-01-17 19:59:06.077598','read write',3,48,'2024-01-17 09:59:06.078614','2024-01-17 09:59:06.078614',NULL,NULL),(672,'4qltdZojLWdWPy3un7TwU2po1qfzFw','2024-01-17 20:00:16.383631','read write',3,48,'2024-01-17 10:00:16.384608','2024-01-17 10:00:16.384608',NULL,NULL),(673,'UVu76AhP7FN3dPzRXiNe286VeOAq7f','2024-01-17 20:03:13.773787','read write',3,48,'2024-01-17 10:03:13.775292','2024-01-17 10:03:13.775292',NULL,NULL),(674,'Ssrb4meVGgKMbqQk98VfboPqVx9WKW','2024-01-17 20:03:36.632386','read write',3,48,'2024-01-17 10:03:36.633353','2024-01-17 10:03:36.633353',NULL,NULL),(675,'mNvmtWQgSdjXqvC21ulCrLzlWH6khf','2024-01-17 20:06:17.681479','read write',3,48,'2024-01-17 10:06:17.691046','2024-01-17 10:06:17.691046',NULL,NULL),(676,'3AUBEPbSApKQrgCGGnTPzOOVqCJRxK','2024-01-17 20:06:45.615671','read write',3,2,'2024-01-17 10:06:45.616676','2024-01-17 10:06:45.616676',NULL,NULL),(677,'0xunWHTmwtb44ctfsts5HuRUDTBttF','2024-01-17 20:09:40.034426','read write',3,48,'2024-01-17 10:09:40.035410','2024-01-17 10:09:40.035410',NULL,NULL),(678,'8FVjVF2d5mupqcOyfyHfXQHBnW3Rcv','2024-01-17 20:12:02.529539','read write',3,48,'2024-01-17 10:12:02.530528','2024-01-17 10:12:02.530528',NULL,NULL),(679,'ksq3MUIetoTJEMyiA9buTUwapwBTS2','2024-01-17 20:12:29.749879','read write',3,48,'2024-01-17 10:12:29.750854','2024-01-17 10:12:29.750854',NULL,NULL),(680,'81xTfHmsKxcJg8WM3IEqjI0gD7Gvi1','2024-01-17 20:14:32.231490','read write',3,48,'2024-01-17 10:14:32.231490','2024-01-17 10:14:32.231490',NULL,NULL),(681,'u6Oawr3HAk02EDBIHeuopNl6loOlCm','2024-01-17 20:18:22.499132','read write',3,48,'2024-01-17 10:18:22.500095','2024-01-17 10:18:22.500095',NULL,NULL),(682,'IPoJNrANzHkizqGqXXCas4ZwunsoGS','2024-01-17 20:31:47.446770','read write',3,2,'2024-01-17 10:31:47.446770','2024-01-17 10:31:47.446770',NULL,NULL),(683,'yKp2SVbffcePHrSXv9pL6LndsIho6W','2024-01-17 20:33:18.864648','read write',3,48,'2024-01-17 10:33:18.866091','2024-01-17 10:33:18.866091',NULL,NULL),(684,'psKGpAPAJbiYTjBXAKMNrMXvuG4Rwl','2024-01-17 20:59:28.714407','read write',3,48,'2024-01-17 10:59:28.727379','2024-01-17 10:59:28.727379',NULL,NULL),(685,'hxVQJaBPpglehkwk3p2hhlC8PAkpvy','2024-01-17 21:00:40.168727','read write',3,48,'2024-01-17 11:00:40.170768','2024-01-17 11:00:40.170768',NULL,NULL),(686,'sepLerw3kGDwbD3po9hjiTVRcEak8r','2024-01-17 21:00:58.080894','read write',3,48,'2024-01-17 11:00:58.080894','2024-01-17 11:00:58.080894',NULL,NULL),(687,'ZNdfYjk2BnuvexqocXmydIhtEChJZT','2024-01-18 12:48:06.629765','read write',3,48,'2024-01-18 02:48:06.639842','2024-01-18 02:48:06.639842',NULL,NULL),(688,'YINqAzqraKq8LGQgsQ8vZ7KkHxaJB6','2024-01-18 12:50:41.568759','read write',3,2,'2024-01-18 02:50:41.569780','2024-01-18 02:50:41.569780',NULL,NULL),(689,'SeeqrX98rAaYvmtJ8LKN0C8ulNENuG','2024-01-18 13:05:46.208914','read write',3,48,'2024-01-18 03:05:46.212064','2024-01-18 03:05:46.212064',NULL,NULL),(690,'dV9D5v73SvBFazSVSZ1GSEYV7RwuMl','2024-01-18 13:22:55.292881','read write',3,2,'2024-01-18 03:22:55.295879','2024-01-18 03:22:55.295879',NULL,NULL),(691,'84UHzu95XcJpVHfMCTkQ0twODka83N','2024-01-18 13:33:13.081225','read write',3,48,'2024-01-18 03:33:13.082208','2024-01-18 03:33:13.082208',NULL,NULL),(692,'oSWDyRV4kgBVf2c5eC0OymJabSVYuH','2024-01-18 13:33:45.421051','read write',3,2,'2024-01-18 03:33:45.421051','2024-01-18 03:33:45.421051',NULL,NULL),(693,'Moh6CM35C07oD1Tgc7vnt4ZrQRRlJw','2024-01-18 13:36:26.509714','read write',3,2,'2024-01-18 03:36:26.510792','2024-01-18 03:36:26.510792',NULL,NULL),(694,'tliITlF2szlnfUV9rT3UL3f6pr7ktb','2024-01-18 13:37:31.863540','read write',3,48,'2024-01-18 03:37:31.864518','2024-01-18 03:37:31.864518',NULL,NULL),(695,'i6U9oi0PKT2OeinYOE74vmvzI7nmNf','2024-01-18 14:13:13.049176','read write',3,48,'2024-01-18 04:13:13.052230','2024-01-18 04:13:13.052230',NULL,NULL),(696,'58ZorAMhx6sHg4TT12MT7wFl2LgKPE','2024-01-18 14:14:49.139775','read write',3,48,'2024-01-18 04:14:49.140817','2024-01-18 04:14:49.140817',NULL,NULL),(697,'O2fbUuHDFTmVml1cr6LX7tTzSgIBQs','2024-01-18 14:43:05.050798','read write',3,48,'2024-01-18 04:43:05.054708','2024-01-18 04:43:05.054708',NULL,NULL),(698,'K263c2miBV6nEZB65cPSrkt2FKyMfC','2024-01-18 14:49:15.268724','read write',3,48,'2024-01-18 04:49:15.270777','2024-01-18 04:49:15.270777',NULL,NULL),(699,'fCtNJjQbqb6FGrkfyMEkJLsdngxB67','2024-01-18 16:28:19.383517','read write',3,5,'2024-01-18 06:28:19.390683','2024-01-18 06:28:19.390683',NULL,NULL),(700,'ykO19W7f5QPHr3Mm0sKg2PZICQMLnv','2024-01-18 16:37:20.564453','read write',3,5,'2024-01-18 06:37:20.568501','2024-01-18 06:37:20.568501',NULL,NULL),(701,'mUR0qS2JeSiL8QOVKUHg0cATR5eQUn','2024-01-18 16:40:45.668101','read write',3,5,'2024-01-18 06:40:45.669637','2024-01-18 06:40:45.669637',NULL,NULL),(702,'00ij7mZJHnRdkCTWrvv5osB5h5RzX8','2024-01-18 16:41:12.881569','read write',3,5,'2024-01-18 06:41:12.881569','2024-01-18 06:41:12.881569',NULL,NULL),(703,'B1g68AvT3tNcuK4HozMmeU9gvrKf6J','2024-01-18 16:41:50.661102','read write',3,5,'2024-01-18 06:41:50.662078','2024-01-18 06:41:50.662078',NULL,NULL),(704,'ICW27WLNWt6Cs4Wpt4QDsjHdbc9wcM','2024-01-18 16:42:15.095519','read write',3,48,'2024-01-18 06:42:15.095519','2024-01-18 06:42:15.095519',NULL,NULL),(705,'a3OXZYJUaHggMTci3jQOoJaELG7Hp9','2024-01-18 16:58:58.611371','read write',3,48,'2024-01-18 06:58:58.616961','2024-01-18 06:58:58.616961',NULL,NULL),(706,'FIhWboeRblWRKa4vXw1g6nlVTm9p8C','2024-01-18 16:59:39.075801','read write',3,48,'2024-01-18 06:59:39.076819','2024-01-18 06:59:39.076819',NULL,NULL),(707,'TsZfM4i6Qk2DeSooHcPaW7j6HpnLun','2024-01-18 16:59:58.182856','read write',3,48,'2024-01-18 06:59:58.183879','2024-01-18 06:59:58.183879',NULL,NULL),(708,'2E8OFpwQQL6nSYVHzFH8RoAXLoUjKt','2024-01-18 17:00:27.434952','read write',3,48,'2024-01-18 07:00:27.434952','2024-01-18 07:00:27.434952',NULL,NULL),(709,'ZXK6fV5Wa1mQZibwIXcpPbs94EbfZ9','2024-01-18 17:02:03.881666','read write',3,48,'2024-01-18 07:02:03.882643','2024-01-18 07:02:03.882643',NULL,NULL),(710,'CkaLZA9GeverQQpN6Xdv6163x5ApuG','2024-01-18 17:07:18.375207','read write',3,48,'2024-01-18 07:07:18.376221','2024-01-18 07:07:18.376221',NULL,NULL),(711,'e19QUWqoQc5urHJIEZImDM0ZKZJ5Km','2024-01-18 17:08:37.041107','read write',3,48,'2024-01-18 07:08:37.041107','2024-01-18 07:08:37.041107',NULL,NULL),(712,'K2wssWe9mAnaNjItM3snzJU4DF5Gyl','2024-01-18 17:08:59.566949','read write',3,48,'2024-01-18 07:08:59.566949','2024-01-18 07:08:59.566949',NULL,NULL),(713,'g8WEUAxQxwDkNHL6fVRpUs9ldsgiDg','2024-01-18 17:10:32.580094','read write',3,48,'2024-01-18 07:10:32.580094','2024-01-18 07:10:32.580094',NULL,NULL),(714,'wqc2qeq5TJH6MPcBGXiOMxYSiuCBBX','2024-01-18 17:12:16.496105','read write',3,48,'2024-01-18 07:12:16.496105','2024-01-18 07:12:16.496105',NULL,NULL),(715,'gdkeWlL1OvJ0Im7L2FreOtLdX6sS1N','2024-01-18 17:12:58.003322','read write',3,48,'2024-01-18 07:12:58.004292','2024-01-18 07:12:58.004292',NULL,NULL),(716,'XXk5Wj6SInFjYi1lsYIGYTaZFA1XUR','2024-01-18 17:13:51.970411','read write',3,48,'2024-01-18 07:13:51.971598','2024-01-18 07:13:51.971598',NULL,NULL),(717,'6A9HzrV9VKsl08eyxCV1GMuapta6f8','2024-01-18 17:15:29.258015','read write',3,48,'2024-01-18 07:15:29.258015','2024-01-18 07:15:29.258015',NULL,NULL),(718,'lawf6bw1mWJSmY5XpucZ6e6qtzo2oh','2024-01-18 17:16:28.299879','read write',3,48,'2024-01-18 07:16:28.299879','2024-01-18 07:16:28.299879',NULL,NULL),(719,'EijkG2F3n5Oh2Qilk14AZwEwF92xXV','2024-01-18 17:17:19.239923','read write',3,48,'2024-01-18 07:17:19.240886','2024-01-18 07:17:19.240886',NULL,NULL),(720,'cV40uLbKUokfPmK4DgVohi6PF0Y5lV','2024-01-18 17:18:19.718214','read write',3,48,'2024-01-18 07:18:19.718214','2024-01-18 07:18:19.719184',NULL,NULL),(721,'kCAcXIig82t4MvZFipRyejWWBWn3Zs','2024-01-18 17:19:13.991051','read write',3,48,'2024-01-18 07:19:13.991051','2024-01-18 07:19:13.991051',NULL,NULL),(722,'kg3Ejc0rC8i10pA9WiqOzP4mO1xFqr','2024-01-18 17:19:54.788655','read write',3,48,'2024-01-18 07:19:54.788655','2024-01-18 07:19:54.788655',NULL,NULL),(723,'KsUtObvjgw0hFvMBdTqss8qPxINmN6','2024-01-18 17:20:08.627977','read write',3,48,'2024-01-18 07:20:08.627977','2024-01-18 07:20:08.627977',NULL,NULL),(724,'AtY7HO70M40Gmh0t2fsoN7z6p01bO6','2024-01-18 17:21:32.071795','read write',3,48,'2024-01-18 07:21:32.072807','2024-01-18 07:21:32.072807',NULL,NULL),(725,'r7FeTbtZ3U1WMk2Y9N2kUW3xFp7K8b','2024-01-18 17:26:33.278448','read write',3,48,'2024-01-18 07:26:33.279426','2024-01-18 07:26:33.279426',NULL,NULL),(726,'62eGvWgBTyxDOziMc9DSTJsR2ICBU6','2024-01-18 17:29:15.928279','read write',3,48,'2024-01-18 07:29:15.928279','2024-01-18 07:29:15.928279',NULL,NULL),(727,'jLt6uJxjDXROn9VCPol2Kvt2tonSaa','2024-01-18 17:31:35.582846','read write',3,48,'2024-01-18 07:31:35.583831','2024-01-18 07:31:35.583831',NULL,NULL),(728,'oJdDutzefj7ZrgA2NKMG9YMKKnYCMt','2024-01-18 17:32:07.143796','read write',3,48,'2024-01-18 07:32:07.143796','2024-01-18 07:32:07.143796',NULL,NULL),(729,'BA7AHKet0SEvAa29Q3djmfg2BdDI6h','2024-01-18 17:33:00.785195','read write',3,48,'2024-01-18 07:33:00.785195','2024-01-18 07:33:00.785195',NULL,NULL),(730,'cNd2Sr47eD6nainGDjW26fN4Kn7I9Z','2024-01-18 17:34:52.152896','read write',3,48,'2024-01-18 07:34:52.152896','2024-01-18 07:34:52.152896',NULL,NULL),(731,'SuUBR53naVRPPHxCukWxAlMdWz8iDH','2024-01-18 17:35:38.991133','read write',3,48,'2024-01-18 07:35:38.992110','2024-01-18 07:35:38.992110',NULL,NULL),(732,'cAnUV3jtNAjbIkvDGUObsXzEHu7fie','2024-01-18 17:41:57.068051','read write',3,48,'2024-01-18 07:41:57.069035','2024-01-18 07:41:57.069035',NULL,NULL),(733,'1AyOM5IkIBTuBoieXhOZccI3uXiwVu','2024-01-18 17:42:56.018910','read write',3,48,'2024-01-18 07:42:56.018910','2024-01-18 07:42:56.018910',NULL,NULL),(734,'b5uEi0JHzhc2sigZnD8nDPiLB1nCtK','2024-01-18 17:46:48.889190','read write',3,48,'2024-01-18 07:46:48.890167','2024-01-18 07:46:48.890167',NULL,NULL),(735,'q594o9fvFPtwWmlNXqlgIjRd7jk0Pb','2024-01-18 17:49:14.609978','read write',3,48,'2024-01-18 07:49:14.611019','2024-01-18 07:49:14.611019',NULL,NULL),(736,'MIz0QXBiuy7efFTCF7gzngmm0QoZdz','2024-01-18 17:53:29.076869','read write',3,48,'2024-01-18 07:53:29.076869','2024-01-18 07:53:29.076869',NULL,NULL),(737,'caiMKgj4bCtFfQidu1hYVeLIlJw7VC','2024-01-18 18:01:28.690892','read write',3,48,'2024-01-18 08:01:28.691875','2024-01-18 08:01:28.691875',NULL,NULL),(738,'HF5g9wJoheaskSiqh2wk8EX8CGXHbu','2024-01-18 18:11:47.404321','read write',3,48,'2024-01-18 08:11:47.405324','2024-01-18 08:11:47.405324',NULL,NULL),(739,'XbfwfdhZc9UblzS0H12Iku6UMOC7Nn','2024-01-18 18:12:15.753289','read write',3,48,'2024-01-18 08:12:15.753289','2024-01-18 08:12:15.753289',NULL,NULL),(740,'k2Y90DCwQZrMfEBCKfzErJplFff4B2','2024-01-18 18:13:14.319149','read write',3,48,'2024-01-18 08:13:14.320126','2024-01-18 08:13:14.320126',NULL,NULL),(741,'mUxbP0GbPR0EQkK2ySGTkJPcaewYDA','2024-01-18 18:23:55.085818','read write',3,48,'2024-01-18 08:23:55.087359','2024-01-18 08:23:55.087359',NULL,NULL),(742,'FrXxMA32qlwr4LsiAyTz2satjpHOox','2024-01-18 18:25:07.279291','read write',3,48,'2024-01-18 08:25:07.279291','2024-01-18 08:25:07.279291',NULL,NULL),(743,'1UyDEEKwbx5T1zDIbx2agA9oToQ3hS','2024-01-18 18:27:05.841683','read write',3,48,'2024-01-18 08:27:05.842672','2024-01-18 08:27:05.842672',NULL,NULL),(744,'GLEN5POsGfXb5s3CELo8aSYvy40teV','2024-01-18 18:29:47.975419','read write',3,48,'2024-01-18 08:29:47.975978','2024-01-18 08:29:47.975978',NULL,NULL),(745,'uRAumNayrawFfDcyz2OlqmTt0WvSRE','2024-01-18 18:32:52.971714','read write',3,2,'2024-01-18 08:32:52.972698','2024-01-18 08:32:52.972698',NULL,NULL),(746,'qHCUxOmQgtdgs83qBAapSr4zmqCrXF','2024-01-18 18:33:09.537939','read write',3,48,'2024-01-18 08:33:09.537939','2024-01-18 08:33:09.537939',NULL,NULL),(747,'K4npYhNY7mNwgclgRlSLte7cck1qkq','2024-01-18 18:41:18.868297','read write',3,2,'2024-01-18 08:41:18.872281','2024-01-18 08:41:18.872281',NULL,NULL),(748,'WEdigk2PbTokJlWMjzzBLMnN32yfqQ','2024-01-18 18:43:53.461495','read write',3,48,'2024-01-18 08:43:53.461495','2024-01-18 08:43:53.461495',NULL,NULL),(749,'Jqr0pgG8wOBriJiaU01MxQD4haNvOd','2024-01-18 18:45:37.636777','read write',3,48,'2024-01-18 08:45:37.637323','2024-01-18 08:45:37.637323',NULL,NULL),(750,'tLCbavoNCUzYM2Lj9GMqwQSO9fBamG','2024-01-18 18:48:19.560502','read write',3,48,'2024-01-18 08:48:19.561531','2024-01-18 08:48:19.561531',NULL,NULL),(751,'MFO0Mdr0qHEUlqT44pdLd9U0ctRNTv','2024-01-18 18:49:57.539254','read write',3,48,'2024-01-18 08:49:57.540231','2024-01-18 08:49:57.540231',NULL,NULL),(752,'sFkg3Kc8QYINcbbB41qyKlstpFJMVw','2024-01-18 18:55:16.995556','read write',3,48,'2024-01-18 08:55:16.996099','2024-01-18 08:55:16.996099',NULL,NULL),(753,'hwUbsTQRI3FHNEDVUNRjS1Kj60shPj','2024-01-18 18:55:31.730781','read write',3,48,'2024-01-18 08:55:31.730781','2024-01-18 08:55:31.730781',NULL,NULL),(754,'6W3uTW0TFiP4hAFvDrX59Fr9u2nErz','2024-01-18 19:05:10.128495','read write',3,48,'2024-01-18 09:05:10.133380','2024-01-18 09:05:10.133380',NULL,NULL),(755,'MB8Lr99kuyzItyl6X7ufUGAS4ekj78','2024-01-18 19:08:50.325956','read write',3,48,'2024-01-18 09:08:50.326961','2024-01-18 09:08:50.326961',NULL,NULL),(756,'e2CbXLbiGorFjwfTINYZjMsyHumKYN','2024-01-18 19:09:41.337868','read write',3,48,'2024-01-18 09:09:41.338852','2024-01-18 09:09:41.338852',NULL,NULL),(757,'cmo8BhYXyIOEzB8V9iQyLPzs6DUWxm','2024-01-18 19:10:13.023882','read write',3,48,'2024-01-18 09:10:13.024886','2024-01-18 09:10:13.024886',NULL,NULL),(758,'ugo65DrpP4kvFEwPHPGG9ysyO72jfg','2024-01-18 19:10:36.535102','read write',3,48,'2024-01-18 09:10:36.536131','2024-01-18 09:10:36.536131',NULL,NULL),(759,'T1km2ZdqYT73sjpfFrIML9KmOpqjIo','2024-01-18 19:12:55.119247','read write',3,48,'2024-01-18 09:12:55.120253','2024-01-18 09:12:55.120253',NULL,NULL),(760,'DmnVPL7sTTczjkuJ1M4fGn16hMlgv2','2024-01-18 19:20:15.572260','read write',3,48,'2024-01-18 09:20:15.574224','2024-01-18 09:20:15.574224',NULL,NULL),(761,'PuEtS0vCGBS4hhUvn81UfazLX6Ui8z','2024-01-18 19:21:38.639838','read write',3,48,'2024-01-18 09:21:38.639838','2024-01-18 09:21:38.639838',NULL,NULL),(762,'SsagOiGvSzhICKkxa9n8yk9EVvWv7u','2024-01-18 19:23:09.316266','read write',3,48,'2024-01-18 09:23:09.316266','2024-01-18 09:23:09.316266',NULL,NULL),(763,'AE81uUmeTGpTPpJpeneGRpTSt9zwv3','2024-01-18 19:49:54.821448','read write',3,48,'2024-01-18 09:49:54.824969','2024-01-18 09:49:54.824969',NULL,NULL),(764,'owNOo1cYuVdF8LLmJC8DBA3KIJ2irq','2024-01-18 19:53:14.491027','read write',3,48,'2024-01-18 09:53:14.491027','2024-01-18 09:53:14.491027',NULL,NULL),(765,'iJcF0Gz0iD9VOM94I1pdqGL19itMgV','2024-01-18 20:12:14.198296','read write',3,48,'2024-01-18 10:12:14.213261','2024-01-18 10:12:14.213261',NULL,NULL),(766,'aQl056tgns67f307ZfRIzFPDW7D5MJ','2024-01-18 20:13:26.086860','read write',3,2,'2024-01-18 10:13:26.089232','2024-01-18 10:13:26.089232',NULL,NULL),(767,'bUfqndeN9UHM9cJ5qLzzlBg77mLJLc','2024-01-18 20:17:15.884337','read write',3,48,'2024-01-18 10:17:15.888322','2024-01-18 10:17:15.888322',NULL,NULL),(768,'DkiNRGkeJhDoPaqxMEl2u9UhBzfqo2','2024-01-18 20:17:43.814387','read write',3,48,'2024-01-18 10:17:43.814387','2024-01-18 10:17:43.814387',NULL,NULL),(769,'XV5q7ZKbwb2k5NEQck46Dcbz48zCgT','2024-01-18 20:18:31.174555','read write',3,48,'2024-01-18 10:18:31.174555','2024-01-18 10:18:31.174555',NULL,NULL),(770,'LfHygPlzOIexAsi98XXAM2v0TJzS9O','2024-01-18 20:19:11.877300','read write',3,2,'2024-01-18 10:19:11.877300','2024-01-18 10:19:11.877300',NULL,NULL),(771,'481Q4R1D9ieVmXyoC9gh1L2SMPFH6W','2024-01-18 20:19:38.187906','read write',3,48,'2024-01-18 10:19:38.187906','2024-01-18 10:19:38.187906',NULL,NULL),(772,'0KJoRc96Vnry2EJzR7NUA9iSbV4W4M','2024-01-18 20:19:55.432206','read write',3,2,'2024-01-18 10:19:55.432206','2024-01-18 10:19:55.432206',NULL,NULL),(773,'k1DK8akfQo81N9gOfEDqfeRzRCOkcv','2024-01-18 20:20:22.561767','read write',3,48,'2024-01-18 10:20:22.561767','2024-01-18 10:20:22.561767',NULL,NULL),(774,'M3qmoaF1cvOWep8IjTNnZuc84hAsl6','2024-01-18 20:20:51.428537','read write',3,48,'2024-01-18 10:20:51.428537','2024-01-18 10:20:51.428537',NULL,NULL),(775,'8OlfrQKM7u1qzxNB9PxjDe5ekSICu5','2024-01-18 20:22:41.591205','read write',3,48,'2024-01-18 10:22:41.592709','2024-01-18 10:22:41.592709',NULL,NULL),(776,'wTp7BUuKFaLYQcGKQo04vkGOnpVUTE','2024-01-18 20:32:29.202649','read write',3,2,'2024-01-18 10:32:29.254369','2024-01-18 10:32:29.254369',NULL,NULL),(777,'4PRblkJxyWbZpHue45b1R8pu4iea0P','2024-01-18 20:33:06.537039','read write',3,48,'2024-01-18 10:33:06.537039','2024-01-18 10:33:06.537039',NULL,NULL),(778,'tjnezDZSKnWo6ZvvBzFxx5dy0EU6va','2024-01-18 20:35:28.043828','read write',3,48,'2024-01-18 10:35:28.045842','2024-01-18 10:35:28.045842',NULL,NULL),(779,'z1VFqgGof5cbRLsOmEymDzws7yMIMF','2024-01-18 20:36:53.823883','read write',3,48,'2024-01-18 10:36:53.823883','2024-01-18 10:36:53.823883',NULL,NULL),(780,'XRF6JF9lDpmHCr05jp1J9Qz64a1mUp','2024-01-18 20:37:30.662323','read write',3,48,'2024-01-18 10:37:30.663828','2024-01-18 10:37:30.663828',NULL,NULL),(781,'oCpboy1gAHp56RdIzMfX55d1MY3grp','2024-01-18 20:40:29.437688','read write',3,2,'2024-01-18 10:40:29.437688','2024-01-18 10:40:29.437688',NULL,NULL),(782,'lRYL9sXnVYQYZ4mdUMKT7Hoi07QM5D','2024-01-19 17:24:43.746679','read write',3,48,'2024-01-19 07:24:43.759801','2024-01-19 07:24:43.759801',NULL,NULL),(783,'gEsTlehbp2ESrDPQxwiGpJ1vBVROsu','2024-01-19 17:26:15.796683','read write',3,48,'2024-01-19 07:26:15.797716','2024-01-19 07:26:15.797716',NULL,NULL),(784,'JqyNpzF0liMn9ovJBmASeL8sUcTA3v','2024-01-19 17:58:11.949905','read write',3,48,'2024-01-19 07:58:11.959840','2024-01-19 07:58:11.959840',NULL,NULL),(785,'1j18YrPFPa3irkY2xqdK3E2HYIEWUR','2024-01-19 18:04:59.828957','read write',3,48,'2024-01-19 08:04:59.831440','2024-01-19 08:04:59.831440',NULL,NULL),(786,'Exw7PCvLNpKSn5jyeLP5iuvSmNpnTd','2024-01-19 18:31:57.069095','read write',3,48,'2024-01-19 08:31:57.073052','2024-01-19 08:31:57.073052',NULL,NULL),(787,'frMp4bDSRmaj9uBn8hwisrvHhDf7Y9','2024-01-19 21:16:59.308280','read write',3,48,'2024-01-19 11:16:59.319169','2024-01-19 11:16:59.319169',NULL,NULL),(788,'dm6LOEbSm4ZHprogAS5LNsQZZVTA8f','2024-01-19 21:41:08.375469','read write',3,48,'2024-01-19 11:41:08.377475','2024-01-19 11:41:08.377475',NULL,NULL),(789,'rn1DJvIgA59m7iKMOtqaUfBrKjk3mq','2024-01-22 19:03:02.937680','read write',3,48,'2024-01-22 09:03:02.939297','2024-01-22 09:03:02.939297',NULL,NULL),(790,'pxeMMCKHEkz2hswvNhGZbYu0XGsO4V','2024-01-22 19:07:11.212128','read write',3,48,'2024-01-22 09:07:11.213140','2024-01-22 09:07:11.213140',NULL,NULL),(791,'0pXuIWTQzxanSUywmofObEv8uOYW37','2024-01-22 19:41:04.211848','read write',3,48,'2024-01-22 09:41:04.216985','2024-01-22 09:41:04.216985',NULL,NULL),(792,'6qxUEJ0wrszjJ6nxYBJNUOFzx2d58S','2024-01-23 03:38:46.223636','read write',3,48,'2024-01-22 17:38:46.223636','2024-01-22 17:38:46.223636',NULL,NULL),(793,'5b9FqzZXcKxqzKuP1ijWm7nM3Wgdsb','2024-01-23 12:57:17.740175','read write',3,48,'2024-01-23 02:57:17.741242','2024-01-23 02:57:17.741242',NULL,NULL),(794,'fLllQHKATwdtOxGl48O3FJ7fSHU3UV','2024-01-23 13:12:36.484898','read write',3,2,'2024-01-23 03:12:36.495904','2024-01-23 03:12:36.495904',NULL,NULL),(795,'1ka3HMRnPnS7by4am9cXS128zMXEfX','2024-01-23 13:27:20.438861','read write',3,2,'2024-01-23 03:27:20.440873','2024-01-23 03:27:20.440873',NULL,NULL),(796,'T75Wn2T12YdQZvZt80dTMAwp1XplDn','2024-01-23 13:28:15.628002','read write',3,2,'2024-01-23 03:28:15.628519','2024-01-23 03:28:15.628519',NULL,NULL),(797,'NQjBt8fI3xPOdIAP7Q0S5eLGxpIuc3','2024-01-23 13:29:09.249189','read write',3,2,'2024-01-23 03:29:09.249189','2024-01-23 03:29:09.249189',NULL,NULL),(798,'fNrXiDcECAL6x6jX7pJnJv7NYlzzT9','2024-01-23 13:34:03.502943','read write',3,2,'2024-01-23 03:34:03.503936','2024-01-23 03:34:03.503936',NULL,NULL),(799,'mNZOGVvtkBDG2p8899sXCsNsCyAtzT','2024-01-23 13:45:38.387878','read write',3,48,'2024-01-23 03:45:38.392341','2024-01-23 03:45:38.392341',NULL,NULL),(800,'7cCqxexxWhf1NG1tNxUETpeqM630sD','2024-01-23 14:03:09.419058','read write',3,2,'2024-01-23 04:03:09.421056','2024-01-23 04:03:09.421056',NULL,NULL),(801,'oghBmt07oTooOxy1RmZYxtyLIRJuJM','2024-01-23 17:59:57.076218','read write',3,2,'2024-01-23 07:59:57.087924','2024-01-23 07:59:57.087924',NULL,NULL),(802,'83Yb5kSdpEchIXG1YiHcjSsMB8CPzY','2024-01-23 18:03:56.801116','read write',3,2,'2024-01-23 08:03:56.804239','2024-01-23 08:03:56.804239',NULL,NULL),(803,'zLQC2hWzRTHxP8aBCbbB9Gndn7qddy','2024-01-23 18:06:54.000990','read write',3,2,'2024-01-23 08:06:54.005533','2024-01-23 08:06:54.005533',NULL,NULL),(804,'nLAnz3qKbMufm2CAWPTGjA2lqyt9Hw','2024-01-23 18:09:34.813024','read write',3,2,'2024-01-23 08:09:34.813024','2024-01-23 08:09:34.813024',NULL,NULL),(805,'QGc8vYWfZG97aKV63diPeuhOPC94Bo','2024-01-23 18:10:06.637362','read write',3,2,'2024-01-23 08:10:06.637362','2024-01-23 08:10:06.637362',NULL,NULL),(806,'Z4SKrSUjmB2BoV2XTSaVhsrKLc2aRN','2024-01-23 18:13:16.258904','read write',3,48,'2024-01-23 08:13:16.259873','2024-01-23 08:13:16.259873',NULL,NULL),(807,'6Jtch1BDcIb0YDf052DTOkqRuE1Ep0','2024-01-23 18:14:11.878683','read write',3,48,'2024-01-23 08:14:11.879675','2024-01-23 08:14:11.879675',NULL,NULL),(808,'tR0biwY9o8EgAQ6aoMbjILbwEuONeH','2024-01-23 18:15:10.025485','read write',3,48,'2024-01-23 08:15:10.025485','2024-01-23 08:15:10.025485',NULL,NULL),(809,'tDfCZMJgYDJ0iRwpxiqmMHyMffMdkl','2024-01-23 18:16:00.185979','read write',3,48,'2024-01-23 08:16:00.187022','2024-01-23 08:16:00.187022',NULL,NULL),(810,'c3QWlxdMzTbCWyUdtlbhRinAIX2OhU','2024-01-23 18:17:08.938080','read write',3,48,'2024-01-23 08:17:08.940045','2024-01-23 08:17:08.940045',NULL,NULL),(811,'KjdcFsXZamONcqMH3F6uzeAckYzbmC','2024-01-23 18:17:09.352037','read write',3,48,'2024-01-23 08:17:09.353054','2024-01-23 08:17:09.353054',NULL,NULL),(812,'r5YfK0Ie77vvWU422mrvReB4jiDFoK','2024-01-23 18:19:49.623933','read write',3,48,'2024-01-23 08:19:49.627638','2024-01-23 08:19:49.627638',NULL,NULL),(813,'Zvtc8wburEYvtkn1wF6FB93zMPMOyL','2024-01-23 18:36:41.591856','read write',3,48,'2024-01-23 08:36:41.592885','2024-01-23 08:36:41.592885',NULL,NULL),(814,'yv8fiSVTJKsoXCUco6ORYuyXRYvtHU','2024-01-23 18:39:16.210986','read write',3,48,'2024-01-23 08:39:16.211989','2024-01-23 08:39:16.211989',NULL,NULL),(815,'VJ5jS7S4n4WuTGVe1dxLVU4c2qUlFX','2024-01-23 18:42:14.185069','read write',3,48,'2024-01-23 08:42:14.186049','2024-01-23 08:42:14.186049',NULL,NULL),(816,'VyAmcgXU5mppIKH6BoEQkq06TTJ0ms','2024-01-23 18:43:46.725929','read write',3,48,'2024-01-23 08:43:46.725929','2024-01-23 08:43:46.725929',NULL,NULL),(817,'z70Fn3It3FLZu1aNEffZeNMGQM8ahh','2024-01-23 18:48:19.914583','read write',3,48,'2024-01-23 08:48:19.918643','2024-01-23 08:48:19.918643',NULL,NULL),(818,'MSTYBKdTKkNlTDiSyasJ7787Mq2iM2','2024-01-23 18:51:23.612700','read write',3,48,'2024-01-23 08:51:23.613973','2024-01-23 08:51:23.613973',NULL,NULL),(819,'YDKOkLztPpFE9u7BF1puRHpyL0n7bz','2024-01-23 19:02:41.833982','read write',3,48,'2024-01-23 09:02:41.834986','2024-01-23 09:02:41.834986',NULL,NULL),(820,'lQwg6ORXh12YbMIP8M2taNo0WYVdcN','2024-01-23 19:05:04.498859','read write',3,48,'2024-01-23 09:05:04.499862','2024-01-23 09:05:04.499862',NULL,NULL),(821,'UTlQySzst3I9XtUQAqCRNokRfk4Orm','2024-01-23 19:10:10.805976','read write',3,48,'2024-01-23 09:10:10.805976','2024-01-23 09:10:10.805976',NULL,NULL),(822,'2Ujuq3ZDoDwlF1gtmsOB6Shw0sizQ8','2024-01-23 19:13:43.279771','read write',3,48,'2024-01-23 09:13:43.279771','2024-01-23 09:13:43.279771',NULL,NULL),(823,'PECjJUMbMTbULHV3aYTlSzq87euAYL','2024-01-23 19:14:46.137295','read write',3,48,'2024-01-23 09:14:46.141205','2024-01-23 09:14:46.141205',NULL,NULL),(824,'fKvQZE87QP7DjmrXZZ6auO9bCqC9tM','2024-01-23 19:16:37.839704','read write',3,48,'2024-01-23 09:16:37.840706','2024-01-23 09:16:37.840706',NULL,NULL),(825,'Eskc5JPamtgRK8BBcRuPNePBeOMZ2P','2024-01-23 19:18:20.248996','read write',3,48,'2024-01-23 09:18:20.249990','2024-01-23 09:18:20.249990',NULL,NULL),(826,'Hf9tO6atzIZUcBWflYKM4GNHnt5SRr','2024-01-23 19:20:28.135076','read write',3,48,'2024-01-23 09:20:28.136073','2024-01-23 09:20:28.136073',NULL,NULL),(827,'GPhSk73Sz0jYImDhyYliyX6H12HQxH','2024-01-23 19:27:14.687312','read write',3,48,'2024-01-23 09:27:14.689318','2024-01-23 09:27:14.689318',NULL,NULL),(828,'Ea6ZuprQ9kLkqwjUwVQg98ubIWDy4M','2024-01-23 19:43:26.206507','read write',3,48,'2024-01-23 09:43:26.208461','2024-01-23 09:43:26.208461',NULL,NULL),(829,'CLm0EhErEZQzLK0tEpzLCaMtk1Hemn','2024-01-23 19:45:29.275286','read write',3,48,'2024-01-23 09:45:29.276271','2024-01-23 09:45:29.276271',NULL,NULL),(830,'yG92gHtN1wAfS5FoO25FrcKisCKb0P','2024-01-23 19:48:29.545139','read write',3,48,'2024-01-23 09:48:29.546123','2024-01-23 09:48:29.546123',NULL,NULL),(831,'nOEhIOPtjwmm0ntZqBqocR1gabHSo8','2024-01-23 20:00:37.714905','read write',3,48,'2024-01-23 10:00:37.718416','2024-01-23 10:00:37.718416',NULL,NULL),(832,'Pnwq9UmHpEwfNjyZCc1eDtMB1IrVXy','2024-01-23 20:01:36.826462','read write',3,2,'2024-01-23 10:01:36.826462','2024-01-23 10:01:36.826462',NULL,NULL),(833,'nkKLrfqW8v27kFClnmswZ71Z1y0gJ3','2024-01-23 20:04:54.951735','read write',3,48,'2024-01-23 10:04:54.952714','2024-01-23 10:04:54.952714',NULL,NULL),(834,'Our6DQ7Rz24MmC7DIBhKVYPtK0E0QT','2024-01-23 20:07:52.320468','read write',3,48,'2024-01-23 10:07:52.321463','2024-01-23 10:07:52.321463',NULL,NULL),(835,'QYk25p7eLqUsEQXa5xRpvb80mMHxny','2024-01-23 20:24:44.940776','read write',3,48,'2024-01-23 10:24:44.999842','2024-01-23 10:24:45.000294',NULL,NULL),(836,'PJoUa5pxgewoXHVuqtjHKs7M2rU0pI','2024-01-23 20:27:40.014344','read write',3,7,'2024-01-23 10:27:40.016298','2024-01-23 10:27:40.016298',NULL,NULL),(837,'bSMdDcFLF0Wsqy7zJbEIfM1geO2eGp','2024-01-23 20:31:27.831586','read write',3,7,'2024-01-23 10:31:27.834514','2024-01-23 10:31:27.834514',NULL,NULL),(838,'laMVR02Z3Kgg54JMed6hYc1ZSROqSq','2024-01-23 20:32:37.743875','read write',3,7,'2024-01-23 10:32:37.744884','2024-01-23 10:32:37.744884',NULL,NULL),(839,'sCeV9dGBdmKGHPhKOHXwLRV8KRGzcv','2024-01-23 20:33:30.822867','read write',3,7,'2024-01-23 10:33:30.822867','2024-01-23 10:33:30.822867',NULL,NULL),(840,'gPuqeJHci4PaP4Z7cjHIalMMgsVdeN','2024-01-23 20:41:24.168640','read write',3,7,'2024-01-23 10:41:24.170658','2024-01-23 10:41:24.170658',NULL,NULL),(841,'FshtfPq2vqSo9jImGJhwAEYfa3FeLx','2024-01-23 20:42:17.936430','read write',3,2,'2024-01-23 10:42:17.936430','2024-01-23 10:42:17.936430',NULL,NULL),(842,'cBCA5v09tTfEzimEGDgjNNDb8Cu4Vc','2024-01-23 20:42:31.007511','read write',3,48,'2024-01-23 10:42:31.008523','2024-01-23 10:42:31.008523',NULL,NULL),(843,'LfFdZIQd3WWmpAV3F0H5om1Pu7ocBb','2024-01-23 20:42:44.039911','read write',3,4,'2024-01-23 10:42:44.039911','2024-01-23 10:42:44.039911',NULL,NULL),(844,'thYuskwAvzuriTGJQ3iuuI0Fa9MMUL','2024-01-23 20:43:16.993632','read write',3,7,'2024-01-23 10:43:16.993632','2024-01-23 10:43:16.993632',NULL,NULL),(845,'2dOgsSpduWznjf6MiBYo6Lo7EGPCM3','2024-01-23 20:44:40.259645','read write',3,7,'2024-01-23 10:44:40.259645','2024-01-23 10:44:40.259645',NULL,NULL),(846,'rj7P7gmgif9EdtPpsb6gZHTis77rgW','2024-01-23 20:45:00.159582','read write',3,4,'2024-01-23 10:45:00.159582','2024-01-23 10:45:00.159582',NULL,NULL),(847,'MGZRH2xF4EktFyvOCg508ByeWuZj1P','2024-01-23 20:46:10.523548','read write',3,4,'2024-01-23 10:46:10.525067','2024-01-23 10:46:10.525067',NULL,NULL),(848,'4OCQJXJoIvtDpc5BWjDUeLXSnwiHPR','2024-01-23 20:46:23.245239','read write',3,7,'2024-01-23 10:46:23.246216','2024-01-23 10:46:23.246216',NULL,NULL),(849,'mTEXNr70i6UjocsSOSOp15EvetxnGo','2024-01-23 20:46:46.457745','read write',3,4,'2024-01-23 10:46:46.457745','2024-01-23 10:46:46.457745',NULL,NULL),(850,'vmB8NSQCx7c6UfOHwJP8pzy9gB2znJ','2024-01-23 20:49:04.740799','read write',3,4,'2024-01-23 10:49:04.741689','2024-01-23 10:49:04.741689',NULL,NULL),(851,'9WOT5sN3pZeqAqlWIGBdfB2K9mPibm','2024-01-23 20:52:06.547700','read write',3,4,'2024-01-23 10:52:06.548713','2024-01-23 10:52:06.548713',NULL,NULL),(852,'e2ZB53HcEuDS3W4Pvf4tW2orKmNGKI','2024-01-23 20:55:34.903761','read write',3,4,'2024-01-23 10:55:34.924035','2024-01-23 10:55:34.924035',NULL,NULL),(853,'v89yHZbuyxkX17GyLdGbWaeiTjbVVq','2024-01-24 03:10:07.584668','read write',3,4,'2024-01-23 17:10:07.586186','2024-01-23 17:10:07.586186',NULL,NULL),(854,'xlndnwQhFNW6A3Ry43469tTzx9Y2mI','2024-01-24 03:18:05.984718','read write',3,48,'2024-01-23 17:18:05.990048','2024-01-23 17:18:05.990048',NULL,NULL),(855,'5XwDbRfWnvNC8YGR2vfPVKgWvprcGS','2024-01-24 05:14:22.904048','read write',3,48,'2024-01-23 19:14:22.920996','2024-01-23 19:14:22.920996',NULL,NULL),(856,'D3sawVACqOf2ltyRsenWTPKrznqwEv','2024-01-24 05:21:05.070592','read write',3,48,'2024-01-23 19:21:05.071692','2024-01-23 19:21:05.071692',NULL,NULL),(857,'ZKrFti2ToraAppjP7itZDzjyQvLkVk','2024-01-24 17:25:13.064142','read write',3,48,'2024-01-24 07:25:13.065293','2024-01-24 07:25:13.065293',NULL,NULL),(858,'8RtOS47Ygi1hLso4dRqfnnaAhLOsLb','2024-01-24 17:33:19.539232','read write',3,48,'2024-01-24 07:33:19.541184','2024-01-24 07:33:19.541184',NULL,NULL),(859,'hQyk7vIyXsJxTsiv4OdK4WWbyU0us2','2024-01-24 20:25:09.745988','read write',3,48,'2024-01-24 10:25:09.747943','2024-01-24 10:25:09.747943',NULL,NULL),(860,'oV6O5h73p4BBngTcdevomD4ZjBl0eV','2024-01-24 20:25:30.298076','read write',3,48,'2024-01-24 10:25:30.298076','2024-01-24 10:25:30.298076',NULL,NULL),(861,'UTO9xtGZv91VQr0dotXogGK3UAiX6R','2024-01-24 20:26:20.109952','read write',3,48,'2024-01-24 10:26:20.109952','2024-01-24 10:26:20.109952',NULL,NULL),(862,'RlVhBOfTcWh34BcO0hwzdOU0dV6IKJ','2024-01-24 20:27:58.252908','read write',3,48,'2024-01-24 10:27:58.253897','2024-01-24 10:27:58.253897',NULL,NULL),(863,'j531sqTtYrPyzHzvtUC8nQ0n317bLH','2024-01-24 20:32:17.844658','read write',3,48,'2024-01-24 10:32:17.845628','2024-01-24 10:32:17.845628',NULL,NULL),(864,'hvCVwYjbCwsLqcMXNVwsUlRHvS341N','2024-01-24 20:34:06.808736','read write',3,48,'2024-01-24 10:34:06.808736','2024-01-24 10:34:06.808736',NULL,NULL),(865,'nvy4VueY6nQkeuPMDeOeFMqs6h2yb3','2024-01-24 20:37:51.973256','read write',3,48,'2024-01-24 10:37:51.974236','2024-01-24 10:37:51.974236',NULL,NULL),(866,'02oinJZH0stjDCF8BVH7dQqbyaadtQ','2024-01-24 20:39:17.944361','read write',3,48,'2024-01-24 10:39:17.944361','2024-01-24 10:39:17.944361',NULL,NULL),(867,'0Fflutsj0kLAWGh9mBRcOiyhgfJqtb','2024-01-24 20:39:34.781848','read write',3,48,'2024-01-24 10:39:34.782817','2024-01-24 10:39:34.782817',NULL,NULL),(868,'jrmuptCciyujHbplQeBkEI1cAhgZCs','2024-01-24 20:45:48.690235','read write',3,48,'2024-01-24 10:45:48.699356','2024-01-24 10:45:48.700430',NULL,NULL),(869,'CkXMB9tsB4w7fdokstoQfNp4swdt1J','2024-01-24 20:47:31.315029','read write',3,48,'2024-01-24 10:47:31.315029','2024-01-24 10:47:31.315029',NULL,NULL),(870,'iQlC0AoUQ8snXJMInOpKEYTCs7qPso','2024-01-24 20:49:29.600302','read write',3,48,'2024-01-24 10:49:29.603452','2024-01-24 10:49:29.603452',NULL,NULL),(871,'kAZGA4JYt58C7njeQLxNC9yGPZYGYU','2024-01-24 20:52:09.730469','read write',3,48,'2024-01-24 10:52:09.730469','2024-01-24 10:52:09.730469',NULL,NULL),(872,'YnhGcXs1RppqSA7njeRU8iCafRwqR2','2024-01-24 20:53:21.590834','read write',3,48,'2024-01-24 10:53:21.590834','2024-01-24 10:53:21.590834',NULL,NULL),(873,'0h2xaFQMs802RdiKb0qkmJQHsOKS48','2024-01-24 20:54:08.983852','read write',3,48,'2024-01-24 10:54:08.983852','2024-01-24 10:54:08.983852',NULL,NULL),(874,'UV2kjXUyYqAgRrqJ8D4Fm2BccWU6vv','2024-01-24 20:54:45.096704','read write',3,48,'2024-01-24 10:54:45.096704','2024-01-24 10:54:45.096704',NULL,NULL),(875,'rQYFInk4AhTjW4NOpHes6eXlXZuD8L','2024-01-24 20:57:16.488389','read write',3,48,'2024-01-24 10:57:16.488389','2024-01-24 10:57:16.488389',NULL,NULL),(876,'wDvTUOVPyEdp0BLAUh2tafdqdVhBWw','2024-01-24 21:01:03.841138','read write',3,48,'2024-01-24 11:01:03.847120','2024-01-24 11:01:03.847120',NULL,NULL),(877,'ySfuL9yLyeREvRmwqCfGo4Rex2yJAO','2024-01-25 12:42:33.090035','read write',3,48,'2024-01-25 02:42:33.091069','2024-01-25 02:42:33.091069',NULL,NULL),(878,'WfZ7zuh677147e20aJqbiQOVkUkSVl','2024-01-25 12:46:47.334261','read write',3,48,'2024-01-25 02:46:47.342901','2024-01-25 02:46:47.342901',NULL,NULL),(879,'G200gLHEnTy4PHlcJ3F9VLFAjFVKwC','2024-01-25 14:46:31.967369','read write',3,48,'2024-01-25 04:46:31.970350','2024-01-25 04:46:31.970350',NULL,NULL),(880,'HYFYWz7o0QPAwjTGrQ7hIw8eMioyhN','2024-01-25 14:47:44.856930','read write',3,4,'2024-01-25 04:47:44.857924','2024-01-25 04:47:44.857924',NULL,NULL),(881,'JnTAAc030h7E09RMpzrLgnMly3KoXC','2024-01-25 14:48:53.320972','read write',3,2,'2024-01-25 04:48:53.320972','2024-01-25 04:48:53.320972',NULL,NULL),(882,'llz4WCjwXXsQJNA5LMN8U0jvwhJSXT','2024-01-25 14:55:52.570607','read write',3,48,'2024-01-25 04:55:52.571618','2024-01-25 04:55:52.571618',NULL,NULL),(883,'oNCZhCuGco8jYYFMIvCSz2rJp3mAIX','2024-01-25 14:57:53.505569','read write',3,48,'2024-01-25 04:57:53.505569','2024-01-25 04:57:53.505569',NULL,NULL),(884,'dh7XAUfnef9BbFF15ILoEiZIKlfl9M','2024-01-25 15:00:32.355318','read write',3,48,'2024-01-25 05:00:32.356293','2024-01-25 05:00:32.356293',NULL,NULL),(885,'T9omrUHv3lBZk6nh1zP4MexYXoFSfB','2024-01-25 16:30:58.587116','read write',3,48,'2024-01-25 06:30:58.588126','2024-01-25 06:30:58.588126',NULL,NULL),(886,'SJyUsNWL7Kdy23zbMCYRYO86vgRiwm','2024-01-25 16:32:48.371395','read write',3,48,'2024-01-25 06:32:48.371395','2024-01-25 06:32:48.371395',NULL,NULL),(887,'Tf4rNz35WkHjDHBTbaGElBc4MPHp7c','2024-01-25 16:34:38.811637','read write',3,48,'2024-01-25 06:34:38.836014','2024-01-25 06:34:38.836014',NULL,NULL),(888,'hAZ7V2FqAc5TsN4CGMeL0APRSqNx1V','2024-01-25 16:35:12.983570','read write',3,48,'2024-01-25 06:35:12.984547','2024-01-25 06:35:12.984547',NULL,NULL),(889,'KeMQPdEcRRSRTpWTdMtSZBzwuvCOhD','2024-01-25 16:36:12.024124','read write',3,48,'2024-01-25 06:36:12.025125','2024-01-25 06:36:12.025125',NULL,NULL),(890,'x66oHd0j6rtQOU8kATw2EGS1E3LOfu','2024-01-25 16:36:43.561789','read write',3,48,'2024-01-25 06:36:43.561789','2024-01-25 06:36:43.561789',NULL,NULL),(891,'TrZ1ojQfAGnPBrEGFTMv4P6M4lXIwF','2024-01-25 16:38:16.572573','read write',3,48,'2024-01-25 06:38:16.575955','2024-01-25 06:38:16.575955',NULL,NULL),(892,'G3nQZ4ut5wXWuVHl2U2XZBakYOshEV','2024-01-25 16:38:54.583856','read write',3,48,'2024-01-25 06:38:54.584878','2024-01-25 06:38:54.584878',NULL,NULL),(893,'E4NH3sXgrr3smhytX9QiKITmTBVm1X','2024-01-25 16:40:44.004545','read write',3,48,'2024-01-25 06:40:44.006499','2024-01-25 06:40:44.006499',NULL,NULL),(894,'dmkJi4HJgBl7inKmNPQAupcnOyBOUV','2024-01-25 16:44:09.009500','read write',3,48,'2024-01-25 06:44:09.011004','2024-01-25 06:44:09.011004',NULL,NULL),(895,'4QF2iwM2NbvLTqwy0w0TQAjtvegFvN','2024-01-25 16:45:40.437053','read write',3,48,'2024-01-25 06:45:40.438088','2024-01-25 06:45:40.438088',NULL,NULL),(896,'YZtFR4uB3itW0KCz9MYY0Bd1g0yVO5','2024-01-25 16:46:39.328744','read write',3,48,'2024-01-25 06:46:39.329728','2024-01-25 06:46:39.329728',NULL,NULL),(897,'w4f0GMrNZ2hPdsRpc8EVuJTFSGV2YF','2024-01-25 16:47:44.800154','read write',3,48,'2024-01-25 06:47:44.801158','2024-01-25 06:47:44.801158',NULL,NULL),(898,'oM96SaBIlDAOGTV5vfmqyQD1jAvTIq','2024-01-25 16:48:40.183943','read write',3,48,'2024-01-25 06:48:40.186986','2024-01-25 06:48:40.186986',NULL,NULL),(899,'HKkelj8AZKD3DxkkwtCqiFZVc03SXL','2024-01-25 16:50:03.139553','read write',3,48,'2024-01-25 06:50:03.139553','2024-01-25 06:50:03.139553',NULL,NULL),(900,'Ru8ODJPK0VispgiabEiH4vmEKPvotc','2024-01-25 16:53:40.768253','read write',3,7,'2024-01-25 06:53:40.769254','2024-01-25 06:53:40.769254',NULL,NULL),(901,'FmuKDeTaGLGdb9nlX6kjLvrMdMxPGG','2024-01-25 16:59:29.351142','read write',3,48,'2024-01-25 06:59:29.356602','2024-01-25 06:59:29.357601',NULL,NULL),(902,'KNxpg5TLXN7mRMYOd2zOiWHmBGRWOF','2024-01-25 17:00:06.019433','read write',3,48,'2024-01-25 07:00:06.019433','2024-01-25 07:00:06.019433',NULL,NULL),(903,'AEAJn7XXwgIXXrK9LfhloNOdpEdJfH','2024-01-25 17:01:06.804655','read write',3,48,'2024-01-25 07:01:06.805627','2024-01-25 07:01:06.805627',NULL,NULL),(904,'31piix8rtdafKtOkOSxhU3mpMDKCA0','2024-01-25 17:02:03.600809','read write',3,48,'2024-01-25 07:02:03.611851','2024-01-25 07:02:03.611851',NULL,NULL),(905,'nIp9SC3AmdlZMPnwVWQc40uDg7D2ZW','2024-01-25 17:02:59.099381','read write',3,48,'2024-01-25 07:02:59.099381','2024-01-25 07:02:59.099381',NULL,NULL),(906,'OwYY5AooNFSVTox3dqu9CCLBbAdu9u','2024-01-25 18:42:44.030887','read write',3,48,'2024-01-25 08:42:44.031902','2024-01-25 08:42:44.031902',NULL,NULL),(907,'LJJ9k6mMEwYtUJ5hduCLQBbuZfRigK','2024-01-25 18:50:54.387775','read write',3,48,'2024-01-25 08:50:54.413008','2024-01-25 08:50:54.413008',NULL,NULL),(908,'SoM2HkI63CR15aGwYnAUht4ZNNcgD2','2024-01-25 19:09:03.903693','read write',3,48,'2024-01-25 09:09:03.907642','2024-01-25 09:09:03.907642',NULL,NULL),(909,'qm8AUkWx809VH4k6jhK4XfOGRoQPrO','2024-01-25 19:09:38.107544','read write',3,48,'2024-01-25 09:09:38.107544','2024-01-25 09:09:38.107544',NULL,NULL),(910,'5wHA9zEVmkKKPcRBGwWFchW0byW3r5','2024-01-25 19:38:22.421422','read write',3,48,'2024-01-25 09:38:22.433910','2024-01-25 09:38:22.433910',NULL,NULL),(911,'EzIh4rOyywdE8sPz1rHv6b19W1zpSh','2024-01-25 19:38:58.711813','read write',3,48,'2024-01-25 09:38:58.712801','2024-01-25 09:38:58.712801',NULL,NULL),(912,'8i1Ut266NWcJ7Jeeugaev6DlqgNBng','2024-01-25 19:52:46.546619','read write',3,48,'2024-01-25 09:52:46.552962','2024-01-25 09:52:46.552962',NULL,NULL),(913,'mMinbB05vwZ54XFGarfJ6pV0D2vEQO','2024-01-25 19:55:31.259704','read write',3,48,'2024-01-25 09:55:31.259704','2024-01-25 09:55:31.259704',NULL,NULL),(914,'3zuwdUEr6j3cALnGbV502c9TQ6LYpc','2024-01-26 00:26:30.233915','read write',3,48,'2024-01-25 14:26:30.238801','2024-01-25 14:26:30.238801',NULL,NULL),(915,'mfvmQ4jv2O1rgeYezgUjwhMaB0s9zQ','2024-01-26 00:29:00.876358','read write',3,48,'2024-01-25 14:29:00.876358','2024-01-25 14:29:00.876358',NULL,NULL),(916,'VkLBI6ft0VMnAGlESgUNXuyRjiT4tu','2024-01-26 00:58:11.464485','read write',3,48,'2024-01-25 14:58:11.467414','2024-01-25 14:58:11.467414',NULL,NULL),(917,'EjtsR0DTLEOx46P2J95JsNQGoKWWcL','2024-01-26 01:29:51.667345','read write',3,48,'2024-01-25 15:29:51.682022','2024-01-25 15:29:51.682022',NULL,NULL),(918,'WuH7U3eXuVZiOq9TTEidNTnjHGxX9Z','2024-01-26 01:35:51.687268','read write',3,48,'2024-01-25 15:35:51.698125','2024-01-25 15:35:51.698125',NULL,NULL),(919,'KuSkwu3FqeIkhWjUQrewg3sr2jFcZM','2024-01-26 01:40:31.527848','read write',3,48,'2024-01-25 15:40:31.531757','2024-01-25 15:40:31.531757',NULL,NULL),(920,'wvwmuBQ00vrSaFYR5K2NxmYwa1oChG','2024-01-26 01:52:31.021648','read write',3,48,'2024-01-25 15:52:31.021648','2024-01-25 15:52:31.021648',NULL,NULL),(921,'ZgLx8wnp08uaa5FiRXE1v711JbF2fy','2024-01-26 01:56:34.328542','read write',3,48,'2024-01-25 15:56:34.330531','2024-01-25 15:56:34.330531',NULL,NULL),(922,'akLznhJjb00PVSBMGSnxhIQtd4q73E','2024-01-26 01:57:29.342588','read write',3,48,'2024-01-25 15:57:29.342588','2024-01-25 15:57:29.342588',NULL,NULL),(923,'DuF9Fe4azCsmvSPj0elipPFdOESYBJ','2024-01-26 02:18:06.473229','read write',3,48,'2024-01-25 16:18:06.474212','2024-01-25 16:18:06.474212',NULL,NULL),(924,'LrWvpQMdLSbYFc5f8beclFi1dwAqxw','2024-01-26 02:19:27.786462','read write',3,48,'2024-01-25 16:19:27.787439','2024-01-25 16:19:27.787439',NULL,NULL),(925,'uquM6oTU98w0S2kB3JPkfRtUcHTWWQ','2024-01-26 02:20:46.925641','read write',3,48,'2024-01-25 16:20:46.926623','2024-01-25 16:20:46.926623',NULL,NULL),(926,'aHPX2sPzNd1o11Nwg1h80gFd0QcsUU','2024-01-26 02:24:02.279733','read write',3,48,'2024-01-25 16:24:02.279733','2024-01-25 16:24:02.279733',NULL,NULL),(927,'TeUzn3O4YAHjIrstsy4uDO9VlXgygQ','2024-01-26 02:26:41.873344','read write',3,48,'2024-01-25 16:26:41.874314','2024-01-25 16:26:41.874314',NULL,NULL),(928,'G5erjlXlR17VJIrYfB5hF0DyKApvjE','2024-01-26 02:27:56.477282','read write',3,48,'2024-01-25 16:27:56.477282','2024-01-25 16:27:56.477282',NULL,NULL),(929,'q0kdVvI9Mto7qtsMPtkK7EUOeorzKy','2024-01-26 02:29:03.732823','read write',3,48,'2024-01-25 16:29:03.732823','2024-01-25 16:29:03.732823',NULL,NULL),(930,'5WfL1PVI4VFgLsUp63gJwZysjK4xil','2024-01-26 02:30:01.949636','read write',3,48,'2024-01-25 16:30:01.949636','2024-01-25 16:30:01.949636',NULL,NULL),(931,'1wEdMvRzP2ug0YysoxEt792Coka1lJ','2024-01-26 02:30:39.353225','read write',3,48,'2024-01-25 16:30:39.354204','2024-01-25 16:30:39.354204',NULL,NULL),(932,'tLsifJiBrExlz8f9MH4Tsp94q0hTFb','2024-01-26 02:31:23.453584','read write',3,48,'2024-01-25 16:31:23.454582','2024-01-25 16:31:23.454582',NULL,NULL),(933,'yPekldlCk8Ggo69fBoUXeO5FZMFS4V','2024-01-26 02:32:28.469133','read write',3,48,'2024-01-25 16:32:28.469133','2024-01-25 16:32:28.469133',NULL,NULL),(934,'V24yI93F1S4P5nIQsP0cOeGjbb8EFq','2024-01-26 02:39:44.494963','read write',3,48,'2024-01-25 16:39:44.495976','2024-01-25 16:39:44.496997',NULL,NULL),(935,'6DTl9UWNjMo9XR8Zjyq0RqcTijXI1C','2024-01-26 02:42:46.846069','read write',3,48,'2024-01-25 16:42:46.847067','2024-01-25 16:42:46.847067',NULL,NULL),(936,'1G4hcVEC3FfxDX09mfL7UadeObG3pL','2024-01-26 02:44:08.222119','read write',3,48,'2024-01-25 16:44:08.222119','2024-01-25 16:44:08.222119',NULL,NULL),(937,'aN5ZdtC9TkkK4Jiilk3bYnjFG9cbac','2024-01-26 02:44:43.467070','read write',3,48,'2024-01-25 16:44:43.467070','2024-01-25 16:44:43.467070',NULL,NULL),(938,'oNpMt1A3c2wCPd4qIv2ynjz2eAhO0n','2024-01-26 02:46:03.560496','read write',3,48,'2024-01-25 16:46:03.560496','2024-01-25 16:46:03.560496',NULL,NULL),(939,'8vTGw7MSOejoxgVQyC0hn6w0ch6msh','2024-01-26 02:51:01.639695','read write',3,48,'2024-01-25 16:51:01.639695','2024-01-25 16:51:01.639695',NULL,NULL),(940,'68nVqaltTic6G0W0r0h4x4stYeQu0o','2024-01-26 04:27:52.156069','read write',3,48,'2024-01-25 18:27:52.161522','2024-01-25 18:27:52.161522',NULL,NULL),(941,'nDyLmR3c35gnvZ54ng66tsci1wWWsy','2024-01-26 04:28:39.964249','read write',3,48,'2024-01-25 18:28:39.965754','2024-01-25 18:28:39.965754',NULL,NULL),(942,'4g4goulzYbqB1bZJLsFDPDDFBY9KXm','2024-01-26 04:29:32.099146','read write',3,48,'2024-01-25 18:29:32.099146','2024-01-25 18:29:32.099146',NULL,NULL),(943,'sg2IRLqZHQW1TYV73wtpeHiDARBrr9','2024-01-26 04:34:16.216924','read write',3,48,'2024-01-25 18:34:16.216924','2024-01-25 18:34:16.216924',NULL,NULL),(944,'dZyCh78TGbBjiNOGkNB125ESVwbOwf','2024-01-26 04:34:53.576270','read write',3,2,'2024-01-25 18:34:53.577246','2024-01-25 18:34:53.577246',NULL,NULL),(945,'S0uKtWwOYWKQ0D1qZp6BEqV2luoOaQ','2024-01-26 18:23:50.561930','read write',3,48,'2024-01-26 08:23:50.563705','2024-01-26 08:23:50.563705',NULL,NULL),(946,'FdiN4FpajjjIJV0iOYUvTh6C5dwsKy','2024-01-26 18:25:47.235498','read write',3,2,'2024-01-26 08:25:47.235498','2024-01-26 08:25:47.235498',NULL,NULL),(947,'MAJK1lZtGxFqjHPiQT4zHoGSLd9hYi','2024-01-26 18:35:26.334875','read write',3,2,'2024-01-26 08:35:26.336962','2024-01-26 08:35:26.336962',NULL,NULL),(948,'bxSnkxRe0xm0HeipCw1ZJv26OIhAiW','2024-01-26 18:37:47.712939','read write',3,2,'2024-01-26 08:37:47.713994','2024-01-26 08:37:47.713994',NULL,NULL),(949,'4xdHfhH51wnZ6btJEY1VjxyVdJjOfP','2024-01-26 18:41:28.156115','read write',3,2,'2024-01-26 08:41:28.156115','2024-01-26 08:41:28.156115',NULL,NULL),(950,'tqNOqdB9F499nO2mnFsR8HfVcVvfLA','2024-01-26 19:11:30.181556','read write',3,48,'2024-01-26 09:11:30.188544','2024-01-26 09:11:30.188544',NULL,NULL),(951,'iSDcKZy78bB46p6cNcdbFu1tU9xiNn','2024-01-26 19:18:08.440324','read write',3,48,'2024-01-26 09:18:08.442827','2024-01-26 09:18:08.442827',NULL,NULL),(952,'CaD0uA9976qnXTD3sbVsZZqYI4JEaX','2024-01-26 19:18:40.719686','read write',3,48,'2024-01-26 09:18:40.719686','2024-01-26 09:18:40.719686',NULL,NULL),(953,'t4rC5ClbGyZw84c0ERCHScUMixj8Uf','2024-01-26 19:20:43.846160','read write',3,48,'2024-01-26 09:20:43.847153','2024-01-26 09:20:43.847153',NULL,NULL),(954,'PTrr19tf1W9pY2TOkkg9i4pj7HkN7i','2024-01-26 19:22:12.107249','read write',3,48,'2024-01-26 09:22:12.107249','2024-01-26 09:22:12.107249',NULL,NULL),(955,'cxXr5sgOuJqvQy2uZ6wtS5ydwkC8IJ','2024-01-26 19:23:28.297450','read write',3,48,'2024-01-26 09:23:28.297450','2024-01-26 09:23:28.297450',NULL,NULL),(956,'1Wyf9g2HoRlK2u6yVkGBSQEw6J35eQ','2024-01-26 19:32:10.558087','read write',3,2,'2024-01-26 09:32:10.559510','2024-01-26 09:32:10.559510',NULL,NULL),(957,'ntT2Bho1A99SVMPDYRWQgh1ThIrx54','2024-01-26 19:32:48.334651','read write',3,2,'2024-01-26 09:32:48.334651','2024-01-26 09:32:48.334651',NULL,NULL),(958,'vKWqSGjnZkB64U1M3jVa56YvAW2kl7','2024-01-26 19:45:32.994685','read write',3,48,'2024-01-26 09:45:32.997863','2024-01-26 09:45:32.997863',NULL,NULL),(959,'yiPnN8zAuA17D635JAdaurHZhRefZ3','2024-01-26 19:55:24.903356','read write',3,48,'2024-01-26 09:55:24.914488','2024-01-26 09:55:24.914488',NULL,NULL),(960,'Cpv4IId0MDPysxkaf3wkA0Cqi5s93D','2024-01-26 19:57:02.522137','read write',3,48,'2024-01-26 09:57:02.522137','2024-01-26 09:57:02.522137',NULL,NULL),(961,'eQmDvegxYqT2BlJmJx7U81f1L3KkTi','2024-01-26 19:58:03.360869','read write',3,48,'2024-01-26 09:58:03.361839','2024-01-26 09:58:03.361839',NULL,NULL),(962,'YhiNI7PGYsRY14rDeEgvJgytsNTk8F','2024-01-26 19:59:30.956312','read write',3,48,'2024-01-26 09:59:30.957335','2024-01-26 09:59:30.957335',NULL,NULL),(963,'1OnL2NwFb7iGtFs4UmHwjOLkcvTIYx','2024-01-26 20:00:54.484409','read write',3,48,'2024-01-26 10:00:54.484409','2024-01-26 10:00:54.484409',NULL,NULL),(964,'qnuqUiHzkhwwNT4SsovsSfwgOCeC2Z','2024-01-27 03:44:14.216668','read write',3,48,'2024-01-26 17:44:14.218683','2024-01-26 17:44:14.218683',NULL,NULL),(965,'NhSUYmjH6sbiJbrKUYrbHuWLZqJnxg','2024-01-27 04:02:26.994426','read write',3,48,'2024-01-26 18:02:26.994426','2024-01-26 18:02:26.994426',NULL,NULL),(966,'9igjT48N69MxxD29CrWmNvCAvaqy76','2024-01-27 04:05:27.246906','read write',3,48,'2024-01-26 18:05:27.250868','2024-01-26 18:05:27.250868',NULL,NULL),(967,'Eq2l6tR2qiIhAck16JovXYjrQormeC','2024-01-27 04:06:22.573535','read write',3,48,'2024-01-26 18:06:22.573535','2024-01-26 18:06:22.573535',NULL,NULL),(968,'IhOyNEp9Tqja3YBeV2vAx6mQtXACJE','2024-01-27 04:06:38.494394','read write',3,48,'2024-01-26 18:06:38.495898','2024-01-26 18:06:38.495898',NULL,NULL),(969,'YZA6cz4OjUSRlZwLPJT6bSb41yHlxZ','2024-01-27 04:07:22.642814','read write',3,48,'2024-01-26 18:07:22.642814','2024-01-26 18:07:22.642814',NULL,NULL),(970,'aWk7s2cJ2Mbi7yKIGzOHpZqOMSfkRf','2024-01-27 04:10:19.245629','read write',3,2,'2024-01-26 18:10:19.246649','2024-01-26 18:10:19.246649',NULL,NULL),(971,'mHDNTxkbsLG8CGN9SNngrVDT234zA4','2024-01-27 04:11:30.448950','read write',3,2,'2024-01-26 18:11:30.451881','2024-01-26 18:11:30.451881',NULL,NULL),(972,'VMCDcAyZNqisAKTVLOZzR3kDX3x94b','2024-01-27 04:12:38.545835','read write',3,2,'2024-01-26 18:12:38.545835','2024-01-26 18:12:38.545835',NULL,NULL),(973,'9f9YUspm2TkUNxY14iStBJJ63EAz1e','2024-01-27 04:13:33.564485','read write',3,2,'2024-01-26 18:13:33.564485','2024-01-26 18:13:33.564485',NULL,NULL),(974,'vvo8Y6DeJxqFx88zdo4u2RbDvJbdAt','2024-01-27 04:15:43.273715','read write',3,2,'2024-01-26 18:15:43.273715','2024-01-26 18:15:43.273715',NULL,NULL),(975,'3lx7lgDWKFUxEtl0ibPmZIMBnrL8ox','2024-01-27 04:26:46.676862','read write',3,2,'2024-01-26 18:26:46.678854','2024-01-26 18:26:46.678854',NULL,NULL),(976,'M4PG4QXAxRvWWflzxOrvRHiDXIMSd4','2024-01-27 04:27:51.296711','read write',3,2,'2024-01-26 18:27:51.297704','2024-01-26 18:27:51.297704',NULL,NULL),(977,'SlNRMPYmuarSgSsyHCDwQ6Nljky4Kg','2024-01-27 05:00:53.670979','read write',3,48,'2024-01-26 19:00:53.679982','2024-01-26 19:00:53.679982',NULL,NULL),(978,'egz19S6PZExiPVO9nDXHJ1E113vhIT','2024-01-27 05:05:59.480831','read write',3,2,'2024-01-26 19:05:59.480831','2024-01-26 19:05:59.480831',NULL,NULL),(979,'pLSbA8mq8dDnMbmQiBpiepwDoIe3KZ','2024-01-27 05:08:56.038438','read write',3,2,'2024-01-26 19:08:56.039422','2024-01-26 19:08:56.039422',NULL,NULL),(980,'Jyx16haFhHwRlrmGjylHwUvTxubPda','2024-01-27 05:09:34.959041','read write',3,2,'2024-01-26 19:09:34.959041','2024-01-26 19:09:34.959041',NULL,NULL),(981,'PW5VKb5HYwnXnJ7ubmbjfS7X2GjEO9','2024-01-27 05:10:59.188306','read write',3,2,'2024-01-26 19:10:59.189306','2024-01-26 19:10:59.189306',NULL,NULL),(982,'V2yA7WDpxPEn8c2Att2RexOdEmOgaN','2024-01-27 05:11:16.390861','read write',3,2,'2024-01-26 19:11:16.390861','2024-01-26 19:11:16.390861',NULL,NULL),(983,'Qkq4lyLQoVoxTYFMMbTwfD8HpftLVF','2024-01-27 05:11:57.806477','read write',3,2,'2024-01-26 19:11:57.807487','2024-01-26 19:11:57.807487',NULL,NULL),(984,'UwwhGwRPqNwigycvmKMUYXMnb78i9l','2024-01-27 05:12:54.129789','read write',3,2,'2024-01-26 19:12:54.130752','2024-01-26 19:12:54.130752',NULL,NULL),(985,'mRQe6RpWDiPX7yApwf511A84Bq333r','2024-01-27 05:13:31.166443','read write',3,2,'2024-01-26 19:13:31.166979','2024-01-26 19:13:31.166979',NULL,NULL),(986,'bjRxZ9dCZxnPdtEbGreeQWSkKQ7Xbd','2024-01-27 05:14:40.294859','read write',3,2,'2024-01-26 19:14:40.294859','2024-01-26 19:14:40.294859',NULL,NULL),(987,'9KIEUBSCRvfuy2fmhSryk6KjYkgQ10','2024-01-27 05:15:38.454402','read write',3,2,'2024-01-26 19:15:38.455965','2024-01-26 19:15:38.455965',NULL,NULL),(988,'CbyhGLZdcQ3XIf8xZXc8EAkxEVkeMc','2024-01-27 05:16:04.218177','read write',3,2,'2024-01-26 19:16:04.219153','2024-01-26 19:16:04.219153',NULL,NULL),(989,'p3goZ8RRnw55Xsgvrz5ftmdV61dLsD','2024-01-27 05:16:48.195615','read write',3,2,'2024-01-26 19:16:48.195615','2024-01-26 19:16:48.195615',NULL,NULL),(990,'QBralyNzuo1ydxcDhgkfmYDacxGEre','2024-01-27 05:17:48.163660','read write',3,2,'2024-01-26 19:17:48.163660','2024-01-26 19:17:48.163660',NULL,NULL),(991,'wpa3canoE2dTsV0XBFwJmRDRQd7klD','2024-01-27 05:18:06.467831','read write',3,2,'2024-01-26 19:18:06.467831','2024-01-26 19:18:06.468809',NULL,NULL),(992,'xFHDeIBSY4wshs7hBd0bmUbVo72fGM','2024-01-27 05:18:30.672160','read write',3,2,'2024-01-26 19:18:30.672160','2024-01-26 19:18:30.672160',NULL,NULL),(993,'JAdISTZ5xDNIuf3CogZFF1GTqmAb1U','2024-01-27 05:18:51.285962','read write',3,2,'2024-01-26 19:18:51.286476','2024-01-26 19:18:51.286476',NULL,NULL),(994,'uGFdgzWrixkFACqQ4ADXRNl0YL84IO','2024-01-27 05:24:56.217626','read write',3,2,'2024-01-26 19:24:56.218603','2024-01-26 19:24:56.218603',NULL,NULL),(995,'0OD3n93QxSvPu6RctCllNegRUsh0uo','2024-01-27 05:26:46.509663','read write',3,2,'2024-01-26 19:26:46.509663','2024-01-26 19:26:46.509663',NULL,NULL),(996,'SlQKALdzzkB8FLoIDJYcMxQLPI9HiE','2024-01-27 05:40:05.479886','read write',3,2,'2024-01-26 19:40:05.483859','2024-01-26 19:40:05.483859',NULL,NULL),(997,'8nFWfHRotewPRlc99t7LdQAr8ddg3W','2024-01-27 05:48:03.803007','read write',3,2,'2024-01-26 19:48:03.803984','2024-01-26 19:48:03.803984',NULL,NULL),(998,'HOcVOFyw74WMFoXQfzkkH8q4TU7ytv','2024-01-27 05:55:01.447878','read write',3,2,'2024-01-26 19:55:01.448874','2024-01-26 19:55:01.448874',NULL,NULL),(999,'S5qJIBjSydnEwn0p4DihLidnzNjx2d','2024-01-27 06:00:02.160821','read write',3,2,'2024-01-26 20:00:02.169159','2024-01-26 20:00:02.169159',NULL,NULL),(1000,'DZAiyggy0OpQbdPr8qrKLMi4LeTdZy','2024-01-27 06:00:21.165671','read write',3,2,'2024-01-26 20:00:21.165671','2024-01-26 20:00:21.165671',NULL,NULL),(1001,'09U31XhdoBzFxlQpaUJN98z9CPq50t','2024-01-27 06:00:45.677714','read write',3,2,'2024-01-26 20:00:45.679219','2024-01-26 20:00:45.679219',NULL,NULL),(1002,'pTSMHWST5gBpEG66gVYeNfCzCTEdbo','2024-01-27 06:01:00.921125','read write',3,2,'2024-01-26 20:01:00.922107','2024-01-26 20:01:00.922107',NULL,NULL),(1003,'cwTgtuy6PeE6ihE3AB1cejVWvpGDis','2024-01-27 06:01:13.330819','read write',3,2,'2024-01-26 20:01:13.330819','2024-01-26 20:01:13.330819',NULL,NULL),(1004,'g3CaK5ouMg0oJt4g4XjIEeXNWyVlpQ','2024-01-27 06:02:10.679194','read write',3,2,'2024-01-26 20:02:10.680707','2024-01-26 20:02:10.680707',NULL,NULL),(1005,'iCmbP83pNoiRWjLRqtEDdiWFqgITmD','2024-01-27 06:02:21.011657','read write',3,48,'2024-01-26 20:02:21.012677','2024-01-26 20:02:21.012677',NULL,NULL),(1006,'DD1OJQJqohtEbh9J8YZeGv664As0En','2024-01-27 06:04:13.042468','read write',3,2,'2024-01-26 20:04:13.043465','2024-01-26 20:04:13.043465',NULL,NULL),(1007,'dKMB7pbFHnjVopojJykj6LIWlVJcTw','2024-01-27 06:05:59.787529','read write',3,48,'2024-01-26 20:05:59.787529','2024-01-26 20:05:59.787529',NULL,NULL),(1008,'OF6UBM7L9IkFU9AXHZ1Lu65Msg5Oii','2024-01-27 06:26:24.043266','read write',3,14,'2024-01-26 20:26:24.044248','2024-01-26 20:26:24.044248',NULL,NULL),(1009,'Z1KMHtNn0lE1vMD78Bxip00eTZtSqo','2024-01-27 06:28:50.463548','read write',3,48,'2024-01-26 20:28:50.463548','2024-01-26 20:28:50.463548',NULL,NULL),(1010,'H2oB1QcCqpKfFFoK0e3N0nCDHgQZzM','2024-01-27 06:29:13.478775','read write',3,48,'2024-01-26 20:29:13.479752','2024-01-26 20:29:13.479752',NULL,NULL),(1011,'jDdJLIMGmLRtxHBGHH4F0efYid1aCH','2024-01-27 06:30:07.528687','read write',3,2,'2024-01-26 20:30:07.528687','2024-01-26 20:30:07.528687',NULL,NULL),(1012,'XJ2AMaT2RULNplLsyEXg9APIVAjptl','2024-01-27 06:30:33.492369','read write',3,14,'2024-01-26 20:30:33.493340','2024-01-26 20:30:33.493340',NULL,NULL),(1013,'VYmDtvD3UkLHYCwf1XdaTiqZetZQwn','2024-01-27 06:33:13.326502','read write',3,48,'2024-01-26 20:33:13.327968','2024-01-26 20:33:13.327968',NULL,NULL),(1014,'F1RZNLzQPjOaCGZHnElGNAmX5zGLxm','2024-01-27 06:33:44.002588','read write',3,14,'2024-01-26 20:33:44.002588','2024-01-26 20:33:44.002588',NULL,NULL),(1015,'se2BgJbtPu74z278MOqZ0bLdbgXDgo','2024-01-27 06:34:33.997814','read write',3,4,'2024-01-26 20:34:33.997814','2024-01-26 20:34:33.997814',NULL,NULL),(1016,'H0XCCnkDV5fg468aQVVipASRYuNVFA','2024-01-27 06:34:42.772383','read write',3,48,'2024-01-26 20:34:42.772383','2024-01-26 20:34:42.772383',NULL,NULL),(1017,'v3QyEYdCiFF97Dmp97UFpVkjnps92h','2024-01-27 06:35:13.086523','read write',3,4,'2024-01-26 20:35:13.087533','2024-01-26 20:35:13.087533',NULL,NULL),(1018,'sJbj7L4boj2JS8lpwgyTHc9Cs7C40x','2024-01-27 06:35:21.559652','read write',3,14,'2024-01-26 20:35:21.560632','2024-01-26 20:35:21.560632',NULL,NULL),(1019,'yiI6dfqFaj1FIyRVYYnUaJNz5Ue9Vk','2024-01-27 06:36:57.173620','read write',3,4,'2024-01-26 20:36:57.173620','2024-01-26 20:36:57.173620',NULL,NULL),(1020,'yneoMhdBix7urpdvymrrsFWbJDUBN3','2024-01-27 06:38:03.080213','read write',3,48,'2024-01-26 20:38:03.081215','2024-01-26 20:38:03.081215',NULL,NULL),(1021,'4PzrYFpaYIvohULoKdCvOLAWttbgZW','2024-01-27 06:38:03.575633','read write',3,48,'2024-01-26 20:38:03.576656','2024-01-26 20:38:03.576656',NULL,NULL),(1022,'uX7x3CTRzSXFgrKCRCvcdQnHmmc7ss','2024-01-27 06:49:41.030940','read write',3,48,'2024-01-26 20:49:41.030940','2024-01-26 20:49:41.030940',NULL,NULL),(1023,'eU7Era5a1XMxlQ45fpH9FP84OxTE8y','2024-01-27 07:01:41.329620','read write',3,48,'2024-01-26 21:01:41.330590','2024-01-26 21:01:41.330590',NULL,NULL),(1024,'lpouztHvaj5aFW9YGLKGcyOT9HCasS','2024-01-27 07:04:43.792278','read write',3,4,'2024-01-26 21:04:43.793248','2024-01-26 21:04:43.793248',NULL,NULL),(1025,'P2RyjekNppVf1NZbLpF793bdKbTXJF','2024-01-27 07:12:50.331199','read write',3,4,'2024-01-26 21:12:50.332198','2024-01-26 21:12:50.332198',NULL,NULL),(1026,'wAoI71OKUVeMPqAoraCE7wwcdjsbun','2024-01-27 17:07:22.503678','read write',3,48,'2024-01-27 07:07:22.503678','2024-01-27 07:07:22.503678',NULL,NULL),(1027,'msBy1S1YdlK0R08fwk1MZTMB4w8Oob','2024-01-27 17:24:17.709354','read write',3,48,'2024-01-27 07:24:17.717026','2024-01-27 07:24:17.717026',NULL,NULL),(1028,'CbVtizAs1SSw0DZ9XKSJQbI4EcCgk9','2024-01-27 17:27:45.498164','read write',3,48,'2024-01-27 07:27:45.498164','2024-01-27 07:27:45.498164',NULL,NULL),(1029,'MQUPq29PpYPubgC172RvRrs4Ih5A2D','2024-01-27 17:28:36.422951','read write',3,48,'2024-01-27 07:28:36.422951','2024-01-27 07:28:36.422951',NULL,NULL),(1030,'oHOiuJZi9hHXkKsK9EdYXqHnIffQ5r','2024-01-27 17:31:57.108650','read write',3,48,'2024-01-27 07:31:57.110162','2024-01-27 07:31:57.110162',NULL,NULL),(1031,'lO2RczQPPjsDNSMSn88ZfuXYG34OsK','2024-01-27 17:32:34.677777','read write',3,48,'2024-01-27 07:32:34.677777','2024-01-27 07:32:34.677777',NULL,NULL),(1032,'xIWO8JA4TsKIhVQMxn2jTIXuT8LoMT','2024-01-27 17:33:35.507237','read write',3,48,'2024-01-27 07:33:35.507237','2024-01-27 07:33:35.507237',NULL,NULL),(1033,'kE6f335vam1pW8ZcY1Pn1XOxcVBryz','2024-01-27 17:34:18.195019','read write',3,48,'2024-01-27 07:34:18.195996','2024-01-27 07:34:18.195996',NULL,NULL),(1034,'z4X42BO3LnRGJKiuTbPsSmSs2e1l7z','2024-01-27 17:40:40.176728','read write',3,48,'2024-01-27 07:40:40.177726','2024-01-27 07:40:40.177726',NULL,NULL),(1035,'9RrZ1fqxe92onXrXrCXwV3YnybTtQt','2024-01-27 17:41:57.894448','read write',3,48,'2024-01-27 07:41:57.895439','2024-01-27 07:41:57.895439',NULL,NULL),(1036,'EJzpTmSg13502CtjS9lmTw8cPLmLn8','2024-01-27 17:43:36.965486','read write',3,48,'2024-01-27 07:43:36.966499','2024-01-27 07:43:36.966499',NULL,NULL),(1037,'InPIRFg2qH3HWLs2uPYEhcmB4wp6ic','2024-01-27 17:44:46.424357','read write',3,48,'2024-01-27 07:44:46.424357','2024-01-27 07:44:46.424357',NULL,NULL),(1038,'JhztmbQLmh9Pq6MQxHZgztgx4WkGdg','2024-01-27 17:48:30.762039','read write',3,48,'2024-01-27 07:48:30.762039','2024-01-27 07:48:30.762039',NULL,NULL),(1039,'NpOzP9B68Q4vKLBJzvae2keZvXktW2','2024-01-27 17:52:17.562033','read write',3,48,'2024-01-27 07:52:17.562033','2024-01-27 07:52:17.562033',NULL,NULL),(1040,'IFbtCbWZhWjsiN0XJKqW5khbq5RSbl','2024-01-27 17:54:25.985652','read write',3,48,'2024-01-27 07:54:25.986673','2024-01-27 07:54:25.986673',NULL,NULL),(1041,'wd1OBexJwJ7bmpL29ujiBtNCibBpnu','2024-01-27 17:55:26.414220','read write',3,48,'2024-01-27 07:55:26.414220','2024-01-27 07:55:26.414220',NULL,NULL),(1042,'AOwYzaDu74Pqtx5IibaDp671gdl0SK','2024-01-27 17:56:18.901485','read write',3,48,'2024-01-27 07:56:18.901485','2024-01-27 07:56:18.901485',NULL,NULL),(1043,'w7guoufbv6TDt7LN2xkE8kUSlNbEy7','2024-01-27 17:57:21.147840','read write',3,48,'2024-01-27 07:57:21.147840','2024-01-27 07:57:21.147840',NULL,NULL),(1044,'vcw1ux8lbfY1eG0KqiV6RwFYDbNsyT','2024-01-27 18:00:37.450245','read write',3,48,'2024-01-27 08:00:37.450245','2024-01-27 08:00:37.450245',NULL,NULL),(1045,'aiho75oZXxfVCmJZUTwFke6ipH5eSs','2024-01-27 18:02:34.874193','read write',3,48,'2024-01-27 08:02:34.874193','2024-01-27 08:02:34.874193',NULL,NULL),(1046,'U5okvk1JMtNrPsLjPIHAmLOFjfWtM2','2024-01-27 18:03:56.528058','read write',3,48,'2024-01-27 08:03:56.528058','2024-01-27 08:03:56.528058',NULL,NULL),(1047,'GEVrNk1TGX2xjO7K0LI5RxHAvBM2C2','2024-01-27 18:10:22.386944','read write',3,48,'2024-01-27 08:10:22.387951','2024-01-27 08:10:22.387951',NULL,NULL),(1048,'wIeQaKwL7nS7zxGW5pb9mHUnmyXHmh','2024-01-27 18:10:23.266730','read write',3,48,'2024-01-27 08:10:23.266730','2024-01-27 08:10:23.266730',NULL,NULL),(1049,'UVPTCb6jklRkuMXp5CLROYAXdJVjl1','2024-01-27 18:17:15.656606','read write',3,48,'2024-01-27 08:17:15.657821','2024-01-27 08:17:15.657821',NULL,NULL),(1050,'eJhX6y9KpGURgTAb8D1tRS8KuNXdoA','2024-01-27 18:19:19.530367','read write',3,48,'2024-01-27 08:19:19.530367','2024-01-27 08:19:19.530367',NULL,NULL),(1051,'RORV82zfKiSyVxgsQWEQ7AhAAxEHSP','2024-01-27 18:23:14.268119','read write',3,48,'2024-01-27 08:23:14.269132','2024-01-27 08:23:14.269132',NULL,NULL),(1052,'TfGtMklRXH1YK6NLh6DVFAimWt7DqZ','2024-01-27 18:29:09.568846','read write',3,48,'2024-01-27 08:29:09.568846','2024-01-27 08:29:09.568846',NULL,NULL),(1053,'BI0OreAIiNRtfxFVSAcXXPsCVPBI0E','2024-01-27 18:35:48.350157','read write',3,48,'2024-01-27 08:35:48.352160','2024-01-27 08:35:48.352160',NULL,NULL),(1054,'Mw8pBj0fhXJwhnE6lKxWQJLq9YcNbw','2024-01-27 18:36:34.451180','read write',3,48,'2024-01-27 08:36:34.451180','2024-01-27 08:36:34.451180',NULL,NULL),(1055,'luvKwzyQOEMAUFtU7ZH7umvR79ltMx','2024-01-27 18:37:30.935683','read write',3,48,'2024-01-27 08:37:30.936714','2024-01-27 08:37:30.936714',NULL,NULL),(1056,'ELU8N9NxMJfmYiIG7W67KS3Mf15TAa','2024-01-27 18:40:28.845095','read write',3,48,'2024-01-27 08:40:28.846079','2024-01-27 08:40:28.846079',NULL,NULL),(1057,'naTc7NgpG3I0mlY4jiMMTrnl4cS8a0','2024-01-27 18:41:52.498453','read write',3,48,'2024-01-27 08:41:52.499438','2024-01-27 08:41:52.499438',NULL,NULL),(1058,'dCwEJdyjenxFHSP8qXZfmDkmXo9nDm','2024-01-27 18:42:39.917453','read write',3,48,'2024-01-27 08:42:39.918430','2024-01-27 08:42:39.918430',NULL,NULL),(1059,'0U6DylD1bJWf3T5YHRmMurNRFS6HeA','2024-01-27 18:44:41.075236','read write',3,4,'2024-01-27 08:44:41.076214','2024-01-27 08:44:41.076214',NULL,NULL),(1060,'jXFl9rtgxVj2DSoo64jakjL6a53gTy','2024-01-27 18:46:27.727541','read write',3,48,'2024-01-27 08:46:27.727541','2024-01-27 08:46:27.727541',NULL,NULL),(1061,'dcseGiCpj5r8h53BUqhDfZIV2YT3ZO','2024-01-27 18:47:34.475819','read write',3,48,'2024-01-27 08:47:34.476804','2024-01-27 08:47:34.476804',NULL,NULL),(1062,'vgUqCT9KLx3Esbpyl3ySSytfJJRifr','2024-01-27 18:48:45.739168','read write',3,48,'2024-01-27 08:48:45.740192','2024-01-27 08:48:45.740192',NULL,NULL),(1063,'xDFoVL9GN70iotyEe57qcVdIhAR97S','2024-01-27 19:22:24.234966','read write',3,48,'2024-01-27 09:22:24.246412','2024-01-27 09:22:24.246412',NULL,NULL),(1064,'GWQSpIXEdcI6F8a2aHCu4o3MAEsZLj','2024-01-27 19:23:08.485906','read write',3,48,'2024-01-27 09:23:08.486911','2024-01-27 09:23:08.486911',NULL,NULL),(1065,'G49OWjiCpW7wZPtbwbQgUdQA5f5thA','2024-01-27 19:24:15.450257','read write',3,48,'2024-01-27 09:24:15.451267','2024-01-27 09:24:15.451267',NULL,NULL),(1066,'wzsalBMXiDE4mH7aRBuvzdROGLYGp6','2024-01-27 19:24:15.832541','read write',3,48,'2024-01-27 09:24:15.833526','2024-01-27 09:24:15.833526',NULL,NULL),(1067,'ELsNnivWymQuHqi0Km1zhy6WaKokeP','2024-01-27 19:29:13.475577','read write',3,48,'2024-01-27 09:29:13.476589','2024-01-27 09:29:13.476589',NULL,NULL),(1068,'gm1KAd6brpmVRqaRbBSqXSYAY6t2Z5','2024-01-27 19:34:08.602536','read write',3,48,'2024-01-27 09:34:08.603530','2024-01-27 09:34:08.603530',NULL,NULL),(1069,'HfxbZb9q4RRWXvrHqWH39d3HTzqjKV','2024-01-27 19:35:51.325306','read write',3,48,'2024-01-27 09:35:51.325306','2024-01-27 09:35:51.325306',NULL,NULL),(1070,'SWnqhj2m9YP9fVBjQVbEEKA63id7dk','2024-01-27 19:36:45.767722','read write',3,48,'2024-01-27 09:36:45.768715','2024-01-27 09:36:45.768715',NULL,NULL),(1071,'ttABO4IzU1twj5C4uXMzaQhvMHd5R2','2024-01-27 19:37:19.289323','read write',3,48,'2024-01-27 09:37:19.290327','2024-01-27 09:37:19.290327',NULL,NULL),(1072,'uuhfPb4YhclODxKphvSgnpHejXvndL','2024-01-27 19:38:03.029294','read write',3,48,'2024-01-27 09:38:03.030297','2024-01-27 09:38:03.030297',NULL,NULL),(1073,'mdiPppCYSIN1QA5iyEgXeUNl4HRJnt','2024-01-27 19:38:03.189202','read write',3,48,'2024-01-27 09:38:03.189202','2024-01-27 09:38:03.189202',NULL,NULL),(1074,'6o8ZsdsKHqWvztl3FsovvD0zYsUDT1','2024-01-27 19:43:34.056488','read write',3,48,'2024-01-27 09:43:34.057530','2024-01-27 09:43:34.057530',NULL,NULL),(1075,'w29BC3vlBD0pxnnIunXi96hDS7ZF68','2024-01-27 19:44:29.694129','read write',3,48,'2024-01-27 09:44:29.694129','2024-01-27 09:44:29.694129',NULL,NULL),(1076,'70AZQ3nisLJkRYeS19PoZQ4Iimg5Fu','2024-01-27 19:45:13.209319','read write',3,48,'2024-01-27 09:45:13.210333','2024-01-27 09:45:13.210333',NULL,NULL),(1077,'qGOPw1wmmgm8Nz6H8vKc1prBBtHj3g','2024-01-27 19:46:39.824303','read write',3,48,'2024-01-27 09:46:39.824303','2024-01-27 09:46:39.824303',NULL,NULL),(1078,'SPmkJ4U1hnHPfKW7N8rBgMcRhq0wDV','2024-01-27 19:48:09.017985','read write',3,48,'2024-01-27 09:48:09.018991','2024-01-27 09:48:09.018991',NULL,NULL),(1079,'Yvw4Tn8JralzkxHqjzV73uTIjBkMRd','2024-01-27 19:53:53.628804','read write',3,48,'2024-01-27 09:53:53.628804','2024-01-27 09:53:53.628804',NULL,NULL),(1080,'bSoWoXPDfF6iTNi6R4W2BiI3NMM3BR','2024-01-27 19:57:02.561787','read write',3,48,'2024-01-27 09:57:02.562372','2024-01-27 09:57:02.562372',NULL,NULL),(1081,'nVtk4kPbRxn7qHRNqObwbA97vfcMwt','2024-01-27 20:01:30.101478','read write',3,48,'2024-01-27 10:01:30.103459','2024-01-27 10:01:30.103459',NULL,NULL),(1082,'g7Uwn679kD1lvFNo8dYnAqRhieqTKJ','2024-01-27 20:09:38.741100','read write',3,48,'2024-01-27 10:09:38.744171','2024-01-27 10:09:38.744171',NULL,NULL),(1083,'D2mQVu4X5g1ssvXstWacyH3gWTtWCg','2024-01-27 20:20:24.177715','read write',3,48,'2024-01-27 10:20:24.178698','2024-01-27 10:20:24.178698',NULL,NULL),(1084,'HqE7VrzppwvcXx6s7h5R2Y8fsGk5DN','2024-01-27 20:21:03.062537','read write',3,48,'2024-01-27 10:21:03.062537','2024-01-27 10:21:03.062537',NULL,NULL),(1085,'oTYM6yRNm3kJ0Ltr21jJVimFIg02eS','2024-01-27 20:24:00.984501','read write',3,48,'2024-01-27 10:24:00.985518','2024-01-27 10:24:00.985518',NULL,NULL),(1086,'H0tVHIfd2iMrn79AzdRgBevIzj9lD3','2024-01-27 20:24:25.294093','read write',3,48,'2024-01-27 10:24:25.294093','2024-01-27 10:24:25.294093',NULL,NULL),(1087,'LD9utZiyR1cwFgXEF28c1e8TnNWVUW','2024-01-27 20:25:53.363734','read write',3,48,'2024-01-27 10:25:53.364805','2024-01-27 10:25:53.364805',NULL,NULL),(1088,'sETh0vgVP01XtQhXMs2qecJmBOQbcs','2024-01-27 20:27:10.647871','read write',3,48,'2024-01-27 10:27:10.664100','2024-01-27 10:27:10.664100',NULL,NULL),(1089,'NQoCIzcdgEfQJIr90Io47R5nMRX5Xz','2024-01-27 20:29:08.823373','read write',3,4,'2024-01-27 10:29:08.823373','2024-01-27 10:29:08.823373',NULL,NULL),(1090,'pzb8NeSqvSGXHCtKXfeK2RXwPoUHMo','2024-01-27 20:33:27.321861','read write',3,48,'2024-01-27 10:33:27.322426','2024-01-27 10:33:27.322426',NULL,NULL),(1091,'FsaxvB7rpHcWlD8aGRxOtrGcbQH7Z0','2024-01-27 20:42:55.488471','read write',3,48,'2024-01-27 10:42:55.489455','2024-01-27 10:42:55.489455',NULL,NULL),(1092,'mgKZiaHM9fWsnCRtRh2gcDTMxxFOgS','2024-01-27 20:48:43.008735','read write',3,48,'2024-01-27 10:48:43.010248','2024-01-27 10:48:43.010248',NULL,NULL),(1093,'EQ9PzXvkOan6S5Bm3f4Z5O3Ck25gGQ','2024-01-27 20:53:10.412669','read write',3,48,'2024-01-27 10:53:10.413674','2024-01-27 10:53:10.413674',NULL,NULL),(1094,'l7ENuxOQDngg6Q0QsJLdWG0MRpx0q5','2024-01-27 21:02:27.767216','read write',3,48,'2024-01-27 11:02:27.771453','2024-01-27 11:02:27.771453',NULL,NULL),(1095,'AGoXERISvmdoPQKGT9yc1GTYSMycyI','2024-01-27 21:03:48.923624','read write',3,48,'2024-01-27 11:03:48.923624','2024-01-27 11:03:48.923624',NULL,NULL),(1096,'UOnhcGY67VT5xNNoFsqyjpM1v6TSuz','2024-01-27 21:07:32.970961','read write',3,48,'2024-01-27 11:07:32.972988','2024-01-27 11:07:32.972988',NULL,NULL),(1097,'6fQtsoCw07YFTktRZjp5kwC473Ewfm','2024-01-27 21:08:59.437424','read write',3,48,'2024-01-27 11:08:59.438414','2024-01-27 11:08:59.438414',NULL,NULL),(1098,'tkoCkH4TLLQ9SvwCQxeWTIoA7FoOeH','2024-01-27 21:10:04.368066','read write',3,48,'2024-01-27 11:10:04.368066','2024-01-27 11:10:04.368066',NULL,NULL),(1099,'XvIQwXMiYIuomdpExnMkS31E8B1oZ3','2024-01-27 21:11:43.488043','read write',3,48,'2024-01-27 11:11:43.489205','2024-01-27 11:11:43.489205',NULL,NULL),(1100,'815eBcdG4PzqQQwrNCj9DtA8AFh8Aa','2024-01-27 21:20:10.808304','read write',3,48,'2024-01-27 11:20:10.809282','2024-01-27 11:20:10.809282',NULL,NULL),(1101,'jdfceHHLyP3FrwIpjcwDlOAUMucNrD','2024-01-27 21:34:25.193055','read write',3,48,'2024-01-27 11:34:25.194032','2024-01-27 11:34:25.194032',NULL,NULL),(1102,'OXXuRkupbPBu5BFKANyDPHUTJtjalR','2024-01-27 21:34:59.318930','read write',3,48,'2024-01-27 11:34:59.318930','2024-01-27 11:34:59.318930',NULL,NULL),(1103,'Oj7c7UYfGE83RJU5BsWADtl5JQgU8V','2024-01-27 21:36:12.029292','read write',3,48,'2024-01-27 11:36:12.029292','2024-01-27 11:36:12.029292',NULL,NULL),(1104,'qAPusfLTPNR3TzroDjCWlcnl3oRrzC','2024-01-27 21:41:49.243675','read write',3,48,'2024-01-27 11:41:49.244653','2024-01-27 11:41:49.244653',NULL,NULL),(1105,'ZfsQkugD006tvXnorpKkoqyfmtk3Lu','2024-01-27 21:43:01.838119','read write',3,48,'2024-01-27 11:43:01.838119','2024-01-27 11:43:01.838119',NULL,NULL),(1106,'QmqM07F8ufwt353UEWgL5BKf1ZXNwq','2024-01-27 21:44:36.437923','read write',3,48,'2024-01-27 11:44:36.437923','2024-01-27 11:44:36.437923',NULL,NULL),(1107,'rjOwmEfCOF1Zu12NvZtreeALeyEGIX','2024-01-27 21:46:07.651078','read write',3,48,'2024-01-27 11:46:07.651078','2024-01-27 11:46:07.651078',NULL,NULL),(1108,'FDaiblxzuuINx7CFaBaNaoHMH00MXL','2024-01-27 21:46:35.091631','read write',3,48,'2024-01-27 11:46:35.091631','2024-01-27 11:46:35.091631',NULL,NULL),(1109,'AQ4zrrUU36aguboAle1SLDrBdlFzuW','2024-01-27 21:47:04.821948','read write',3,48,'2024-01-27 11:47:04.822950','2024-01-27 11:47:04.822950',NULL,NULL),(1110,'MBWztGs654BjWDpGkzk3LAwhIbbcc9','2024-01-27 21:50:45.001828','read write',3,48,'2024-01-27 11:50:45.003014','2024-01-27 11:50:45.003014',NULL,NULL),(1111,'gdx2GKc9ISMxU4LAHWBHossA2voEXy','2024-01-27 21:53:25.794660','read write',3,48,'2024-01-27 11:53:25.795637','2024-01-27 11:53:25.795637',NULL,NULL),(1112,'2NbVR0JpQPIDk7SRJEoM25Ipt5JA1p','2024-01-27 21:54:21.135661','read write',3,48,'2024-01-27 11:54:21.135661','2024-01-27 11:54:21.135661',NULL,NULL),(1113,'iNLN5FElQyNKYsOtWMmgiIwoqv9nhV','2024-01-27 21:55:57.635863','read write',3,48,'2024-01-27 11:55:57.636841','2024-01-27 11:55:57.636841',NULL,NULL),(1114,'zIi3dCzkg3qkxzp1FrTO0alO92Z5C3','2024-01-27 21:59:39.305975','read write',3,48,'2024-01-27 11:59:39.306952','2024-01-27 11:59:39.306952',NULL,NULL),(1115,'sbmxZPfmyXuARMQObxAwdfjEHggSPP','2024-01-27 22:09:42.456461','read write',3,48,'2024-01-27 12:09:42.459453','2024-01-27 12:09:42.459453',NULL,NULL),(1116,'qbFWCc56V3ePF2yAPpJi3Qq90RIb9T','2024-01-27 22:10:11.079088','read write',3,48,'2024-01-27 12:10:11.079088','2024-01-27 12:10:11.079088',NULL,NULL),(1117,'j4ealVEvNMGExF8onpXOfqDn1WTPdK','2024-01-27 22:11:57.006909','read write',3,48,'2024-01-27 12:11:57.006909','2024-01-27 12:11:57.006909',NULL,NULL),(1118,'RYMqmVaxgZnNPuhAWDNaoWWnPdUjyK','2024-01-27 22:15:16.640514','read write',3,48,'2024-01-27 12:15:16.646167','2024-01-27 12:15:16.646167',NULL,NULL),(1119,'zE80bssbPIm7IT3nEfygZZlyF5giXU','2024-01-27 22:25:46.064653','read write',3,48,'2024-01-27 12:25:46.065631','2024-01-27 12:25:46.065631',NULL,NULL),(1120,'nRAxCl8cggSFtslYGwIr1ooJkLmEy1','2024-01-27 22:29:38.511867','read write',3,48,'2024-01-27 12:29:38.512847','2024-01-27 12:29:38.512847',NULL,NULL),(1121,'87rQekehE3OXMv7JQrnEgShihjwCx1','2024-01-27 22:36:42.492928','read write',3,4,'2024-01-27 12:36:42.493932','2024-01-27 12:36:42.493932',NULL,NULL),(1122,'9DUexsWswyN5w7TIymHE52M9sQFfzq','2024-01-27 22:43:51.291486','read write',3,4,'2024-01-27 12:43:51.294944','2024-01-27 12:43:51.294944',NULL,NULL),(1123,'IamsjruPEYWvmTTyrhL4AaT8WismAw','2024-01-27 22:48:31.708911','read write',3,4,'2024-01-27 12:48:31.710430','2024-01-27 12:48:31.710430',NULL,NULL),(1124,'l0MYAi48kMXzZfvYm0uhqLk1zpeZUS','2024-01-28 02:57:33.421233','read write',3,14,'2024-01-27 16:57:33.422213','2024-01-27 16:57:33.422213',NULL,NULL),(1125,'6i3D73HaXRRypHH0T3E7GwMyKxv9Gy','2024-01-28 02:58:12.294258','read write',3,48,'2024-01-27 16:58:12.295267','2024-01-27 16:58:12.295267',NULL,NULL),(1126,'dyV77g6Zn3IwdbAWrtgtspEfwocLCs','2024-01-28 03:00:20.518643','read write',3,2,'2024-01-27 17:00:20.519658','2024-01-27 17:00:20.519658',NULL,NULL),(1127,'6RCdNdwcZFXrBWwTfDNzwMlouzEjUw','2024-01-28 03:05:05.384025','read write',3,2,'2024-01-27 17:05:05.384025','2024-01-27 17:05:05.384025',NULL,NULL),(1128,'ts80gJhV34pBBSLbtjxhjvkJ2NZql5','2024-01-28 03:06:09.785105','read write',3,48,'2024-01-27 17:06:09.785105','2024-01-27 17:06:09.785105',NULL,NULL),(1129,'bgrhkiwppCU0dmljgR0evRrRAYayqg','2024-01-28 03:12:40.158548','read write',3,48,'2024-01-27 17:12:40.166952','2024-01-27 17:12:40.166952',NULL,NULL),(1130,'CxnqsSQLa4Qa78vlYroWXAi3ZQmyzx','2024-01-28 03:15:42.062705','read write',3,48,'2024-01-27 17:15:42.062705','2024-01-27 17:15:42.062705',NULL,NULL),(1131,'904njfurWABhM25Y9zw8HfQdJImrPH','2024-01-28 03:15:42.227936','read write',3,48,'2024-01-27 17:15:42.228945','2024-01-27 17:15:42.228945',NULL,NULL),(1132,'DnzzNkrTwPeYiff7ncmMnXkIFWTT4v','2024-01-28 04:54:33.280926','read write',3,48,'2024-01-27 18:54:33.361642','2024-01-27 18:54:33.361642',NULL,NULL),(1133,'PKQZgcSiQL7nYEpJuXZAYlaxqrdUyn','2024-01-28 05:04:37.860096','read write',3,48,'2024-01-27 19:04:37.860096','2024-01-27 19:04:37.860096',NULL,NULL),(1134,'X5DzxTsoOCEvb7F8aNuRGCw6FRWmig','2024-01-28 05:08:36.358424','read write',3,48,'2024-01-27 19:08:36.359427','2024-01-27 19:08:36.359427',NULL,NULL),(1135,'mMd2cOJyzOaLdLj9ySZNa5woCfd32B','2024-01-28 05:13:20.665492','read write',3,48,'2024-01-27 19:13:20.667446','2024-01-27 19:13:20.667446',NULL,NULL),(1136,'XAljfYn2wqoPLcVwTh36zZh63ap1Ve','2024-01-28 05:15:05.563274','read write',3,2,'2024-01-27 19:15:05.563274','2024-01-27 19:15:05.563274',NULL,NULL),(1137,'X4KbRBS3hBaTeMko98Tfn6MTOw7j8S','2024-01-28 05:15:19.793192','read write',3,4,'2024-01-27 19:15:19.793192','2024-01-27 19:15:19.793192',NULL,NULL),(1138,'ujN6cWcNh2A8t3toqx3JPXXfFy3LEr','2024-01-28 05:17:02.358124','read write',3,48,'2024-01-27 19:17:02.358124','2024-01-27 19:17:02.358124',NULL,NULL),(1139,'flxkNwmeE59acbXHbhR49dDslreehx','2024-01-28 05:19:26.082863','read write',3,48,'2024-01-27 19:19:26.084046','2024-01-27 19:19:26.084046',NULL,NULL),(1140,'14vRKNqLooBCZIm2JOaOBFvnol1w8x','2024-01-28 05:26:17.875276','read write',3,48,'2024-01-27 19:26:17.875276','2024-01-27 19:26:17.875276',NULL,NULL),(1141,'QSqhGyeEiV4r8xrzGfvxFMyOY8plT0','2024-01-28 05:27:04.121241','read write',3,48,'2024-01-27 19:27:04.122287','2024-01-27 19:27:04.122287',NULL,NULL),(1142,'qbpSKyff34wjv1XyVHO5Q3FPbDxqNI','2024-01-28 05:29:51.000030','read write',3,48,'2024-01-27 19:29:51.003619','2024-01-27 19:29:51.003619',NULL,NULL),(1143,'ofnn3KBcWwflMM1q9D2XFZ6uekuHRb','2024-01-28 05:38:26.406263','read write',3,2,'2024-01-27 19:38:26.407276','2024-01-27 19:38:26.407276',NULL,NULL),(1144,'CZhbCqk16QumbxbFN92mvokQ4hz4y8','2024-01-28 05:42:18.744942','read write',3,2,'2024-01-27 19:42:18.745937','2024-01-27 19:42:18.745937',NULL,NULL),(1145,'7Q8oPqtftiHjsE0gJfaywbZHWuQcSm','2024-01-28 05:44:23.344406','read write',3,2,'2024-01-27 19:44:23.344406','2024-01-27 19:44:23.344406',NULL,NULL),(1146,'IXrh2jljweLTTBJ9CDRyqt34dgvPFM','2024-01-28 05:45:11.528238','read write',3,4,'2024-01-27 19:45:11.528238','2024-01-27 19:45:11.528238',NULL,NULL),(1147,'KCb1NxbdeFeA6r3MQtTzQ1fqBn3lvW','2024-01-28 05:45:33.623216','read write',3,2,'2024-01-27 19:45:33.624264','2024-01-27 19:45:33.624264',NULL,NULL),(1148,'6abiVQ5tr3cgsXHIvAUn1p1WUsioKs','2024-01-29 02:45:45.276326','read write',3,48,'2024-01-28 16:45:45.277401','2024-01-28 16:45:45.277401',NULL,NULL),(1149,'P4X3ja7MiyewpzN1JWXAEi3cnAlMLT','2024-01-29 02:50:31.939525','read write',3,48,'2024-01-28 16:50:31.942796','2024-01-28 16:50:31.942796',NULL,NULL),(1150,'B2E9730UazK4XUzbe4t6R4iziigLtk','2024-01-29 02:51:16.032291','read write',3,2,'2024-01-28 16:51:16.032291','2024-01-28 16:51:16.032291',NULL,NULL),(1151,'ZcLpAClpAT7PUFYnxpjxtWZTFeUwqY','2024-01-29 02:59:40.174491','read write',3,48,'2024-01-28 16:59:40.178519','2024-01-28 16:59:40.178519',NULL,NULL),(1152,'7JTEmHeBHTz76Kq15bnTKWScvYtJ22','2024-01-29 02:59:52.252261','read write',3,2,'2024-01-28 16:59:52.253266','2024-01-28 16:59:52.253266',NULL,NULL),(1153,'W06CdACyBxWvtQwQor3iwz9nDGL2si','2024-01-29 05:10:24.122437','read write',3,48,'2024-01-28 19:10:24.131431','2024-01-28 19:10:24.131431',NULL,NULL),(1154,'Pnh7v2AODfCCKyH9YBJ5CX0uZr3QFL','2024-01-29 05:11:10.865470','read write',3,48,'2024-01-28 19:11:10.866500','2024-01-28 19:11:10.866500',NULL,NULL),(1155,'lKKsz92PokSbUYDwerJvU1PSQwFzXE','2024-01-29 05:12:08.092257','read write',3,48,'2024-01-28 19:12:08.092257','2024-01-28 19:12:08.092257',NULL,NULL),(1156,'C54J2OZ0qG16o7U4K7XryGGAovON8g','2024-01-29 05:13:17.154874','read write',3,48,'2024-01-28 19:13:17.154874','2024-01-28 19:13:17.154874',NULL,NULL),(1157,'TUf2S70jhFngd5xtTKBTjurZu5DckH','2024-01-29 05:13:26.283428','read write',3,2,'2024-01-28 19:13:26.283428','2024-01-28 19:13:26.283428',NULL,NULL),(1158,'6VyIn3HeDLhA2dDsl7303TmxxNhrJV','2024-01-29 05:14:16.395271','read write',3,2,'2024-01-28 19:14:16.396238','2024-01-28 19:14:16.396238',NULL,NULL),(1159,'w1Y3WNO7IDUasnfbVqCu2nU0LggB67','2024-01-29 07:12:56.765713','read write',3,48,'2024-01-28 21:12:56.781641','2024-01-28 21:12:56.781641',NULL,NULL),(1160,'gF9N0tJOrbU0ypXXYqo5PhAoZVrxKU','2024-01-29 07:14:17.836160','read write',3,48,'2024-01-28 21:14:17.837163','2024-01-28 21:14:17.837163',NULL,NULL),(1161,'TI2Dp95giVwVvCygDldpn0DLfko5Dh','2024-01-29 07:16:09.720551','read write',3,48,'2024-01-28 21:16:09.721577','2024-01-28 21:16:09.721577',NULL,NULL),(1162,'EDFotJgWFBcDdXulJiDIjnlNs7TniP','2024-01-29 07:16:49.586844','read write',3,48,'2024-01-28 21:16:49.586844','2024-01-28 21:16:49.586844',NULL,NULL),(1163,'7ibvlSmhB4GotrURjKErmHB6Naj1vz','2024-01-29 07:31:32.806331','read write',3,48,'2024-01-28 21:31:32.809442','2024-01-28 21:31:32.809442',NULL,NULL),(1164,'0mtV9NjOiEWse29iBv6Ji9o0OUd55n','2024-01-30 01:59:45.947211','read write',3,48,'2024-01-29 15:59:45.949753','2024-01-29 15:59:45.949753',NULL,NULL),(1165,'iIuq68orNqNxvJOV4yiILSmFYq5dWa','2024-01-30 02:03:14.020209','read write',3,48,'2024-01-29 16:03:14.020209','2024-01-29 16:03:14.020209',NULL,NULL),(1166,'jcqp4ECBlVTmSKEy003ZtMBeVvYYXi','2024-01-30 02:08:08.871339','read write',3,48,'2024-01-29 16:08:08.878784','2024-01-29 16:08:08.878784',NULL,NULL),(1167,'44EjAVBiZrZ6oyEsGyOrCaTKrRFd8i','2024-01-30 02:14:11.881097','read write',3,2,'2024-01-29 16:14:11.883050','2024-01-29 16:14:11.883050',NULL,NULL),(1168,'nMBEhqNyuZjoy99ygByrQgX2TUk1Ub','2024-01-30 02:14:36.401617','read write',3,48,'2024-01-29 16:14:36.401617','2024-01-29 16:14:36.401617',NULL,NULL),(1169,'KBXyoRi8rgp7shHaCsUILSsgRrx6Sv','2024-01-30 02:17:45.311857','read write',3,48,'2024-01-29 16:17:45.312834','2024-01-29 16:17:45.312834',NULL,NULL),(1170,'nO1Fm4ItE8sqD0cePQTLxc8aLqs7Sk','2024-01-30 02:20:16.149745','read write',3,48,'2024-01-29 16:20:16.149745','2024-01-29 16:20:16.149745',NULL,NULL),(1171,'Q1vS3rI81S9zdeRS7F4KT8Gk0CJEKv','2024-01-30 02:28:43.997887','read write',3,48,'2024-01-29 16:28:43.999926','2024-01-29 16:28:43.999926',NULL,NULL),(1172,'dVpZb7L1cnBWAmuFWL0ZIPsmlnU9HH','2024-01-30 02:32:12.714527','read write',3,48,'2024-01-29 16:32:12.714527','2024-01-29 16:32:12.714527',NULL,NULL),(1173,'ZV4S016ykWUoCZxl6MxNJi1PUEV3mh','2024-01-30 02:33:49.479960','read write',3,48,'2024-01-29 16:33:49.484090','2024-01-29 16:33:49.484090',NULL,NULL),(1174,'pn2SgASuvNswPAJIT9GG0rLQUWai4M','2024-01-30 02:36:16.605010','read write',3,48,'2024-01-29 16:36:16.606267','2024-01-29 16:36:16.606267',NULL,NULL),(1175,'XUABbZstYQoPPq3BJ2SLzjBYK7vbSP','2024-01-30 02:39:06.155122','read write',3,48,'2024-01-29 16:39:06.155122','2024-01-29 16:39:06.155122',NULL,NULL),(1176,'ciVJvdaaznlFEyF1ck0ujUub6pgKWj','2024-01-30 02:44:27.765112','read write',3,48,'2024-01-29 16:44:27.767079','2024-01-29 16:44:27.767079',NULL,NULL),(1177,'b8Ur9liHMeBcpBbciqdYkDTlJavIOp','2024-01-30 02:58:45.333103','read write',3,48,'2024-01-29 16:58:45.355274','2024-01-29 16:58:45.355274',NULL,NULL),(1178,'tDEn0kdI4qto4Q9Pbg6ShtIKnigZJc','2024-01-30 02:59:20.615008','read write',3,48,'2024-01-29 16:59:20.616069','2024-01-29 16:59:20.616069',NULL,NULL),(1179,'9XNkyCi1KgONixYob9AStxIDH5jxxv','2024-01-30 03:06:41.765443','read write',3,48,'2024-01-29 17:06:41.767427','2024-01-29 17:06:41.767427',NULL,NULL),(1180,'D19245Pj0ECGMzAJvEml1z2bxrkk5G','2024-01-30 03:08:13.857050','read write',3,2,'2024-01-29 17:08:13.857050','2024-01-29 17:08:13.857050',NULL,NULL),(1181,'t6PhCFf2aEyTuEUV35xXl7xuyAwOKU','2024-01-30 03:11:50.296860','read write',3,48,'2024-01-29 17:11:50.297838','2024-01-29 17:11:50.297838',NULL,NULL),(1182,'pUNBltWUMP73QEgOhS98psdc9TRECp','2024-01-30 03:12:22.770383','read write',3,2,'2024-01-29 17:12:22.770383','2024-01-29 17:12:22.770383',NULL,NULL),(1183,'9M9MQ1YURem1bwt4hJuLWgiqs69amg','2024-01-30 03:43:23.254323','read write',3,2,'2024-01-29 17:43:23.258365','2024-01-29 17:43:23.258365',NULL,NULL),(1184,'8Bp2bFKnpvOsDUcTFckwmphkXocoAE','2024-01-30 03:43:45.776115','read write',3,48,'2024-01-29 17:43:45.777120','2024-01-29 17:43:45.777120',NULL,NULL),(1185,'hgkmXGcDHH1ynprZYTVVVHitSe1ZdL','2024-01-30 03:49:09.719832','read write',3,48,'2024-01-29 17:49:09.721856','2024-01-29 17:49:09.721856',NULL,NULL),(1186,'FukRvGfD3k6pIEhRo0Jg7FJ4GJh5jS','2024-01-30 03:53:11.457143','read write',3,48,'2024-01-29 17:53:11.462716','2024-01-29 17:53:11.462716',NULL,NULL),(1187,'kBIamy7tbcKHyN7CWrZ6Cm0Aao0UIA','2024-01-30 04:01:53.786215','read write',3,2,'2024-01-29 18:01:53.787205','2024-01-29 18:01:53.787205',NULL,NULL),(1188,'GeJ4l3DlWWNL0yarx1dqE6gzbm7D0T','2024-01-30 04:03:03.822789','read write',3,48,'2024-01-29 18:03:03.823802','2024-01-29 18:03:03.823802',NULL,NULL),(1189,'0lCTnKzvE7beoXfkwqjbNQFCkD8faE','2024-01-30 04:04:50.522978','read write',3,2,'2024-01-29 18:04:50.525009','2024-01-29 18:04:50.525009',NULL,NULL),(1190,'nWfPhA6ApkfZOllfZzcoITss9Ymw1x','2024-01-30 04:08:15.472083','read write',3,48,'2024-01-29 18:08:15.473092','2024-01-29 18:08:15.473092',NULL,NULL),(1191,'9W7ooSlW0Np7Unr011WCrdrWCRsG6f','2024-01-30 04:09:12.754277','read write',3,2,'2024-01-29 18:09:12.755262','2024-01-29 18:09:12.755262',NULL,NULL),(1192,'dGAkM3XhTRk5qn5APQjEa20rQDRser','2024-01-30 04:10:03.342664','read write',3,48,'2024-01-29 18:10:03.344732','2024-01-29 18:10:03.344732',NULL,NULL),(1193,'J77qf3awYEbIvtt1QYXfDYmE8vVVy4','2024-01-30 04:11:51.139021','read write',3,2,'2024-01-29 18:11:51.139021','2024-01-29 18:11:51.139021',NULL,NULL),(1194,'4KPWalToLNzUPgLYeQF7dA9sikARGm','2024-01-30 04:12:14.210071','read write',3,14,'2024-01-29 18:12:14.210071','2024-01-29 18:12:14.210071',NULL,NULL),(1195,'7xobaoj585Z8LzkFACNOYhD2equePN','2024-01-30 04:12:35.487325','read write',3,48,'2024-01-29 18:12:35.487325','2024-01-29 18:12:35.487325',NULL,NULL),(1196,'ILyAbrz2CdIy4RodzrKbIQea06vzyD','2024-01-30 04:12:49.844910','read write',3,2,'2024-01-29 18:12:49.844910','2024-01-29 18:12:49.844910',NULL,NULL),(1197,'9L79FGnzkAgPSGzS0vEZg2XQdkpI8r','2024-01-30 04:13:17.381927','read write',3,14,'2024-01-29 18:13:17.381927','2024-01-29 18:13:17.381927',NULL,NULL),(1198,'QoWzqHre08YbBlBm6cbWYfbKGOz2NS','2024-01-30 04:14:03.445320','read write',3,14,'2024-01-29 18:14:03.446319','2024-01-29 18:14:03.446319',NULL,NULL),(1199,'ZOwsIiDIXc2Nh1QmdimB9NSDQTJirE','2024-01-30 04:15:01.120329','read write',3,14,'2024-01-29 18:15:01.121862','2024-01-29 18:15:01.121862',NULL,NULL),(1200,'IrUnFR0GMFgeqX6MtBrxheUGZ0fRnz','2024-01-30 04:24:02.194001','read write',3,48,'2024-01-29 18:24:02.195977','2024-01-29 18:24:02.195977',NULL,NULL),(1201,'RuIcPsZ65qxhEpPQjhXQEr8lSjoVfm','2024-01-30 04:24:13.997053','read write',3,14,'2024-01-29 18:24:13.997053','2024-01-29 18:24:13.997053',NULL,NULL),(1202,'NM2kH6Tdq7zYmY6UcjqXuIe9DbnRLF','2024-01-30 04:43:06.868171','read write',3,48,'2024-01-29 18:43:06.876674','2024-01-29 18:43:06.876674',NULL,NULL),(1203,'OXV2HHFK6ILQ0HeYBybZEQYYP2xVS1','2024-01-30 04:43:39.479703','read write',3,2,'2024-01-29 18:43:39.480675','2024-01-29 18:43:39.480675',NULL,NULL),(1204,'0sVYyqftMoFGbeJbWu27VNt8wuGKO8','2024-01-30 04:45:44.623884','read write',3,4,'2024-01-29 18:45:44.623884','2024-01-29 18:45:44.623884',NULL,NULL),(1205,'l5pJwfAeF4uO8zYD88CoB6oGSlOWvm','2024-01-30 04:46:03.148458','read write',3,2,'2024-01-29 18:46:03.148458','2024-01-29 18:46:03.148458',NULL,NULL),(1206,'Wv6WI9mOqDto1Bg7LVP2fcDVuTsXS3','2024-01-30 04:46:31.035990','read write',3,4,'2024-01-29 18:46:31.035990','2024-01-29 18:46:31.035990',NULL,NULL),(1207,'kzpbRIhQs6q4nA8tCkG3SNgCZCAbdd','2024-01-30 04:49:34.352998','read write',3,4,'2024-01-29 18:49:34.352998','2024-01-29 18:49:34.352998',NULL,NULL),(1208,'W1Co7DDe3nncWcy7e0CYRPnxWSSFq3','2024-01-30 04:49:46.334954','read write',3,48,'2024-01-29 18:49:46.334954','2024-01-29 18:49:46.334954',NULL,NULL),(1209,'fIzI8tJEwDzf6Wj34XxbJsfRFaSMsR','2024-01-30 04:50:14.076912','read write',3,4,'2024-01-29 18:50:14.076912','2024-01-29 18:50:14.076912',NULL,NULL),(1210,'ZBBq6ObsMXBRHD5XAynWWW7wqPmLCF','2024-01-30 04:50:31.760307','read write',3,48,'2024-01-29 18:50:31.760307','2024-01-29 18:50:31.760307',NULL,NULL),(1211,'L8OLNsT6mpzPQHv7i4s6xvi93YjMX7','2024-01-30 04:51:02.561965','read write',3,48,'2024-01-29 18:51:02.561965','2024-01-29 18:51:02.561965',NULL,NULL),(1212,'eyCxOkatruDrWwrr8E2KuB9T9zvkG0','2024-01-30 04:51:37.706369','read write',3,4,'2024-01-29 18:51:37.707354','2024-01-29 18:51:37.707354',NULL,NULL),(1213,'eS9apgzRm3xoJXcZDHxWHtjwChbT1P','2024-01-30 04:52:10.602963','read write',3,48,'2024-01-29 18:52:10.604483','2024-01-29 18:52:10.604483',NULL,NULL),(1214,'HxCMWBoazO6E6JqJ45FFazjbltWgMo','2024-01-30 04:52:42.302797','read write',3,4,'2024-01-29 18:52:42.303992','2024-01-29 18:52:42.303992',NULL,NULL),(1215,'DhwdIDMw5NAqmX5xTW7RRKZaAzm9PB','2024-01-30 04:52:59.696617','read write',3,48,'2024-01-29 18:52:59.696617','2024-01-29 18:52:59.696617',NULL,NULL),(1216,'daHJ8JX4cp5WOlnbCZ9sEMXYfEi4Zi','2024-01-30 05:39:37.945956','read write',3,4,'2024-01-29 19:39:37.956384','2024-01-29 19:39:37.956384',NULL,NULL),(1217,'pTzGzfTwdeENuGtrOchbcbJ6rZ9NnE','2024-01-30 05:42:13.714883','read write',3,4,'2024-01-29 19:42:13.721894','2024-01-29 19:42:13.721894',NULL,NULL),(1218,'q6phWIONyJvVF8NCTaRhRhziNNeBBr','2024-01-30 05:43:44.140615','read write',3,4,'2024-01-29 19:43:44.190581','2024-01-29 19:43:44.190581',NULL,NULL),(1219,'aB8Oib2B9pigcbe7M3vpzoCyE4Gkwk','2024-01-30 05:49:58.345283','read write',3,4,'2024-01-29 19:49:58.348320','2024-01-29 19:49:58.348320',NULL,NULL),(1220,'625FxzklutuwDZGBNZOHzH1vNz23kY','2024-01-30 05:51:47.023909','read write',3,4,'2024-01-29 19:51:47.028244','2024-01-29 19:51:47.028244',NULL,NULL),(1221,'urxt6G1wcxjMNYDGGUxlU9oCcG4kXI','2024-01-30 06:19:56.901845','read write',3,48,'2024-01-29 20:19:56.926565','2024-01-29 20:19:56.926565',NULL,NULL),(1222,'wsyvZQUsxGjrYcagJyMWtGazwvns7P','2024-01-30 06:20:13.056537','read write',3,4,'2024-01-29 20:20:13.057529','2024-01-29 20:20:13.057529',NULL,NULL),(1223,'5OBF3d8NhPEA0BdrEoYlbccLmFzoeD','2024-01-30 06:24:07.769487','read write',3,4,'2024-01-29 20:24:07.772775','2024-01-29 20:24:07.772775',NULL,NULL),(1224,'zYaodHE19Gx3FdyDDSWW6rc3KjbhAj','2024-01-30 06:25:41.828835','read write',3,4,'2024-01-29 20:25:41.829848','2024-01-29 20:25:41.829848',NULL,NULL),(1225,'7gRBYFhudgRfMfXVV2AvGmrJFyGvFp','2024-01-30 06:27:56.524189','read write',3,4,'2024-01-29 20:27:56.525195','2024-01-29 20:27:56.525195',NULL,NULL),(1226,'CRV40PZW11hI1VpQSfoLIaEtpYMj9u','2024-01-30 06:36:26.112799','read write',3,4,'2024-01-29 20:36:26.119441','2024-01-29 20:36:26.119441',NULL,NULL),(1227,'qdCNSJaR0fic1bH2BXWyqMlenlikTX','2024-01-30 06:37:59.823762','read write',3,4,'2024-01-29 20:37:59.848204','2024-01-29 20:37:59.848204',NULL,NULL),(1228,'WB2PNgIVpc0wrmpv5ySawzvZnwG4IS','2024-01-30 06:43:09.377277','read write',3,4,'2024-01-29 20:43:09.391056','2024-01-29 20:43:09.391056',NULL,NULL),(1229,'83JLAY6KLkqn2uSgz3BRrCW4FYiFXs','2024-01-30 06:45:29.415247','read write',3,4,'2024-01-29 20:45:29.416638','2024-01-29 20:45:29.416638',NULL,NULL),(1230,'eJY8BMSuqy0RrvYyhmcGz45FYWmFu7','2024-01-30 06:47:52.036522','read write',3,48,'2024-01-29 20:47:52.037564','2024-01-29 20:47:52.037564',NULL,NULL),(1231,'7Oqq0gvH3MrhEzg9y8xawd9EWXJn51','2024-01-30 06:48:01.534706','read write',3,4,'2024-01-29 20:48:01.534706','2024-01-29 20:48:01.534706',NULL,NULL),(1232,'CzFVlRl2LfXqGXSCvgqOCHhpVFaFnn','2024-01-30 06:52:41.676051','read write',3,4,'2024-01-29 20:52:41.677048','2024-01-29 20:52:41.677048',NULL,NULL),(1233,'qyX7TooPli1wQasQpaEVDcFRV62Od4','2024-01-31 04:24:59.160723','read write',3,4,'2024-01-30 18:24:59.174785','2024-01-30 18:24:59.174785',NULL,NULL),(1234,'hEx59N8SWfqoZOSE6EHKfSwDq9LbFa','2024-01-31 04:26:15.573027','read write',3,4,'2024-01-30 18:26:15.573547','2024-01-30 18:26:15.573547',NULL,NULL),(1235,'PwB6MfFT376abLq3rBNInsEiDPpL4F','2024-01-31 04:27:34.751515','read write',3,4,'2024-01-30 18:27:34.753052','2024-01-30 18:27:34.753052',NULL,NULL),(1236,'7rlUY8en4jufASq9eiZa3TEXpnlWz6','2024-01-31 04:44:04.851126','read write',3,4,'2024-01-30 18:44:04.861356','2024-01-30 18:44:04.861356',NULL,NULL),(1237,'bwgb6m0tQRMm1sFj9injEIHmPEnOsQ','2024-01-31 04:45:44.268885','read write',3,14,'2024-01-30 18:45:44.271300','2024-01-30 18:45:44.271300',NULL,NULL),(1238,'vvhh4hVWOUNVKbRmCkRxazRuc624M3','2024-01-31 04:45:57.098421','read write',3,4,'2024-01-30 18:45:57.098421','2024-01-30 18:45:57.099604',NULL,NULL),(1239,'b6C3M3YRQFZTbSoiZ24ma5YMikGray','2024-01-31 04:49:03.990646','read write',3,4,'2024-01-30 18:49:03.991671','2024-01-30 18:49:03.991671',NULL,NULL),(1240,'j30d27Ppcgfd37PnzrpLhqtoBjyJOU','2024-01-31 04:51:11.696634','read write',3,4,'2024-01-30 18:51:11.697844','2024-01-30 18:51:11.697844',NULL,NULL),(1241,'lJDYailEwg3wTDk9bKNd8PEO2jolqs','2024-01-31 04:52:42.280837','read write',3,4,'2024-01-30 18:52:42.282874','2024-01-30 18:52:42.282874',NULL,NULL),(1242,'JUmTzNfy49e5sPwMksfxtr7SmpNLQt','2024-01-31 04:57:02.582049','read write',3,4,'2024-01-30 18:57:02.583571','2024-01-30 18:57:02.583571',NULL,NULL),(1243,'ph5oRhptNOIpSkuOwVZIUJX6k0qKFv','2024-01-31 05:00:26.125010','read write',3,4,'2024-01-30 19:00:26.126925','2024-01-30 19:00:26.126925',NULL,NULL),(1244,'xS7cDYaJivwE5yCNgTTfL9dyp3QOwH','2024-01-31 05:01:54.532707','read write',3,4,'2024-01-30 19:01:54.533726','2024-01-30 19:01:54.533726',NULL,NULL),(1245,'ipQn5fWJxsAKsq4AK1WQb33w6UAaub','2024-01-31 05:04:23.549369','read write',3,48,'2024-01-30 19:04:23.550381','2024-01-30 19:04:23.550381',NULL,NULL),(1246,'rlEbayJNXlfVCBYWASxkAiIKhM23MM','2024-01-31 05:04:33.381768','read write',3,4,'2024-01-30 19:04:33.381768','2024-01-30 19:04:33.381768',NULL,NULL),(1247,'FRfHSEecrftNCPINziiVh5ErJ8EXcR','2024-01-31 05:05:14.133792','read write',3,4,'2024-01-30 19:05:14.133792','2024-01-30 19:05:14.133792',NULL,NULL),(1248,'uUJ0fmU5OmAZd1S7TquIZhyYtdtoyo','2024-01-31 05:06:01.358573','read write',3,4,'2024-01-30 19:06:01.358573','2024-01-30 19:06:01.358573',NULL,NULL),(1249,'e9qVlA2PB0ULEbvlfldXjt8TUwiM0n','2024-01-31 05:07:09.873701','read write',3,4,'2024-01-30 19:07:09.875167','2024-01-30 19:07:09.875167',NULL,NULL),(1250,'pcwcInvcF42EJBwktKgIBtkOfKjth0','2024-01-31 05:09:23.406403','read write',3,4,'2024-01-30 19:09:23.413624','2024-01-30 19:09:23.413624',NULL,NULL),(1251,'cD4MWRmsU1uEySExJtqCRBe4RLtI7B','2024-01-31 05:10:11.843978','read write',3,4,'2024-01-30 19:10:11.845032','2024-01-30 19:10:11.845032',NULL,NULL),(1252,'kp7lhJT6cE8pH28tvpk0skaOtf360G','2024-01-31 05:13:04.049763','read write',3,4,'2024-01-30 19:13:04.052766','2024-01-30 19:13:04.052766',NULL,NULL),(1253,'4wvEBbrkTN02ulQB7p5Y1ZXddciitC','2024-01-31 05:15:37.713720','read write',3,4,'2024-01-30 19:15:37.714736','2024-01-30 19:15:37.714736',NULL,NULL),(1254,'RD2Bu2qddJQMvKzT5IwmYB04l6COKA','2024-01-31 05:19:02.014806','read write',3,4,'2024-01-30 19:19:02.015782','2024-01-30 19:19:02.015782',NULL,NULL),(1255,'qZcReJyl1b9rkFCqcJMiCx4ro9sufb','2024-01-31 05:22:38.843799','read write',3,4,'2024-01-30 19:22:38.876887','2024-01-30 19:22:38.876887',NULL,NULL),(1256,'Mf6O6ISJPiq0sS4Fy6jKdrFiIvUYr6','2024-01-31 05:27:31.222793','read write',3,4,'2024-01-30 19:27:31.223814','2024-01-30 19:27:31.223814',NULL,NULL),(1257,'CyYrFm1i4SRikbUrb7I8ZG5YEB007c','2024-01-31 05:31:55.688538','read write',3,4,'2024-01-30 19:31:55.697075','2024-01-30 19:31:55.697075',NULL,NULL),(1258,'5uiwxa2OJWyR2QDrMXbO5HtzVqZGry','2024-01-31 05:35:46.793566','read write',3,4,'2024-01-30 19:35:46.794602','2024-01-30 19:35:46.794602',NULL,NULL),(1259,'nJQrcPqB5en4QgLBcLINgZyeTa0jHm','2024-01-31 05:39:40.144958','read write',3,4,'2024-01-30 19:39:40.145936','2024-01-30 19:39:40.145936',NULL,NULL),(1260,'Zy3nT6BEtyyg86YWvwZbpRpnPWkCpC','2024-01-31 05:41:24.684602','read write',3,4,'2024-01-30 19:41:24.685585','2024-01-30 19:41:24.685585',NULL,NULL),(1261,'pT4EXpYHmlEQTlwPNrMKnTxnDoltXj','2024-01-31 05:49:28.186176','read write',3,4,'2024-01-30 19:49:28.187151','2024-01-30 19:49:28.187151',NULL,NULL),(1262,'aJoQtHN28aff2Gcjo5rnBYytxBub3X','2024-01-31 05:53:23.275673','read write',3,4,'2024-01-30 19:53:23.275673','2024-01-30 19:53:23.275673',NULL,NULL),(1263,'GEJToVElnDPGmYpCxW1p3ki8AhQkIn','2024-01-31 05:55:48.185881','read write',3,4,'2024-01-30 19:55:48.185881','2024-01-30 19:55:48.185881',NULL,NULL),(1264,'gucfshT9wo4WpRQJLfVvRE8UphjX0C','2024-01-31 06:25:13.879589','read write',3,4,'2024-01-30 20:25:13.881589','2024-01-30 20:25:13.881589',NULL,NULL),(1265,'xgo3yBxyoucgfgHhrc1Ox3hTSENoll','2024-02-02 20:10:28.683736','read write',3,48,'2024-02-02 10:10:28.690865','2024-02-02 10:10:28.690865',NULL,NULL),(1266,'bKDXdbS2aPyMXeqJtQVdwOiK3KJFrK','2024-02-02 20:10:35.562440','read write',3,4,'2024-02-02 10:10:35.562440','2024-02-02 10:10:35.562440',NULL,NULL),(1267,'AluZE78mZxlMBYYDVo6WbNDT5J2hS0','2024-02-02 20:16:04.283169','read write',3,4,'2024-02-02 10:16:04.284187','2024-02-02 10:16:04.284187',NULL,NULL),(1268,'vqhKqMw6FLLOElnnAAyG0dExlE5DwG','2024-02-02 20:16:55.365757','read write',3,4,'2024-02-02 10:16:55.365757','2024-02-02 10:16:55.365757',NULL,NULL),(1269,'JrjBtXkOyq6weZ2ahZbL1IJm8wrjRj','2024-02-02 20:18:35.015667','read write',3,4,'2024-02-02 10:18:35.016683','2024-02-02 10:18:35.016683',NULL,NULL),(1270,'Sj2tq8p3tdCIZIf5maE2bcyyrOCDex','2024-02-02 20:19:07.491388','read write',3,4,'2024-02-02 10:19:07.491388','2024-02-02 10:19:07.491388',NULL,NULL),(1271,'NIMepKQ57flJ8zUedHhZnCKM7LiXi8','2024-02-02 20:19:36.184469','read write',3,4,'2024-02-02 10:19:36.185471','2024-02-02 10:19:36.185471',NULL,NULL),(1272,'Q5XbBsXOoKpaCglMC3TXEKoHrnhLYG','2024-02-02 20:20:35.983659','read write',3,4,'2024-02-02 10:20:35.984663','2024-02-02 10:20:35.984663',NULL,NULL),(1273,'z4FcihYz4IpfInX4fgaMkpnVVblUR2','2024-02-02 20:21:17.634647','read write',3,4,'2024-02-02 10:21:17.634647','2024-02-02 10:21:17.634647',NULL,NULL),(1274,'7ef1qXh1bWFSC8uL3iAwv2CdNSAkAu','2024-02-02 20:21:45.054407','read write',3,4,'2024-02-02 10:21:45.054407','2024-02-02 10:21:45.054407',NULL,NULL),(1275,'IynddUh1bbQ8grO7J6iyDrP9ZOgBs8','2024-02-02 20:29:53.025998','read write',3,2,'2024-02-02 10:29:53.026534','2024-02-02 10:29:53.026534',NULL,NULL),(1276,'fLcVtuNyIRhrYyD5XSjhGKJdHchiop','2024-02-02 20:34:22.244549','read write',3,2,'2024-02-02 10:34:22.244549','2024-02-02 10:34:22.244549',NULL,NULL),(1277,'yEbf6l7UopYyHb6SWpMLg8ni7zTJm0','2024-02-02 20:36:19.266647','read write',3,4,'2024-02-02 10:36:19.267644','2024-02-02 10:36:19.267644',NULL,NULL),(1278,'KpjPbmhjJ8sxbiWxS8icNgVJGsbfII','2024-02-02 20:40:52.290438','read write',3,4,'2024-02-02 10:40:52.291422','2024-02-02 10:40:52.291422',NULL,NULL),(1279,'feYMxNk8axnh99aE78mf7XjFIsN4m0','2024-02-02 21:00:26.819516','read write',3,4,'2024-02-02 11:00:26.821020','2024-02-02 11:00:26.821020',NULL,NULL),(1280,'CNxFOfPOgJiwqfWMJbKBvqDMOfbElG','2024-02-02 21:01:01.118309','read write',3,4,'2024-02-02 11:01:01.118309','2024-02-02 11:01:01.118309',NULL,NULL),(1281,'HilM21umBEX0oM7RqX1CvsxuylU8Qq','2024-02-02 21:02:08.408720','read write',3,4,'2024-02-02 11:02:08.409691','2024-02-02 11:02:08.409691',NULL,NULL),(1282,'PFPvfNjyH8PykNH9Ro1oF46lpuH8Fw','2024-02-02 21:05:08.790075','read write',3,4,'2024-02-02 11:05:08.790075','2024-02-02 11:05:08.790075',NULL,NULL),(1283,'89v2Hq7Dh6B9vCtSdr1C9Z8q9kKq8C','2024-02-02 21:05:09.433962','read write',3,4,'2024-02-02 11:05:09.433962','2024-02-02 11:05:09.433962',NULL,NULL),(1284,'mBGeVKqHyvZCWg5yiAJJXMjt7inTj6','2024-02-02 21:05:51.172453','read write',3,4,'2024-02-02 11:05:51.172453','2024-02-02 11:05:51.172453',NULL,NULL),(1285,'ABgRPNX3dQrm3P9WtYvwaKdErz4ugv','2024-02-02 21:06:25.142145','read write',3,4,'2024-02-02 11:06:25.143134','2024-02-02 11:06:25.143134',NULL,NULL),(1286,'tCeeymGI2SnpRuwVeIOGkur1KUWDpe','2024-02-02 21:06:55.302798','read write',3,4,'2024-02-02 11:06:55.302798','2024-02-02 11:06:55.302798',NULL,NULL),(1287,'LcTwNmQQDFXs6lEV9DTnJwE1rGrYIq','2024-02-02 21:07:55.961908','read write',3,4,'2024-02-02 11:07:55.961908','2024-02-02 11:07:55.961908',NULL,NULL),(1288,'JjRm0IgjWJcbjXLdpDWcgLhjWSOkaj','2024-02-02 21:11:46.731444','read write',3,4,'2024-02-02 11:11:46.732430','2024-02-02 11:11:46.732430',NULL,NULL),(1289,'rJoRodSSgdTmIn5k98QdmprR4huz5l','2024-02-02 21:13:58.107679','read write',3,4,'2024-02-02 11:13:58.108821','2024-02-02 11:13:58.108821',NULL,NULL),(1290,'pZYZxVfpBHeZvi9fkplcDos9kCaV8I','2024-02-02 21:16:45.618651','read write',3,4,'2024-02-02 11:16:45.618651','2024-02-02 11:16:45.618651',NULL,NULL),(1291,'zzqm21Ek6hrvUZvkYDzKd7q71r7kKu','2024-02-02 21:17:27.004968','read write',3,4,'2024-02-02 11:17:27.004968','2024-02-02 11:17:27.004968',NULL,NULL),(1292,'Re9LrCGpN0KoSzz4RcLFGD5YH3fbBz','2024-02-02 21:17:45.858029','read write',3,4,'2024-02-02 11:17:45.859005','2024-02-02 11:17:45.859005',NULL,NULL),(1293,'0u1h0Mcgt9fC6H1q8MA5CSOu4xRc8H','2024-02-02 21:18:25.556612','read write',3,4,'2024-02-02 11:18:25.556612','2024-02-02 11:18:25.556612',NULL,NULL),(1294,'UG82kEsiw5K3WmOlBFWXiOlxbTC2cy','2024-02-02 21:19:26.319765','read write',3,4,'2024-02-02 11:19:26.320725','2024-02-02 11:19:26.320725',NULL,NULL),(1295,'UmOm5xgT7SsOFUv1joqEgAeTREau9g','2024-02-02 21:19:42.078918','read write',3,4,'2024-02-02 11:19:42.078918','2024-02-02 11:19:42.078918',NULL,NULL),(1296,'ODPB6kRhNjGY74Nj6ZGZRyxuqUMINA','2024-02-02 21:20:36.569766','read write',3,4,'2024-02-02 11:20:36.570787','2024-02-02 11:20:36.570787',NULL,NULL),(1297,'cmgNFCBweo7pUMbtkIeIBoSvSH9ksB','2024-02-02 21:21:53.120642','read write',3,4,'2024-02-02 11:21:53.121619','2024-02-02 11:21:53.121619',NULL,NULL),(1298,'OUrHbtNWrRTVha5b231LV8BhMXdHjC','2024-02-02 21:22:46.976688','read write',3,4,'2024-02-02 11:22:46.976688','2024-02-02 11:22:46.976688',NULL,NULL),(1299,'XJRsvJt22pV5dAS5JOtoh4wkI9p9sf','2024-02-02 21:24:36.891472','read write',3,4,'2024-02-02 11:24:36.891472','2024-02-02 11:24:36.891472',NULL,NULL),(1300,'yjJVFmv6pKoAgw6n1GvtGa7SGqpsEt','2024-02-02 21:25:22.209853','read write',3,4,'2024-02-02 11:25:22.209853','2024-02-02 11:25:22.209853',NULL,NULL),(1301,'EsFqGIXsAjxWdaPFMNZ9PvQtWTdEY3','2024-02-02 21:26:03.495025','read write',3,4,'2024-02-02 11:26:03.495025','2024-02-02 11:26:03.495025',NULL,NULL),(1302,'vWbRTFXQG6zuiSJZRDEhA9P7k03zif','2024-02-02 21:32:24.045228','read write',3,4,'2024-02-02 11:32:24.046496','2024-02-02 11:32:24.046496',NULL,NULL),(1303,'VCUJWXTpQuTGN3oSPVIyDrvLEMEdPH','2024-02-03 02:48:51.123237','read write',3,3,'2024-02-02 16:48:51.125184','2024-02-02 16:48:51.125184',NULL,NULL),(1304,'mpFhURcT65EorNgnCSMBy8mZhb3xwM','2024-02-03 02:55:06.709425','read write',3,3,'2024-02-02 16:55:06.713486','2024-02-02 16:55:06.713486',NULL,NULL),(1305,'7dhim4UDwxRko7ZctWw1MItGX02LEm','2024-02-03 02:56:10.338829','read write',3,3,'2024-02-02 16:56:10.338829','2024-02-02 16:56:10.338829',NULL,NULL),(1306,'0U073KIaQJJGRCaQdwSGjVMs8A8k9j','2024-02-03 02:56:32.494299','read write',3,3,'2024-02-02 16:56:32.494299','2024-02-02 16:56:32.494299',NULL,NULL),(1307,'Fw7xuDzmJ0c1QmtSSfisJTg1n4o4zE','2024-02-03 02:57:43.623346','read write',3,3,'2024-02-02 16:57:43.623346','2024-02-02 16:57:43.623346',NULL,NULL),(1308,'V70i5LHnJJoYu9lmQCWXVOtrkh3oUC','2024-02-03 02:58:42.996602','read write',3,3,'2024-02-02 16:58:42.996602','2024-02-02 16:58:42.996602',NULL,NULL),(1309,'EfQeZmYp00fq39RXuurKAoqHZWJe1K','2024-02-03 03:08:54.164437','read write',3,47,'2024-02-02 17:08:54.165457','2024-02-02 17:08:54.165457',NULL,NULL),(1310,'IiYcB6HqNH6rW674MeaT73PMuIJU2O','2024-02-03 03:08:54.641937','read write',3,47,'2024-02-02 17:08:54.642916','2024-02-02 17:08:54.642916',NULL,NULL),(1311,'PpD2nAHcNfOayjdRyZMnhA1ha0FavR','2024-02-03 03:13:09.577092','read write',3,3,'2024-02-02 17:13:09.580049','2024-02-02 17:13:09.580049',NULL,NULL),(1312,'ir2QQT3NF0BlzCMrSc5PUTbimeVXij','2024-02-03 03:13:17.904080','read write',3,3,'2024-02-02 17:13:17.904080','2024-02-02 17:13:17.904080',NULL,NULL),(1313,'dFvF909sOKCtdsItiTB7orXEdvipg7','2024-02-03 03:19:44.402777','read write',3,47,'2024-02-02 17:19:44.425027','2024-02-02 17:19:44.425027',NULL,NULL),(1314,'T7v3P210zOd8srFXgdl7jGnDOOlwFA','2024-02-03 03:22:45.373864','read write',3,47,'2024-02-02 17:22:45.429120','2024-02-02 17:22:45.429120',NULL,NULL),(1315,'ox4AhkHEtCwHd9pXZxYsv3xSQQ3sEW','2024-02-04 17:50:17.623843','read write',3,4,'2024-02-04 07:50:17.627752','2024-02-04 07:50:17.627752',NULL,NULL),(1316,'FXgx6I5HduJ0rMArL5PW2MFrZ5kNQS','2024-02-05 01:43:27.838775','read write',3,3,'2024-02-04 15:43:27.844876','2024-02-04 15:43:27.844876',NULL,NULL),(1317,'tSI7yUQXXHiAtvFvA9FI6PctQKn3Ox','2024-02-05 01:47:20.111926','read write',3,3,'2024-02-04 15:47:20.113926','2024-02-04 15:47:20.113926',NULL,NULL),(1318,'evKhNHb4bvxXnz42UOy6RHuH8J3Y3C','2024-02-05 01:50:04.260878','read write',3,3,'2024-02-04 15:50:04.261870','2024-02-04 15:50:04.261870',NULL,NULL),(1319,'HVHN5s1rGIooZjDzdNNrcAdN81O3fB','2024-02-05 02:12:30.186620','read write',3,3,'2024-02-04 16:12:30.186620','2024-02-04 16:12:30.186620',NULL,NULL),(1320,'UvxhF3oJBtke2vNP6lL0dmMDhH0x8U','2024-02-05 03:20:50.788570','read write',3,3,'2024-02-04 17:20:50.789596','2024-02-04 17:20:50.789596',NULL,NULL),(1321,'XfruB4GVQEPl1xaEhO5IRd0UGi3gDD','2024-02-05 03:25:47.616153','read write',3,2,'2024-02-04 17:25:47.616153','2024-02-04 17:25:47.616153',NULL,NULL),(1322,'hDxqUPUTe0L3kGBDA1h6WJRPhUd14D','2024-02-05 03:25:48.001900','read write',3,2,'2024-02-04 17:25:48.002886','2024-02-04 17:25:48.002886',NULL,NULL),(1323,'cvGCpd0Hw95LtDIkCPz21SXHjKNBNC','2024-02-14 17:14:00.895810','read write',3,4,'2024-02-14 07:14:00.973494','2024-02-14 07:14:00.973494',NULL,NULL),(1324,'gcCs6eT9mrqm3KpvP2fRwVvJ1RA3mB','2024-02-14 17:17:07.985958','read write',3,4,'2024-02-14 07:17:07.986978','2024-02-14 07:17:07.986978',NULL,NULL),(1325,'GhzG7GTSjYbqu9xXAHJJylBDxNpoAq','2024-02-14 17:31:29.068507','read write',3,4,'2024-02-14 07:31:29.069486','2024-02-14 07:31:29.069486',NULL,NULL),(1326,'wuhwqm0jvhxx0wv6WuryXJtLyZ3WcH','2024-02-14 21:28:36.401690','read write',3,4,'2024-02-14 11:28:36.404681','2024-02-14 11:28:36.404681',NULL,NULL),(1327,'GzvI9PwocD1vfoIoF77CrlImboP0l7','2024-02-14 21:29:11.415109','read write',3,4,'2024-02-14 11:29:11.415109','2024-02-14 11:29:11.415109',NULL,NULL),(1328,'PQVJVABJfYxLFJGbkPWXVVuXgkSR7o','2024-02-14 21:29:46.926393','read write',3,4,'2024-02-14 11:29:46.927416','2024-02-14 11:29:46.927416',NULL,NULL),(1329,'623Zx6SDkkUuWB1kFoGcC9jCWmZUrC','2024-02-14 21:32:05.952261','read write',3,4,'2024-02-14 11:32:05.953248','2024-02-14 11:32:05.953248',NULL,NULL),(1330,'LFcHOzRJjusW7NunZYrpCM50XU6ubZ','2024-02-14 21:33:13.068245','read write',3,4,'2024-02-14 11:33:13.068245','2024-02-14 11:33:13.068245',NULL,NULL),(1331,'9noiJTlhc3kGLRPj9kvU9JP0exdwal','2024-02-14 21:37:22.521618','read write',3,4,'2024-02-14 11:37:22.521618','2024-02-14 11:37:22.521618',NULL,NULL),(1332,'LpmfDayG6m8B9BtXziC0ciANZeV9Bm','2024-02-14 21:38:09.074741','read write',3,4,'2024-02-14 11:38:09.074741','2024-02-14 11:38:09.074741',NULL,NULL),(1333,'7X5wXbDEdwDTI7kmnsJDS56rpOlI0c','2024-02-14 21:46:34.415682','read write',3,48,'2024-02-14 11:46:34.415682','2024-02-14 11:46:34.415682',NULL,NULL),(1334,'OuBJBSXaLj4FvNbGtXac8a3tQ9WwxC','2024-02-14 21:52:51.185723','read write',3,4,'2024-02-14 11:52:51.186726','2024-02-14 11:52:51.186726',NULL,NULL),(1335,'BiR0fqMWtNZ2aOnkoR0EtYKPMN3ilu','2024-02-14 21:52:51.844771','read write',3,4,'2024-02-14 11:52:51.845792','2024-02-14 11:52:51.845792',NULL,NULL),(1336,'TwlOtndnJ0qjH4SlSC1XhhxN5orpuC','2024-02-14 21:55:26.289329','read write',3,4,'2024-02-14 11:55:26.290306','2024-02-14 11:55:26.290306',NULL,NULL),(1337,'1sGnfoZcMWCutDxaddfWhxNP5vnnM4','2024-02-14 21:59:12.539878','read write',3,4,'2024-02-14 11:59:12.544851','2024-02-14 11:59:12.544851',NULL,NULL),(1338,'GEqZlsvdWNdzqjB8Ewqa3LmczhXSA6','2024-02-14 22:00:41.268795','read write',3,4,'2024-02-14 12:00:41.268795','2024-02-14 12:00:41.268795',NULL,NULL),(1339,'b9yiLcgfCQXPldopP6YBQ1HDUv75BS','2024-02-14 22:02:46.039855','read write',3,4,'2024-02-14 12:02:46.039855','2024-02-14 12:02:46.039855',NULL,NULL),(1340,'Q3V044hBPZCeNyJjjJXRtvC8VHr7bn','2024-02-14 22:10:13.572171','read write',3,4,'2024-02-14 12:10:13.575144','2024-02-14 12:10:13.575144',NULL,NULL),(1341,'LWLYzaBZfNgvTEAlRyOCcSGHLjYBqn','2024-02-14 22:31:49.303847','read write',3,4,'2024-02-14 12:31:49.307797','2024-02-14 12:31:49.308799',NULL,NULL),(1342,'21vDy8uFaZbQZFY4Qn4yiZMFt3xjja','2024-02-14 22:36:45.761072','read write',3,4,'2024-02-14 12:36:45.762075','2024-02-14 12:36:45.762075',NULL,NULL),(1343,'Qr7LycFUJdxKLbxKGXslph2M98zcUk','2024-02-14 22:37:40.601641','read write',3,4,'2024-02-14 12:37:40.601641','2024-02-14 12:37:40.601641',NULL,NULL),(1344,'QEwmMWO2RDRmJfl2AQBJ4LtAXB3eXc','2024-02-14 22:39:50.063003','read write',3,4,'2024-02-14 12:39:50.063003','2024-02-14 12:39:50.063003',NULL,NULL),(1345,'ymJ6McEkiVuioJpBMHQ5noXyDRaQ9u','2024-02-16 03:40:50.450816','read write',3,4,'2024-02-15 17:40:50.450816','2024-02-15 17:40:50.450816',NULL,NULL),(1346,'uDjDWVzJqfUtAAHqqpJUxTpRaaFXYD','2024-02-16 18:05:49.087779','read write',3,4,'2024-02-16 08:05:49.088786','2024-02-16 08:05:49.088786',NULL,NULL),(1347,'bVFsiYjkEciFC8OJKlpf8iWyrlXvMI','2024-02-16 18:13:51.588741','read write',3,4,'2024-02-16 08:13:51.597047','2024-02-16 08:13:51.597047',NULL,NULL),(1348,'Hmy1yY3rc693hBCPma8EMqNARedVAY','2024-02-16 18:14:57.963602','read write',3,4,'2024-02-16 08:14:57.964602','2024-02-16 08:14:57.964602',NULL,NULL),(1349,'C8rjq7unZQBY0JDTyiPhwDFAdERx2s','2024-02-16 18:16:41.059647','read write',3,4,'2024-02-16 08:16:41.060680','2024-02-16 08:16:41.060680',NULL,NULL),(1350,'Ahc07HzxIDLE0qadj6oflJU6C6IrPQ','2024-02-16 18:17:08.768344','read write',3,4,'2024-02-16 08:17:08.768344','2024-02-16 08:17:08.768344',NULL,NULL),(1351,'hiakmMRpUi5xl4ecd8msNQA4ZONHgF','2024-02-16 18:18:52.829491','read write',3,4,'2024-02-16 08:18:52.830485','2024-02-16 08:18:52.830485',NULL,NULL),(1352,'TJgRzfYVjCoYr6N1hYBM3VCiqTOzHc','2024-02-16 18:21:35.449977','read write',3,4,'2024-02-16 08:21:35.450991','2024-02-16 08:21:35.450991',NULL,NULL),(1353,'YtfnQjSgLpBCYZZHk3YaiJYEVPNPke','2024-02-16 18:26:49.541802','read write',3,4,'2024-02-16 08:26:49.542793','2024-02-16 08:26:49.542793',NULL,NULL),(1354,'uGSTT0tsUKeXE5GywU1omlji0u3g2x','2024-02-16 18:27:17.698806','read write',3,4,'2024-02-16 08:27:17.699807','2024-02-16 08:27:17.699807',NULL,NULL),(1355,'uQzhPyjgMVFSFtcy9ul5GUbMNJTArK','2024-02-16 18:28:37.462344','read write',3,4,'2024-02-16 08:28:37.463345','2024-02-16 08:28:37.463345',NULL,NULL),(1356,'b1nwHymLfcH7dUjSpXfXJFbshjdb9R','2024-02-16 18:32:08.103633','read write',3,4,'2024-02-16 08:32:08.105668','2024-02-16 08:32:08.105668',NULL,NULL),(1357,'ED2o0QxN0qjyLqiVkYNJW9ZKgVcr1A','2024-02-16 18:43:13.946578','read write',3,4,'2024-02-16 08:43:13.948573','2024-02-16 08:43:13.950077',NULL,NULL),(1358,'TKJE7fHrO4ZzuPImcfoTJj5vpJe33K','2024-02-16 18:46:48.661838','read write',3,4,'2024-02-16 08:46:48.661838','2024-02-16 08:46:48.661838',NULL,NULL),(1359,'FXhnlASdwRMGcsGR66dqfA2iM6K3FJ','2024-02-16 18:51:07.244923','read write',3,4,'2024-02-16 08:51:07.244923','2024-02-16 08:51:07.244923',NULL,NULL),(1360,'oWacod35OAWFmHdc2ICPAtziz4GZDk','2024-02-16 18:55:53.039666','read write',3,4,'2024-02-16 08:55:53.039666','2024-02-16 08:55:53.039666',NULL,NULL),(1361,'LKVxtOKC00N0mbaU1aW0geg6tr7c3o','2024-02-16 18:57:07.323089','read write',3,4,'2024-02-16 08:57:07.324096','2024-02-16 08:57:07.324096',NULL,NULL),(1362,'cRWQIp9qQdpIxg2FQoKWfw8eFnXjIq','2024-02-16 19:07:24.537226','read write',3,4,'2024-02-16 09:07:24.538226','2024-02-16 09:07:24.538226',NULL,NULL),(1363,'ElTDzsCfo88QXbH1NUPQApxVYAX2b6','2024-02-16 19:08:59.098563','read write',3,4,'2024-02-16 09:08:59.099558','2024-02-16 09:08:59.099558',NULL,NULL),(1364,'2hKBixjhgR8iucqoRn3OT0ftSgGYlQ','2024-02-16 19:12:40.550630','read write',3,4,'2024-02-16 09:12:40.550630','2024-02-16 09:12:40.550630',NULL,NULL),(1365,'g4OsYPjtwNe7SQAZnPUfS7Ft2fuRdW','2024-02-16 19:19:19.256486','read write',3,4,'2024-02-16 09:19:19.257492','2024-02-16 09:19:19.257492',NULL,NULL),(1366,'P2nfGa7vJn7HgS57bzNHXpIO9juzcw','2024-02-16 19:20:36.745963','read write',3,4,'2024-02-16 09:20:36.745963','2024-02-16 09:20:36.745963',NULL,NULL),(1367,'HZqoRSkIsw4zv2vxvExKcD9YQHCrSi','2024-02-16 19:48:38.038454','read write',3,52,'2024-02-16 09:48:38.040481','2024-02-16 09:48:38.040481',NULL,NULL),(1368,'WatWjuHXHSJLZ54waUXR9ScpjL2Ci2','2024-02-16 20:14:24.532544','read write',3,48,'2024-02-16 10:14:24.543158','2024-02-16 10:14:24.543158',NULL,NULL),(1369,'3Amgpk3aOrSYQLmLcnTNZlangivkg9','2024-02-16 20:14:39.166089','read write',3,2,'2024-02-16 10:14:39.166089','2024-02-16 10:14:39.166089',NULL,NULL),(1370,'Q1UgXBjzqhIAQITJASjRNFEyCKFKSV','2024-02-16 20:14:39.625396','read write',3,2,'2024-02-16 10:14:39.625396','2024-02-16 10:14:39.625396',NULL,NULL),(1371,'CB3RgGbycFRRLnGTWhB99mkBqRwUYO','2024-02-16 20:18:35.363021','read write',3,2,'2024-02-16 10:18:35.364038','2024-02-16 10:18:35.364038',NULL,NULL),(1372,'tGvYgiBgGhM9eGPGKBqS6ssGMVwdvg','2024-02-17 23:31:33.255883','read write',3,4,'2024-02-17 13:31:33.256887','2024-02-17 13:31:33.256887',NULL,NULL),(1373,'0V4Ba58pj2IFhMNXvMvt8Jk2cChzNy','2024-02-17 23:46:44.695605','read write',3,4,'2024-02-17 13:46:44.699277','2024-02-17 13:46:44.699277',NULL,NULL),(1374,'z8JQNzZBAe6etF59RU9xxBuGj5GCvz','2024-02-17 23:47:10.003109','read write',3,4,'2024-02-17 13:47:10.003109','2024-02-17 13:47:10.003109',NULL,NULL),(1375,'hJM81MChIYbggNRi7W5jXoO7xGWVBo','2024-02-17 23:53:23.517536','read write',3,4,'2024-02-17 13:53:23.519611','2024-02-17 13:53:23.519611',NULL,NULL),(1376,'tZOj3aDmTojXBKndmyCmP3Y79wQKCQ','2024-02-17 23:58:33.032486','read write',3,4,'2024-02-17 13:58:33.034495','2024-02-17 13:58:33.034495',NULL,NULL),(1377,'RIT0FcFtfJyOIproRY8A3TXhbrW3Uy','2024-02-18 00:05:22.763987','read write',3,2,'2024-02-17 14:05:22.764990','2024-02-17 14:05:22.764990',NULL,NULL),(1378,'F5go8RYWsnajGPbVkcT7JS9WJLUJ9G','2024-02-18 00:07:59.583772','read write',3,4,'2024-02-17 14:07:59.584773','2024-02-17 14:07:59.584773',NULL,NULL),(1379,'vyXkecYstodvzUfcellz9ZJlRMOSWY','2024-02-18 00:15:53.022109','read write',3,4,'2024-02-17 14:15:53.024122','2024-02-17 14:15:53.024122',NULL,NULL),(1380,'zGZ4hV2iQXy8zvcHZOMrEaTF2agx9y','2024-02-18 00:17:50.127319','read write',3,4,'2024-02-17 14:17:50.127319','2024-02-17 14:17:50.127319',NULL,NULL),(1381,'sUQ0XLeHMBipsHnnVuyS9MAyIa7Kt1','2024-02-18 00:20:06.056894','read write',3,4,'2024-02-17 14:20:06.057911','2024-02-17 14:20:06.057911',NULL,NULL),(1382,'jP4s08My6gugyre9ddbdcI1QkxElBZ','2024-02-18 00:20:28.668489','read write',3,4,'2024-02-17 14:20:28.668489','2024-02-17 14:20:28.668489',NULL,NULL),(1383,'3rXUdIATG1ZLD0atrVbcwKXNu5Y6AX','2024-02-18 00:22:05.569125','read write',3,4,'2024-02-17 14:22:05.570127','2024-02-17 14:22:05.570127',NULL,NULL),(1384,'VffFL9FZ5X9kHoJWKAjIZdESfannfs','2024-02-18 00:22:44.381128','read write',3,4,'2024-02-17 14:22:44.381128','2024-02-17 14:22:44.381128',NULL,NULL),(1385,'HCK9novTOMGkzTMVaYIApl2n9xsAkM','2024-02-18 00:23:21.747905','read write',3,4,'2024-02-17 14:23:21.748912','2024-02-17 14:23:21.748912',NULL,NULL),(1386,'c9wYkwJswdktgTbAtjWO1V4sqHWPvc','2024-02-18 00:24:09.326494','read write',3,4,'2024-02-17 14:24:09.326494','2024-02-17 14:24:09.326494',NULL,NULL),(1387,'ONTpfnNPawNE8fGqkzXLwi7Roh6p67','2024-02-18 00:24:28.884440','read write',3,4,'2024-02-17 14:24:28.884440','2024-02-17 14:24:28.884440',NULL,NULL),(1388,'GB8JJYnHmno2S3Nmx3zO2JPWsELpDg','2024-02-18 00:24:48.238004','read write',3,4,'2024-02-17 14:24:48.238004','2024-02-17 14:24:48.238004',NULL,NULL),(1389,'8QN1bYvcixYdRAARDU1VeOhP5aEHf8','2024-02-18 00:25:13.038645','read write',3,4,'2024-02-17 14:25:13.038645','2024-02-17 14:25:13.038645',NULL,NULL),(1390,'hypYMPu48UUrWOYLHAPhWDmnEugHKX','2024-02-18 00:27:28.626874','read write',3,4,'2024-02-17 14:27:28.627905','2024-02-17 14:27:28.627905',NULL,NULL),(1391,'gehSwxD3UBgAyvzyrLnIfog2LoCLPk','2024-02-18 00:28:08.254977','read write',3,4,'2024-02-17 14:28:08.254977','2024-02-17 14:28:08.254977',NULL,NULL),(1392,'b6gaNpF1xCQ8oygVguzXfYdH79P3Yp','2024-02-18 00:28:35.164193','read write',3,4,'2024-02-17 14:28:35.164193','2024-02-17 14:28:35.164193',NULL,NULL),(1393,'VtoGhc6i6SgsoINhET3eNvBJKNLLmQ','2024-02-18 00:29:17.381047','read write',3,4,'2024-02-17 14:29:17.382327','2024-02-17 14:29:17.382327',NULL,NULL),(1394,'Jgl2gC1SCY81L5aqag05gr0lvfvxQl','2024-02-18 00:30:54.707333','read write',3,4,'2024-02-17 14:30:54.708336','2024-02-17 14:30:54.708336',NULL,NULL),(1395,'Lut4v6Zi6eYoeTAR0lI6IXPlr617HD','2024-02-18 00:32:41.868050','read write',3,4,'2024-02-17 14:32:41.869054','2024-02-17 14:32:41.869054',NULL,NULL),(1396,'LJBabRF9WAmvgO8h5KW55v0Bjg8M1E','2024-02-18 00:34:37.887894','read write',3,4,'2024-02-17 14:34:37.887894','2024-02-17 14:34:37.887894',NULL,NULL),(1397,'F6mT5ss0mBQUozRrguto9bwqWTb9aD','2024-02-18 01:00:55.930837','read write',3,14,'2024-02-17 15:00:55.931837','2024-02-17 15:00:55.931837',NULL,NULL),(1398,'X9Hh0B9sJmfIQaRb07UEgK9ZVeIXl8','2024-02-18 01:11:44.174557','read write',3,4,'2024-02-17 15:11:44.176078','2024-02-17 15:11:44.176078',NULL,NULL),(1399,'LLTMz7AKqAtU9v9H39cEEMOwDPVcxI','2024-02-18 01:15:51.645029','read write',3,4,'2024-02-17 15:15:51.645029','2024-02-17 15:15:51.645029',NULL,NULL),(1400,'royVj7huNvJw4fMj3ZbirtOEaFv6rT','2024-02-18 01:17:50.191193','read write',3,4,'2024-02-17 15:17:50.192181','2024-02-17 15:17:50.192181',NULL,NULL),(1401,'2NVumi8fGIRBfRKkm7OeTYk4j2hN8H','2024-02-18 01:20:37.414703','read write',3,4,'2024-02-17 15:20:37.415696','2024-02-17 15:20:37.415696',NULL,NULL),(1402,'hvrLbHWLKBapn9h5m6sAvEuDPVOm22','2024-02-18 01:49:23.932959','read write',3,4,'2024-02-17 15:49:23.937682','2024-02-17 15:49:23.937682',NULL,NULL),(1403,'9IVMM8kDkTWdjXV1svOxGLaOrgckKg','2024-02-18 02:12:44.607556','read write',3,4,'2024-02-17 16:12:44.628996','2024-02-17 16:12:44.628996',NULL,NULL),(1404,'fPxPMRPvev9Z5VYEXqikZWUGQT7CsR','2024-02-18 02:14:07.564781','read write',3,4,'2024-02-17 16:14:07.565781','2024-02-17 16:14:07.565781',NULL,NULL),(1405,'JpQUxaLS6YgMYXnnlB0nZ0RxDVEYxG','2024-02-18 02:19:08.832015','read write',3,2,'2024-02-17 16:19:08.833023','2024-02-17 16:19:08.833023',NULL,NULL),(1406,'gmEXyvHTuH5zxH5WNJG7Wo2hwFKloN','2024-02-18 04:29:46.701048','read write',3,4,'2024-02-17 18:29:46.708744','2024-02-17 18:29:46.708744',NULL,NULL),(1407,'NSeIvfQ235pBQTf7hKDjbVnMo7uu4s','2024-02-18 04:30:25.132258','read write',3,4,'2024-02-17 18:30:25.133259','2024-02-17 18:30:25.133259',NULL,NULL),(1408,'IjTakUFbjy9uVJF39TVoKjgtHE9tau','2024-02-18 04:32:15.526582','read write',3,4,'2024-02-17 18:32:15.527588','2024-02-17 18:32:15.527588',NULL,NULL),(1409,'dGyfKuDH0xYo3aY2yv4H8P0GtGWxpm','2024-02-18 04:32:36.106196','read write',3,2,'2024-02-17 18:32:36.107209','2024-02-17 18:32:36.107209',NULL,NULL),(1410,'aapnTGhWwYDI28bJzcN3dlgdKwwttY','2024-02-18 04:33:26.061065','read write',3,2,'2024-02-17 18:33:26.062067','2024-02-17 18:33:26.062067',NULL,NULL),(1411,'odYquublKp2OeqdR0ExOITcEOFDxE2','2024-02-18 20:05:25.987687','read write',3,4,'2024-02-18 10:05:25.992288','2024-02-18 10:05:25.992288',NULL,NULL),(1412,'IaSKuk7xrWLLNFbWl9h2mdGUedc3Q2','2024-02-18 20:06:35.997957','read write',3,2,'2024-02-18 10:06:35.997957','2024-02-18 10:06:35.997957',NULL,NULL),(1413,'Nev4cpGgLxbDUU8zWspOcV3XtUrRDo','2024-02-18 20:12:26.529279','read write',3,4,'2024-02-18 10:12:26.530436','2024-02-18 10:12:26.530436',NULL,NULL),(1414,'JkTBuhQNyV8LxqAiQY4JUlD8awACIn','2024-02-18 20:15:53.466099','read write',3,2,'2024-02-18 10:15:53.470386','2024-02-18 10:15:53.470386',NULL,NULL),(1415,'2j0ICDqoyFtqfsqfk3nqGLKC61T916','2024-02-18 20:26:01.489296','read write',3,2,'2024-02-18 10:26:01.490303','2024-02-18 10:26:01.490303',NULL,NULL),(1416,'ZNNIpUMIAN6m5RV5dhXA8R1xviQ3ju','2024-02-18 20:26:01.925988','read write',3,2,'2024-02-18 10:26:01.925988','2024-02-18 10:26:01.925988',NULL,NULL),(1417,'hOrFUildXzjJmbVTDoqZlwZrDCMkfg','2024-02-18 20:30:55.594024','read write',3,2,'2024-02-18 10:30:55.594024','2024-02-18 10:30:55.594024',NULL,NULL),(1418,'g1e2nAN66fY64oYECTxcRQuEWL31oo','2024-02-18 20:37:21.314867','read write',3,2,'2024-02-18 10:37:21.314867','2024-02-18 10:37:21.314867',NULL,NULL),(1419,'utfoPrqnA99Tw5K4meh549IZbN5XT7','2024-02-18 20:40:41.293772','read write',3,2,'2024-02-18 10:40:41.293772','2024-02-18 10:40:41.293772',NULL,NULL),(1420,'CGqIr7jtlxfDU3sl5dDuYCBqqIvH5u','2024-02-18 20:44:05.216093','read write',3,2,'2024-02-18 10:44:05.216093','2024-02-18 10:44:05.216093',NULL,NULL),(1421,'gbnOj3O9OvKweNOYOdgYKcjEYZgEvP','2024-02-18 20:52:59.454734','read write',3,2,'2024-02-18 10:52:59.454734','2024-02-18 10:52:59.454734',NULL,NULL),(1422,'UxMQyi1HbhsBMHeJHxMeQPt3seAIZ0','2024-02-18 21:00:50.895690','read write',3,2,'2024-02-18 11:00:50.895690','2024-02-18 11:00:50.895690',NULL,NULL),(1423,'Kgt4DdWvvUJaV1HO4mRtlY2xIjoNMJ','2024-02-18 21:05:14.112211','read write',3,2,'2024-02-18 11:05:14.112211','2024-02-18 11:05:14.112211',NULL,NULL),(1424,'2uLmgenp3xKYHPTQaR4BNfDX5WgEBQ','2024-02-18 21:09:48.540038','read write',3,4,'2024-02-18 11:09:48.541060','2024-02-18 11:09:48.541060',NULL,NULL),(1425,'pCE4PpO86irE3qBJEXjl97KNzOIVjf','2024-02-18 21:10:31.084826','read write',3,2,'2024-02-18 11:10:31.084826','2024-02-18 11:10:31.084826',NULL,NULL),(1426,'SG9m2lmEo0CFtBrFQ9H58mdMLmfR6X','2024-02-18 21:11:07.372032','read write',3,2,'2024-02-18 11:11:07.373035','2024-02-18 11:11:07.373035',NULL,NULL),(1427,'nFnohvpoyxDVeOuafvFQ2xl2vqLr8E','2024-02-18 21:20:43.637544','read write',3,2,'2024-02-18 11:20:43.638712','2024-02-18 11:20:43.638712',NULL,NULL),(1428,'3FZCEy1oS7SQ0RhA9nl4WZKJqgjRTQ','2024-02-18 21:56:59.861943','read write',3,4,'2024-02-18 11:56:59.862943','2024-02-18 11:56:59.862943',NULL,NULL),(1429,'8wBWGDRYcjhgSv73psNw7TTcHU3baI','2024-02-18 22:16:48.195545','read write',3,14,'2024-02-18 12:16:48.201791','2024-02-18 12:16:48.201791',NULL,NULL),(1430,'84LwQWrh3gjEhWSorZeS4I1TYtqtoA','2024-02-18 22:17:43.071241','read write',3,4,'2024-02-18 12:17:43.072262','2024-02-18 12:17:43.072262',NULL,NULL),(1431,'LalPHqsFSpXdo9SILbTMN9TmQhBcL3','2024-02-18 22:19:09.614100','read write',3,14,'2024-02-18 12:19:09.614100','2024-02-18 12:19:09.614100',NULL,NULL),(1432,'0D2U2PJQGXkF4z8AD0WaFtTM2LGVva','2024-02-18 22:39:56.440854','read write',3,52,'2024-02-18 12:39:56.440854','2024-02-18 12:39:56.440854',NULL,NULL),(1433,'hEXehAshbnIx1g7Dh9iusp6a8igMVR','2024-02-18 22:41:21.479606','read write',3,4,'2024-02-18 12:41:21.480614','2024-02-18 12:41:21.480614',NULL,NULL),(1434,'JLJZVxFKGwp6bae4lVsUpLaVSjXaZM','2024-02-18 22:41:41.349149','read write',3,4,'2024-02-18 12:41:41.349671','2024-02-18 12:41:41.349671',NULL,NULL),(1435,'A0fR4epNRlflVYKdluGhXxa746gz0j','2024-02-18 22:43:01.695526','read write',3,52,'2024-02-18 12:43:01.695526','2024-02-18 12:43:01.695526',NULL,NULL),(1436,'S9fQeK0tlZN4w1bUxxKXHje8cdHUi3','2024-02-18 22:43:47.647270','read write',3,4,'2024-02-18 12:43:47.648270','2024-02-18 12:43:47.648270',NULL,NULL),(1437,'HvnI1mfEx3LgYOMzdlBpUgZzfFrH6i','2024-02-18 22:44:49.146325','read write',3,52,'2024-02-18 12:44:49.146840','2024-02-18 12:44:49.146840',NULL,NULL),(1438,'WfJME2NbCYPyAnSombiHK1jOU5Drom','2024-02-18 22:49:16.054359','read write',3,52,'2024-02-18 12:49:16.054359','2024-02-18 12:49:16.054359',NULL,NULL),(1439,'puSFWOelAsxYOKobvgcKcy8AnMEuxj','2024-02-18 22:50:01.554512','read write',3,52,'2024-02-18 12:50:01.555513','2024-02-18 12:50:01.555513',NULL,NULL),(1440,'UDaURgcFlXFbhePlIKMuQgkoc8SBQQ','2024-02-18 22:51:12.651353','read write',3,2,'2024-02-18 12:51:12.651353','2024-02-18 12:51:12.651353',NULL,NULL),(1441,'UHpyBNSoA4HxkmBQkdNQ8GvN8M7TSO','2024-02-19 15:57:05.195376','read write',3,4,'2024-02-19 05:57:05.196398','2024-02-19 05:57:05.196398',NULL,NULL),(1442,'IU7rqTcg2tFN1BuDP9TTnRUYdz6TYz','2024-02-19 20:13:30.944560','read write',3,4,'2024-02-19 10:13:30.955462','2024-02-19 10:13:30.955462',NULL,NULL),(1443,'IwKTuCoDRUGHxFJHl3Fq3e1xgdtmGo','2024-02-19 20:44:14.439359','read write',3,4,'2024-02-19 10:44:14.446365','2024-02-19 10:44:14.446365',NULL,NULL),(1444,'C6EqEFMQgP63RyIREbjCWrQykfTWJB','2024-02-19 20:45:41.311861','read write',3,4,'2024-02-19 10:45:41.312869','2024-02-19 10:45:41.312869',NULL,NULL),(1445,'ZeXgudXF5Yxe8Mgh4Ktw6xhZUZlGyJ','2024-02-19 20:46:24.233842','read write',3,4,'2024-02-19 10:46:24.234844','2024-02-19 10:46:24.234844',NULL,NULL),(1446,'dXM8IyOfHW4xm5qEksHtcFmEE7TA44','2024-02-19 20:46:43.035037','read write',3,4,'2024-02-19 10:46:43.036041','2024-02-19 10:46:43.036041',NULL,NULL),(1447,'gjTL7dzyHpe15c9uKhQMgtkgY6EkLM','2024-02-19 20:51:13.681103','read write',3,4,'2024-02-19 10:51:13.683677','2024-02-19 10:51:13.683677',NULL,NULL),(1448,'WLIuEhDWC3EmnjcgHd8zMs1nZUwgNI','2024-02-19 20:58:11.823870','read write',3,4,'2024-02-19 10:58:11.829971','2024-02-19 10:58:11.829971',NULL,NULL),(1449,'xmCV0SsPsSsQ0fhAEQI2uGBFaIYkHX','2024-02-19 21:04:30.090861','read write',3,4,'2024-02-19 11:04:30.095299','2024-02-19 11:04:30.095299',NULL,NULL),(1450,'En4OaOxWRvikyXamZH6NjzXKpv4ri9','2024-02-19 21:05:01.244072','read write',3,4,'2024-02-19 11:05:01.245115','2024-02-19 11:05:01.245115',NULL,NULL),(1451,'IXqNlc1y3ao0IxENVR65eO3JrgwDgM','2024-02-19 21:06:23.976256','read write',3,4,'2024-02-19 11:06:23.977761','2024-02-19 11:06:23.977761',NULL,NULL),(1452,'x1HszlhbxUknVyh1sIYVXA47zGIgWy','2024-02-19 21:07:23.442226','read write',3,4,'2024-02-19 11:07:23.442226','2024-02-19 11:07:23.442226',NULL,NULL),(1453,'XUJioQWfpUb6txcb2ln44d0OGKFtbS','2024-02-19 21:08:23.881042','read write',3,4,'2024-02-19 11:08:23.882014','2024-02-19 11:08:23.882014',NULL,NULL),(1454,'SDd2oibJsw8Vd42eXLUcX9P13xnTPc','2024-02-19 21:14:36.185601','read write',3,4,'2024-02-19 11:14:36.189795','2024-02-19 11:14:36.189795',NULL,NULL),(1455,'l8Ut0KGWVtFnZKESPW112Nu5ol8drc','2024-02-20 03:21:58.587658','read write',3,4,'2024-02-19 17:21:58.598153','2024-02-19 17:21:58.598153',NULL,NULL),(1456,'HuDEOUYf6jPAoxUDSzxQq3q2PddD0b','2024-02-20 03:43:22.645871','read write',3,4,'2024-02-19 17:43:22.645871','2024-02-19 17:43:22.645871',NULL,NULL),(1457,'pghEOVBSIZMPyOKMfV9mLvA4mxQcl6','2024-02-20 03:43:35.069580','read write',3,4,'2024-02-19 17:43:35.069580','2024-02-19 17:43:35.069580',NULL,NULL),(1458,'0ziskMGEGjksAM9rYAWFvaIKy0Ah41','2024-02-20 03:55:06.836083','read write',3,4,'2024-02-19 17:55:06.839168','2024-02-19 17:55:06.839168',NULL,NULL),(1459,'OVqF11ex1uqgjKmrhuW1e63R0FrDLH','2024-02-20 03:57:56.495080','read write',3,2,'2024-02-19 17:57:56.496081','2024-02-19 17:57:56.496081',NULL,NULL),(1460,'1aBkyKiSgHo2FvHt4PsW9YNbTEYZXH','2024-02-20 04:20:38.883688','read write',3,4,'2024-02-19 18:20:38.893492','2024-02-19 18:20:38.893492',NULL,NULL),(1461,'Syqo2lbIHNWUbQGpUASNlT49MqTyyQ','2024-02-20 04:21:34.158215','read write',3,4,'2024-02-19 18:21:34.159224','2024-02-19 18:21:34.159224',NULL,NULL),(1462,'85QAuVLWZWH2b5jizJCygms0Zthb20','2024-02-20 04:23:24.995058','read write',3,4,'2024-02-19 18:23:24.996267','2024-02-19 18:23:24.996267',NULL,NULL),(1463,'mcE4XZJfTZrP05Qwj0g10M1wkB1MDe','2024-02-20 04:24:39.057931','read write',3,4,'2024-02-19 18:24:39.058919','2024-02-19 18:24:39.058919',NULL,NULL),(1464,'zaaHpvnUtnBYApno0UKgxZSMNVdk4i','2024-02-20 04:29:56.419899','read write',3,4,'2024-02-19 18:29:56.422411','2024-02-19 18:29:56.422411',NULL,NULL),(1465,'EpTPigDpkyGKOdFrcstdK3KFRjnTwT','2024-02-20 04:32:49.340093','read write',3,4,'2024-02-19 18:32:49.341132','2024-02-19 18:32:49.341132',NULL,NULL),(1466,'qzN7WtReFjDV1q1wmhwYy1cGDEnfSI','2024-02-20 04:36:12.465104','read write',3,4,'2024-02-19 18:36:12.465104','2024-02-19 18:36:12.465104',NULL,NULL),(1467,'b7XQtrNpd9KmeGsP1FhX4Wtzqaavyp','2024-02-20 04:39:34.118007','read write',3,4,'2024-02-19 18:39:34.118007','2024-02-19 18:39:34.118007',NULL,NULL),(1468,'gStz6kI5DSc5ofYEusfFMvFkqIbApb','2024-02-20 04:48:59.389001','read write',3,4,'2024-02-19 18:48:59.390051','2024-02-19 18:48:59.390051',NULL,NULL),(1469,'kaVlycvNtnepepwANwEik3wC1zlWdo','2024-02-20 05:00:01.189803','read write',3,4,'2024-02-19 19:00:01.190788','2024-02-19 19:00:01.190788',NULL,NULL),(1470,'ps6Oa9OEpa6pwg1t0R6SfGAytztTNx','2024-02-20 05:01:55.673895','read write',3,4,'2024-02-19 19:01:55.674901','2024-02-19 19:01:55.674901',NULL,NULL),(1471,'lYpc9PnChPpgkuwiKicoNY4uJ8aPQt','2024-02-20 05:04:20.481661','read write',3,4,'2024-02-19 19:04:20.483168','2024-02-19 19:04:20.483168',NULL,NULL),(1472,'xQ2Rin9uElxNuJbhzVd6qrfXUawVzJ','2024-02-20 05:08:14.450602','read write',3,4,'2024-02-19 19:08:14.452163','2024-02-19 19:08:14.452163',NULL,NULL),(1473,'ZMeQilCyWq0P0woHs7vwEjFvcMAx8v','2024-02-20 05:14:38.656385','read write',3,4,'2024-02-19 19:14:38.657387','2024-02-19 19:14:38.657387',NULL,NULL),(1474,'aFlsy2Vi7vh1wYkpMKjGbtzyyxX4VD','2024-02-20 05:27:39.623525','read write',3,4,'2024-02-19 19:27:39.624549','2024-02-19 19:27:39.624549',NULL,NULL),(1475,'Uc245Xz1HjtonogLe1ycMTe7P7CKSa','2024-02-20 05:31:13.877541','read write',3,4,'2024-02-19 19:31:13.879583','2024-02-19 19:31:13.879583',NULL,NULL),(1476,'AHrlpJSdxEl4j08P1pkv1wwfmBWoWy','2024-02-20 05:37:38.332906','read write',3,4,'2024-02-19 19:37:38.332906','2024-02-19 19:37:38.332906',NULL,NULL),(1477,'aPBESrEw07gdqx0SC6VLm2a3DAeChy','2024-02-20 05:51:35.609407','read write',3,4,'2024-02-19 19:51:35.610406','2024-02-19 19:51:35.610406',NULL,NULL),(1478,'XcntDuoUByGaDwJUHg6Xd4LqziXiOO','2024-02-21 01:59:16.085623','read write',3,4,'2024-02-20 15:59:16.091700','2024-02-20 15:59:16.091700',NULL,NULL),(1479,'5GG1SN2vgeruWp5gyCvRMjzbwHo3zx','2024-02-21 02:04:11.997797','read write',3,4,'2024-02-20 16:04:11.998796','2024-02-20 16:04:11.998796',NULL,NULL),(1480,'qjKCZxfjvJpbpedQvhXISPS6lcLOJB','2024-02-21 02:04:57.755732','read write',3,4,'2024-02-20 16:04:57.755732','2024-02-20 16:04:57.755732',NULL,NULL),(1481,'Pz330D09niaeUphTl77x2wjSYYFP4I','2024-02-21 02:06:34.225200','read write',3,4,'2024-02-20 16:06:34.226218','2024-02-20 16:06:34.226218',NULL,NULL),(1482,'jw6jSARc7sjOq8AHizE02X4lMyNFOs','2024-02-21 04:30:47.043784','read write',3,4,'2024-02-20 18:30:47.044811','2024-02-20 18:30:47.044811',NULL,NULL),(1483,'wBTmVrlxvUkEVbaNhDXIHSbxkue1wt','2024-02-21 04:44:47.764955','read write',3,4,'2024-02-20 18:44:47.767964','2024-02-20 18:44:47.767964',NULL,NULL),(1484,'08CXNCPGxLoak8ExETZ3D1dxjWZ3Zv','2024-02-21 04:46:38.855030','read write',3,2,'2024-02-20 18:46:38.855030','2024-02-20 18:46:38.855030',NULL,NULL),(1485,'u9RQMGpmd5LMeZrhj6OfSbmTokE0m6','2024-02-21 04:53:31.635487','read write',3,4,'2024-02-20 18:53:31.639923','2024-02-20 18:53:31.639923',NULL,NULL),(1486,'FanB14Z5YLWbY2nMk7D8OmE8oXDLFo','2024-02-21 05:00:22.566018','read write',3,4,'2024-02-20 19:00:22.567005','2024-02-20 19:00:22.567005',NULL,NULL),(1487,'r0cmIk5VB68sc4uSA4dQYQaLIgYMBh','2024-02-21 05:12:02.016091','read write',3,4,'2024-02-20 19:12:02.023312','2024-02-20 19:12:02.023312',NULL,NULL),(1488,'hremxeo4AIoZ2vz6ldF468BsUtDiQG','2024-02-21 05:26:32.835834','read write',3,4,'2024-02-20 19:26:32.835834','2024-02-20 19:26:32.835834',NULL,NULL),(1489,'nPrk0F5iLtqMVBietbF4ii4TPaBJ3b','2024-02-21 05:28:20.966912','read write',3,4,'2024-02-20 19:28:20.968946','2024-02-20 19:28:20.968946',NULL,NULL),(1490,'CzRMuIcXWTVlsUdyEvkrUmkCVxpezG','2024-02-21 05:32:10.490993','read write',3,4,'2024-02-20 19:32:10.492377','2024-02-20 19:32:10.492377',NULL,NULL),(1491,'ZiOzEoEGffYF0MsOUgmiRZXiELwm4D','2024-02-21 05:36:06.867536','read write',3,2,'2024-02-20 19:36:06.867536','2024-02-20 19:36:06.867536',NULL,NULL),(1492,'aAgPKSyDzLMt132hjfNa3AmV4JQ5OU','2024-02-21 17:55:27.622700','read write',3,4,'2024-02-21 07:55:27.628869','2024-02-21 07:55:27.629927',NULL,NULL),(1493,'xhlnFKm5iaelGdIjgnHk0NHv6E4QRN','2024-02-21 17:58:57.035918','read write',3,4,'2024-02-21 07:58:57.035918','2024-02-21 07:58:57.035918',NULL,NULL),(1494,'bWZiFHuTWUVyaqyLp4ky5UMhESzds3','2024-02-21 18:00:53.508568','read write',3,4,'2024-02-21 08:00:53.508568','2024-02-21 08:00:53.508568',NULL,NULL),(1495,'0ZXd7qthrzLZv0BcZNz9XhrlO0494j','2024-02-21 18:02:53.998961','read write',3,4,'2024-02-21 08:02:54.000464','2024-02-21 08:02:54.000464',NULL,NULL),(1496,'HCSOIycjdjBWzUr497LaTVM2FBy69p','2024-02-21 18:07:38.654945','read write',3,4,'2024-02-21 08:07:38.655973','2024-02-21 08:07:38.655973',NULL,NULL),(1497,'xlF7OKz4XrAMylx2YLTEzKBPQPAEXC','2024-02-21 18:08:28.110007','read write',3,4,'2024-02-21 08:08:28.111030','2024-02-21 08:08:28.111030',NULL,NULL),(1498,'yq8hEbw8dgnolfzdRqCgm30vX6Mtwd','2024-02-21 18:08:45.881808','read write',3,4,'2024-02-21 08:08:45.881808','2024-02-21 08:08:45.881808',NULL,NULL),(1499,'GQFSjzdAPIa5xuxUfDU78MXcPg6Rw2','2024-02-21 18:09:42.587289','read write',3,4,'2024-02-21 08:09:42.587289','2024-02-21 08:09:42.587289',NULL,NULL),(1500,'iGF1OhMyLSwjz7y8aCiRkWxIuPQaBp','2024-02-21 18:13:38.936795','read write',3,4,'2024-02-21 08:13:38.936795','2024-02-21 08:13:38.936795',NULL,NULL),(1501,'ZlROmfgxMUI1NW2Lr59A8ivXH4xGCV','2024-02-21 18:14:43.543621','read write',3,4,'2024-02-21 08:14:43.545131','2024-02-21 08:14:43.545131',NULL,NULL),(1502,'SGvHeHyBoGEUE9DE87FgLq7XjP4qt8','2024-02-21 18:15:02.939794','read write',3,4,'2024-02-21 08:15:02.939794','2024-02-21 08:15:02.939794',NULL,NULL),(1503,'kKWZqRxNyi4ki5gR77l593hEISwpSp','2024-02-21 18:15:49.984476','read write',3,4,'2024-02-21 08:15:49.984476','2024-02-21 08:15:49.984476',NULL,NULL),(1504,'Nkk2IoHpT53RGLLILULgDK9caWZKZO','2024-02-21 18:19:10.567307','read write',3,4,'2024-02-21 08:19:10.567307','2024-02-21 08:19:10.567307',NULL,NULL),(1505,'WGAgNtuuSSRwhFvMhIAylrg3idXGrf','2024-02-21 18:21:46.967050','read write',3,4,'2024-02-21 08:21:46.968064','2024-02-21 08:21:46.968064',NULL,NULL),(1506,'LLagDy1cphqv4BE5g9v4TC67hkBwZ2','2024-02-21 18:54:11.375225','read write',3,4,'2024-02-21 08:54:11.375225','2024-02-21 08:54:11.375225',NULL,NULL),(1507,'ERBC6WVtNCyFoR5RsKFi771WXDIxbN','2024-02-21 18:54:59.438131','read write',3,4,'2024-02-21 08:54:59.439119','2024-02-21 08:54:59.439119',NULL,NULL),(1508,'fS79CQXVrShzZKWMDGuPxyxMSrf1jJ','2024-02-21 18:58:22.228946','read write',3,4,'2024-02-21 08:58:22.228946','2024-02-21 08:58:22.228946',NULL,NULL),(1509,'2d98np2jKvtV442I7nhgH5NWzSx0OV','2024-02-21 18:59:06.934690','read write',3,4,'2024-02-21 08:59:06.934690','2024-02-21 08:59:06.934690',NULL,NULL),(1510,'G94AxmzRB6982bi5FkKVh0BMFNn47Q','2024-02-21 19:01:23.556210','read write',3,4,'2024-02-21 09:01:23.556210','2024-02-21 09:01:23.556210',NULL,NULL),(1511,'OG0Go3DCANqlch8TVQ5oxVslnEgIRl','2024-02-22 18:41:47.856217','read write',3,4,'2024-02-22 08:41:47.870106','2024-02-22 08:41:47.870106',NULL,NULL),(1512,'ZYanMkhrFD6D9Ko2fuCBQPWZra9yN2','2024-02-22 20:10:24.843109','read write',3,14,'2024-02-22 10:10:24.855090','2024-02-22 10:10:24.855090',NULL,NULL),(1513,'tocghjDaep1XbUgKaJtDIaLEXXIh5Q','2024-02-22 20:13:20.633670','read write',3,4,'2024-02-22 10:13:20.634678','2024-02-22 10:13:20.634678',NULL,NULL),(1514,'lVM9j7F15UUFELWpplqh9gzYSrdfcl','2024-02-22 20:16:34.031410','read write',3,4,'2024-02-22 10:16:34.032733','2024-02-22 10:16:34.032733',NULL,NULL),(1515,'Fwthly7chZnrXDZJ8aZ8d4c7bigvGP','2024-02-23 04:15:59.572123','read write',3,4,'2024-02-22 18:15:59.587200','2024-02-22 18:15:59.587200',NULL,NULL),(1516,'PyBtIBJYchF9BXPurZtggWgxw5lJxj','2024-02-24 16:46:47.525687','read write',3,4,'2024-02-24 06:46:47.525687','2024-02-24 06:46:47.525687',NULL,NULL),(1517,'saFLCOQwJ5oaZMGoQmwz9LNpdhkbzx','2024-02-24 18:39:41.240068','read write',3,2,'2024-02-24 08:39:41.243140','2024-02-24 08:39:41.243140',NULL,NULL),(1518,'ACharFR3f3Mp66Eb4s1uJMOBTLrclC','2024-02-24 18:40:00.663885','read write',3,48,'2024-02-24 08:40:00.663885','2024-02-24 08:40:00.663885',NULL,NULL),(1519,'cNZ2KbG7cMWaNHn8LqkYnFuD3z9E7K','2024-02-24 18:40:01.037055','read write',3,48,'2024-02-24 08:40:01.037055','2024-02-24 08:40:01.037055',NULL,NULL),(1520,'6h3ZyEvrdLNH12EnBOqMaYAA4lzNJE','2024-02-24 18:40:11.982076','read write',3,4,'2024-02-24 08:40:11.982076','2024-02-24 08:40:11.982076',NULL,NULL),(1521,'N6jeLUdR5LyJYZOAZk3IGcGfOE0nzE','2024-02-24 19:41:13.790023','read write',3,2,'2024-02-24 09:41:13.797301','2024-02-24 09:41:13.797301',NULL,NULL),(1522,'IU2yxiabzDqmr6x21XX9iGS2f9y3zN','2024-02-25 05:22:54.574615','read write',3,4,'2024-02-24 19:22:54.587471','2024-02-24 19:22:54.587471',NULL,NULL),(1523,'45Np27C9vV6489v2qBHld9jQglKbE4','2024-02-25 06:00:26.710454','read write',3,2,'2024-02-24 20:00:26.721772','2024-02-24 20:00:26.721772',NULL,NULL),(1524,'A3bVnyT1Q1e3xVHbmbElFI4cUJm5Zj','2024-02-26 03:18:23.176147','read write',3,1,'2024-02-25 17:18:23.178154','2024-02-25 17:18:23.178154',NULL,NULL),(1525,'MDSngBfH44D8bwhO5xhlmxQQnQKCi3','2024-02-26 03:23:00.830996','read write',3,69,'2024-02-25 17:23:00.831995','2024-02-25 17:23:00.831995',NULL,NULL),(1526,'VYuipdrA9Jm1DNeCPtjCj9rIs0NMq5','2024-02-26 03:24:18.155494','read write',3,69,'2024-02-25 17:24:18.156487','2024-02-25 17:24:18.156487',NULL,NULL),(1527,'iUqaARAw39RJmZfU3uUYrjJEckcScm','2024-02-26 03:31:53.791691','read write',3,69,'2024-02-25 17:31:53.794692','2024-02-25 17:31:53.794692',NULL,NULL),(1528,'jDuKcLuw7oLL2yzGHyxZ0OYBW1MfHC','2024-02-26 03:33:01.047502','read write',3,4,'2024-02-25 17:33:01.047502','2024-02-25 17:33:01.047502',NULL,NULL),(1529,'1a4HW3YMih8MIBo275U6vBo3Wi2ThC','2024-02-26 03:33:10.292169','read write',3,69,'2024-02-25 17:33:10.292169','2024-02-25 17:33:10.292169',NULL,NULL),(1530,'vQA6grwbVvMww0aCnoJe02holevXBi','2024-02-26 03:49:45.280092','read write',3,69,'2024-02-25 17:49:45.281118','2024-02-25 17:49:45.281118',NULL,NULL),(1531,'RQxcXwLapjhww8ADgxQth70TdoJTT3','2024-02-26 03:56:29.142117','read write',3,4,'2024-02-25 17:56:29.147151','2024-02-25 17:56:29.147151',NULL,NULL),(1532,'D9KPT3WeBknNIGw6fvryWcDUGT2JfQ','2024-02-26 03:58:34.321676','read write',3,4,'2024-02-25 17:58:34.322704','2024-02-25 17:58:34.322704',NULL,NULL),(1533,'RH9pcMdK8GYX49GfGlQ2syfdPIXod3','2024-02-26 04:03:33.135004','read write',3,2,'2024-02-25 18:03:33.135004','2024-02-25 18:03:33.135004',NULL,NULL),(1534,'UU3kJQtSQjMMuyuVwFPLjrveD8iAKk','2024-02-26 04:08:05.267853','read write',3,69,'2024-02-25 18:08:05.269233','2024-02-25 18:08:05.269233',NULL,NULL),(1535,'1EYq1xUEzlqdGkm4iDe9w4zn82J9c6','2024-02-26 04:30:32.621001','read write',3,69,'2024-02-25 18:30:32.622995','2024-02-25 18:30:32.622995',NULL,NULL),(1536,'vymf3p1KSU9Wm2fOQz7eA1FOr9KoJq','2024-02-26 04:30:34.587456','read write',3,69,'2024-02-25 18:30:34.588501','2024-02-25 18:30:34.588501',NULL,NULL),(1537,'BdJErrIBq7v2tKIADWBBKAi1Dg9ZmV','2024-02-26 04:31:02.908926','read write',3,69,'2024-02-25 18:31:02.910442','2024-02-25 18:31:02.910442',NULL,NULL),(1538,'uqYPNXuKJzfxFhsdSwqrHEeij6kXyr','2024-02-26 04:33:00.222546','read write',3,69,'2024-02-25 18:33:00.222546','2024-02-25 18:33:00.222546',NULL,NULL),(1539,'reMl0jrx6BHMaVfWiA6VttXV0yUQSA','2024-02-26 06:14:00.345216','read write',3,48,'2024-02-25 20:14:00.346736','2024-02-25 20:14:00.346736',NULL,NULL),(1540,'wak2IV62HdEWKMgxvzuZlm7CRGTzC4','2024-02-26 06:14:17.059009','read write',3,2,'2024-02-25 20:14:17.060007','2024-02-25 20:14:17.060007',NULL,NULL),(1541,'TSi85xaNxuG6GvAUoc2tgXRsjV4MQf','2024-02-26 06:15:46.375434','read write',3,69,'2024-02-25 20:15:46.375434','2024-02-25 20:15:46.375434',NULL,NULL);
/*!40000 ALTER TABLE `oauth2_provider_accesstoken` ENABLE KEYS */;
UNLOCK TABLES;

--
-- Table structure for table `oauth2_provider_application`
--

DROP TABLE IF EXISTS `oauth2_provider_application`;
/*!40101 SET @saved_cs_client     = @@character_set_client */;
/*!50503 SET character_set_client = utf8mb4 */;
CREATE TABLE `oauth2_provider_application` (
  `id` bigint NOT NULL AUTO_INCREMENT,
  `client_id` varchar(100) CHARACTER SET utf8mb4 COLLATE utf8mb4_unicode_ci NOT NULL,
  `redirect_uris` longtext CHARACTER SET utf8mb4 COLLATE utf8mb4_unicode_ci NOT NULL,
  `client_type` varchar(32) CHARACTER SET utf8mb4 COLLATE utf8mb4_unicode_ci NOT NULL,
  `authorization_grant_type` varchar(32) CHARACTER SET utf8mb4 COLLATE utf8mb4_unicode_ci NOT NULL,
  `client_secret` varchar(255) CHARACTER SET utf8mb4 COLLATE utf8mb4_unicode_ci NOT NULL,
  `name` varchar(255) CHARACTER SET utf8mb4 COLLATE utf8mb4_unicode_ci NOT NULL,
  `user_id` bigint DEFAULT NULL,
  `skip_authorization` tinyint(1) NOT NULL,
  `created` datetime(6) NOT NULL,
  `updated` datetime(6) NOT NULL,
  `algorithm` varchar(5) CHARACTER SET utf8mb4 COLLATE utf8mb4_unicode_ci NOT NULL,
  `post_logout_redirect_uris` longtext CHARACTER SET utf8mb4 COLLATE utf8mb4_unicode_ci NOT NULL DEFAULT (_utf8mb3''),
  PRIMARY KEY (`id`),
  UNIQUE KEY `client_id` (`client_id`),
  KEY `oauth2_provider_appl_user_id_79829054_fk_eCommerce` (`user_id`),
  KEY `oauth2_provider_application_client_secret_53133678` (`client_secret`),
  CONSTRAINT `oauth2_provider_appl_user_id_79829054_fk_eCommerce` FOREIGN KEY (`user_id`) REFERENCES `ecommerce_account` (`id`)
) ENGINE=InnoDB AUTO_INCREMENT=4 DEFAULT CHARSET=utf8mb4 COLLATE=utf8mb4_unicode_ci;
/*!40101 SET character_set_client = @saved_cs_client */;

--
-- Dumping data for table `oauth2_provider_application`
--

LOCK TABLES `oauth2_provider_application` WRITE;
/*!40000 ALTER TABLE `oauth2_provider_application` DISABLE KEYS */;
INSERT INTO `oauth2_provider_application` VALUES (3,'dMlVgp3i59e91nDEGZ0Kq6D7uLX6MKLq3RL68eoT','','confidential','password','pbkdf2_sha256$720000$PljPxa1v2FF8vJk4ATlyj3$Jdk36WG2U6OGNgsA4FEpShQmgP+4Ug16b//+PXFdcag=','eCommerceApp',1,0,'2023-12-26 10:33:07.704720','2023-12-26 10:33:07.704720','','');
/*!40000 ALTER TABLE `oauth2_provider_application` ENABLE KEYS */;
UNLOCK TABLES;

--
-- Table structure for table `oauth2_provider_grant`
--

DROP TABLE IF EXISTS `oauth2_provider_grant`;
/*!40101 SET @saved_cs_client     = @@character_set_client */;
/*!50503 SET character_set_client = utf8mb4 */;
CREATE TABLE `oauth2_provider_grant` (
  `id` bigint NOT NULL AUTO_INCREMENT,
  `code` varchar(255) CHARACTER SET utf8mb4 COLLATE utf8mb4_unicode_ci NOT NULL,
  `expires` datetime(6) NOT NULL,
  `redirect_uri` longtext CHARACTER SET utf8mb4 COLLATE utf8mb4_unicode_ci NOT NULL,
  `scope` longtext CHARACTER SET utf8mb4 COLLATE utf8mb4_unicode_ci NOT NULL,
  `application_id` bigint NOT NULL,
  `user_id` bigint NOT NULL,
  `created` datetime(6) NOT NULL,
  `updated` datetime(6) NOT NULL,
  `code_challenge` varchar(128) CHARACTER SET utf8mb4 COLLATE utf8mb4_unicode_ci NOT NULL,
  `code_challenge_method` varchar(10) CHARACTER SET utf8mb4 COLLATE utf8mb4_unicode_ci NOT NULL,
  `nonce` varchar(255) CHARACTER SET utf8mb4 COLLATE utf8mb4_unicode_ci NOT NULL,
  `claims` longtext CHARACTER SET utf8mb4 COLLATE utf8mb4_unicode_ci NOT NULL DEFAULT (_utf8mb3''),
  PRIMARY KEY (`id`),
  UNIQUE KEY `code` (`code`),
  KEY `oauth2_provider_gran_application_id_81923564_fk_oauth2_pr` (`application_id`),
  KEY `oauth2_provider_grant_user_id_e8f62af8_fk_eCommerce_account_id` (`user_id`),
  CONSTRAINT `oauth2_provider_gran_application_id_81923564_fk_oauth2_pr` FOREIGN KEY (`application_id`) REFERENCES `oauth2_provider_application` (`id`),
  CONSTRAINT `oauth2_provider_grant_user_id_e8f62af8_fk_eCommerce_account_id` FOREIGN KEY (`user_id`) REFERENCES `ecommerce_account` (`id`)
) ENGINE=InnoDB DEFAULT CHARSET=utf8mb4 COLLATE=utf8mb4_unicode_ci;
/*!40101 SET character_set_client = @saved_cs_client */;

--
-- Dumping data for table `oauth2_provider_grant`
--

LOCK TABLES `oauth2_provider_grant` WRITE;
/*!40000 ALTER TABLE `oauth2_provider_grant` DISABLE KEYS */;
/*!40000 ALTER TABLE `oauth2_provider_grant` ENABLE KEYS */;
UNLOCK TABLES;

--
-- Table structure for table `oauth2_provider_idtoken`
--

DROP TABLE IF EXISTS `oauth2_provider_idtoken`;
/*!40101 SET @saved_cs_client     = @@character_set_client */;
/*!50503 SET character_set_client = utf8mb4 */;
CREATE TABLE `oauth2_provider_idtoken` (
  `id` bigint NOT NULL AUTO_INCREMENT,
  `jti` char(32) CHARACTER SET utf8mb4 COLLATE utf8mb4_unicode_ci NOT NULL,
  `expires` datetime(6) NOT NULL,
  `scope` longtext CHARACTER SET utf8mb4 COLLATE utf8mb4_unicode_ci NOT NULL,
  `created` datetime(6) NOT NULL,
  `updated` datetime(6) NOT NULL,
  `application_id` bigint DEFAULT NULL,
  `user_id` bigint DEFAULT NULL,
  PRIMARY KEY (`id`),
  UNIQUE KEY `jti` (`jti`),
  KEY `oauth2_provider_idto_application_id_08c5ff4f_fk_oauth2_pr` (`application_id`),
  KEY `oauth2_provider_idtoken_user_id_dd512b59_fk_eCommerce_account_id` (`user_id`),
  CONSTRAINT `oauth2_provider_idto_application_id_08c5ff4f_fk_oauth2_pr` FOREIGN KEY (`application_id`) REFERENCES `oauth2_provider_application` (`id`),
  CONSTRAINT `oauth2_provider_idtoken_user_id_dd512b59_fk_eCommerce_account_id` FOREIGN KEY (`user_id`) REFERENCES `ecommerce_account` (`id`)
) ENGINE=InnoDB DEFAULT CHARSET=utf8mb4 COLLATE=utf8mb4_unicode_ci;
/*!40101 SET character_set_client = @saved_cs_client */;

--
-- Dumping data for table `oauth2_provider_idtoken`
--

LOCK TABLES `oauth2_provider_idtoken` WRITE;
/*!40000 ALTER TABLE `oauth2_provider_idtoken` DISABLE KEYS */;
/*!40000 ALTER TABLE `oauth2_provider_idtoken` ENABLE KEYS */;
UNLOCK TABLES;

--
-- Table structure for table `oauth2_provider_refreshtoken`
--

DROP TABLE IF EXISTS `oauth2_provider_refreshtoken`;
/*!40101 SET @saved_cs_client     = @@character_set_client */;
/*!50503 SET character_set_client = utf8mb4 */;
CREATE TABLE `oauth2_provider_refreshtoken` (
  `id` bigint NOT NULL AUTO_INCREMENT,
  `token` varchar(255) CHARACTER SET utf8mb4 COLLATE utf8mb4_unicode_ci NOT NULL,
  `access_token_id` bigint DEFAULT NULL,
  `application_id` bigint NOT NULL,
  `user_id` bigint NOT NULL,
  `created` datetime(6) NOT NULL,
  `updated` datetime(6) NOT NULL,
  `revoked` datetime(6) DEFAULT NULL,
  PRIMARY KEY (`id`),
  UNIQUE KEY `access_token_id` (`access_token_id`),
  UNIQUE KEY `oauth2_provider_refreshtoken_token_revoked_af8a5134_uniq` (`token`,`revoked`),
  KEY `oauth2_provider_refr_application_id_2d1c311b_fk_oauth2_pr` (`application_id`),
  KEY `oauth2_provider_refr_user_id_da837fce_fk_eCommerce` (`user_id`),
  CONSTRAINT `oauth2_provider_refr_access_token_id_775e84e8_fk_oauth2_pr` FOREIGN KEY (`access_token_id`) REFERENCES `oauth2_provider_accesstoken` (`id`),
  CONSTRAINT `oauth2_provider_refr_application_id_2d1c311b_fk_oauth2_pr` FOREIGN KEY (`application_id`) REFERENCES `oauth2_provider_application` (`id`),
  CONSTRAINT `oauth2_provider_refr_user_id_da837fce_fk_eCommerce` FOREIGN KEY (`user_id`) REFERENCES `ecommerce_account` (`id`)
) ENGINE=InnoDB AUTO_INCREMENT=1542 DEFAULT CHARSET=utf8mb4 COLLATE=utf8mb4_unicode_ci;
/*!40101 SET character_set_client = @saved_cs_client */;

--
-- Dumping data for table `oauth2_provider_refreshtoken`
--

LOCK TABLES `oauth2_provider_refreshtoken` WRITE;
/*!40000 ALTER TABLE `oauth2_provider_refreshtoken` DISABLE KEYS */;
INSERT INTO `oauth2_provider_refreshtoken` VALUES (13,'QwpKPVOxRq9JGEDKHyz7l2aXqButyW',13,3,3,'2023-12-26 10:33:09.591370','2023-12-26 10:33:09.591370',NULL),(14,'fPOrs4NeFK6LZWrjW2CknFgYiMR6h3',14,3,4,'2023-12-26 10:33:44.581532','2023-12-26 10:33:44.581532',NULL),(15,'kPt9CO9vbZocLfEpl4KQ0yvYrKhqSr',15,3,4,'2023-12-26 10:38:46.558683','2023-12-26 10:38:46.558683',NULL),(16,'xpezlZObx8pdGmGTaJnfKpkk2k80C8',16,3,4,'2023-12-26 10:46:14.546639','2023-12-26 10:46:14.546639',NULL),(17,'exUQCH2gBuy5GhlHplVI9oYzM4D6Ji',17,3,4,'2023-12-26 10:51:01.079824','2023-12-26 10:51:01.079824',NULL),(18,'SI9IXTuZiF6S29z06Hl0NlavxURljT',18,3,3,'2023-12-26 10:51:41.740840','2023-12-26 10:51:41.740840',NULL),(19,'MJxprxbI7wlMVH7q3POe2wdKeJZDff',19,3,3,'2023-12-26 10:52:11.475590','2023-12-26 10:52:11.475590',NULL),(20,'mGK605Sclwab5oJw41dTAHu1zCe1ei',20,3,4,'2023-12-26 10:53:55.437939','2023-12-26 10:53:55.437939',NULL),(21,'rHE9WP1DL9gynQmRE0riNtLKTVFVMX',21,3,4,'2023-12-26 10:57:53.011365','2023-12-26 10:57:53.011365',NULL),(22,'nkqFw44ZV0xsStiC36nQQPNAGZnwZM',22,3,4,'2023-12-26 15:42:25.706477','2023-12-26 15:42:25.706477',NULL),(23,'2xoS5DfMdWbVCyudnERzPl4fbmp1Vb',23,3,3,'2023-12-26 15:43:26.628186','2023-12-26 15:43:26.628186',NULL),(24,'0ZBaY5MVEqDtw1uvW7Wb8DYFdSxWSy',24,3,3,'2023-12-26 15:49:40.693018','2023-12-26 15:49:40.693018',NULL),(25,'WX4AsaQG3JleoYeMOyxJPOkA45KVyH',25,3,4,'2023-12-26 16:13:26.770146','2023-12-26 16:13:26.770146',NULL),(26,'iz3k5ZC6qDSwqKO54q7v1HsoBauUzB',26,3,3,'2023-12-26 16:17:12.630355','2023-12-26 16:17:12.630355',NULL),(27,'CfK9FNwCIapy8Pgf6O0eVfUwfNF1vO',27,3,3,'2023-12-26 16:18:11.865786','2023-12-26 16:18:11.865786',NULL),(28,'8TNaj4p9jbEeQYnOp9iSQ2lDl9yPsi',28,3,3,'2023-12-26 16:19:55.063269','2023-12-26 16:19:55.063269',NULL),(29,'cLbMb283EVbjqrt5tZ6dCQxfMGwE6l',29,3,3,'2023-12-26 16:22:15.848997','2023-12-26 16:22:15.848997',NULL),(30,'GymgxM3QdSh147nJlRUiwvFQAbJVo9',30,3,3,'2023-12-26 16:22:44.400270','2023-12-26 16:22:44.400270',NULL),(31,'vWk4LWBazgAIfNChyodTXE9KIAMYAP',31,3,4,'2023-12-26 16:23:06.461988','2023-12-26 16:23:06.461988',NULL),(32,'4BbKZBRV7kSVg152jlUPzlXyCF47fQ',32,3,4,'2023-12-26 16:23:47.938106','2023-12-26 16:23:47.938106',NULL),(33,'wDuR5yyufvtjSWbwMGnOJke0aC8HGR',33,3,3,'2023-12-26 16:24:37.162305','2023-12-26 16:24:37.162305',NULL),(34,'zgOoMxkAkijGUl9L0YTQdnUMy2m2jT',34,3,3,'2023-12-26 16:24:43.215418','2023-12-26 16:24:43.215418',NULL),(35,'cqILYpZlPvSykKkAcJxcoWUHOL2iks',35,3,3,'2023-12-26 16:25:06.406000','2023-12-26 16:25:06.406000',NULL),(36,'1T97PWFmUWnicfsVOoi5fKW89w1NLS',36,3,3,'2023-12-26 16:25:26.433895','2023-12-26 16:25:26.433895',NULL),(37,'QicHJkIrLuafDoOX7ViqIee9mM7tTb',37,3,3,'2023-12-26 16:28:01.372180','2023-12-26 16:28:01.372180',NULL),(38,'KlB1fuHocaTpQSjll3XMLxWjPYlaMD',38,3,5,'2023-12-26 16:29:35.718407','2023-12-26 16:29:35.718407',NULL),(39,'nr8aEM9eVetE2IVFXGf9awSaAqwqlr',39,3,1,'2023-12-26 16:43:59.275154','2023-12-26 16:43:59.275154',NULL),(40,'Jkno7aS9w2WadK1JHmjlzp2Sg4fnn0',40,3,4,'2023-12-26 16:44:57.483048','2023-12-26 16:44:57.483048',NULL),(41,'4KZ1kQ0dGwOLMaI2qRRlTVqAWEKm5h',41,3,4,'2023-12-26 16:47:19.825847','2023-12-26 16:47:19.825847',NULL),(42,'pMDAWCAz2Zo7hBdKh4eRTmbQ2JIENL',42,3,4,'2023-12-26 17:17:38.418833','2023-12-26 17:17:38.418833',NULL),(43,'zvHAbQVLDbZvdCkfw84rARGmv7uyQk',43,3,4,'2023-12-26 17:19:57.903036','2023-12-26 17:19:57.903036',NULL),(44,'cXnQp7xiYt73tNXDZcsF2yGAvWhpqg',44,3,4,'2023-12-26 17:21:41.861133','2023-12-26 17:21:41.861133',NULL),(45,'HxkoQ4sVyiwLYH1zxcDuksh7wUK2kZ',45,3,4,'2023-12-26 17:35:55.690978','2023-12-26 17:35:55.690978',NULL),(46,'qj7wy00vXBRf2jWRDLNQ9DAfAPTOTD',46,3,4,'2023-12-26 17:43:16.581842','2023-12-26 17:43:16.581842',NULL),(47,'qvoRfYgcZaEOAnyz0Dsscjk8nk1BwD',47,3,4,'2023-12-26 17:43:37.676377','2023-12-26 17:43:37.676377',NULL),(48,'i8LlDpHXe05zB6zy4D8akE9nwIgPy1',48,3,4,'2023-12-26 18:11:18.523100','2023-12-26 18:11:18.523100',NULL),(49,'eYoDyuDK6fIKiA0wPhYnXr18eZZ67M',49,3,4,'2023-12-26 18:12:53.569205','2023-12-26 18:12:53.569205',NULL),(50,'MRGOnwTfgL65Jt31HfGuBFlMlVlsJD',50,3,4,'2023-12-26 18:15:37.358381','2023-12-26 18:15:37.358381',NULL),(51,'gRRKI2yfbmm6T8bprIJdU1YLuOxdsL',51,3,4,'2023-12-26 18:17:32.505480','2023-12-26 18:17:32.505480',NULL),(52,'LZb1tBSJvCMfyBahkH4LebaWuOc3oh',52,3,4,'2023-12-26 18:17:57.370343','2023-12-26 18:17:57.370343',NULL),(53,'ZachlAReOs7HNqLf7wwV1dBtrdCILX',53,3,4,'2023-12-26 18:23:54.826206','2023-12-26 18:23:54.826206',NULL),(54,'Wp4AhYvtHAu6Owq9kr4Co0ln4fTFRh',54,3,4,'2023-12-26 18:25:22.077459','2023-12-26 18:25:22.077459',NULL),(55,'T3vXeIEFEUOnpZEXsTfXNO9iXSP4OO',55,3,4,'2023-12-26 18:26:00.737024','2023-12-26 18:26:00.737024',NULL),(56,'9Nsxif5bORysg7P03X51oT8bhZTnUU',56,3,4,'2023-12-26 18:26:40.194157','2023-12-26 18:26:40.194157',NULL),(57,'4oTYkfbTaRu83Ru0bnPOaQ4UUAqd1M',57,3,4,'2023-12-26 18:28:40.201972','2023-12-26 18:28:40.201972',NULL),(58,'4jxXOflf7qt4PhUHpv5CnqWJxTibYO',58,3,4,'2023-12-26 18:39:22.129120','2023-12-26 18:39:22.129120',NULL),(59,'gKEhLnYcOKdQUSWU56zP7lYpOhnqao',59,3,4,'2023-12-26 18:48:47.288063','2023-12-26 18:48:47.288063',NULL),(60,'DxfZOABi99ZSkP3oqz1dKErkbvrocK',60,3,4,'2023-12-26 18:49:24.976946','2023-12-26 18:49:24.976946',NULL),(61,'wJHNN66IwYGGxlDEiCVpIS6ABeCMoC',61,3,4,'2023-12-26 18:49:55.582014','2023-12-26 18:49:55.582014',NULL),(62,'jOKBHszHUif4tPf8BIt9IXUNyy8bsz',62,3,4,'2023-12-26 18:52:58.670137','2023-12-26 18:52:58.670137',NULL),(63,'71rcFaErMfb62mYjTnE8Yw7DSUjHAe',63,3,4,'2023-12-26 19:16:17.631275','2023-12-26 19:16:17.631275',NULL),(64,'iWnMgecHNSyC1jTBFzJpBg7SGOSwVz',64,3,4,'2023-12-26 19:17:47.223944','2023-12-26 19:17:47.223944',NULL),(65,'6Ar46Rw7uYS7ByHjoUnYUfiFWk1CN5',65,3,4,'2023-12-26 19:22:26.172632','2023-12-26 19:22:26.172632',NULL),(66,'WutDvQzxfwZvUGRVYzRmk9LJVkGls1',66,3,4,'2023-12-26 19:25:57.741991','2023-12-26 19:25:57.741991',NULL),(67,'jG9b1ob5PwAX41uiK54bE0quXENtBj',67,3,4,'2023-12-26 19:27:17.973250','2023-12-26 19:27:17.973250',NULL),(68,'oWSG23O50Vh8fIpd9fBLePGrS8vY46',68,3,4,'2023-12-26 19:27:56.528356','2023-12-26 19:27:56.528356',NULL),(69,'rQGjM9AXcM7bolv30uM4sGzkk8GWFG',69,3,4,'2023-12-26 19:31:40.777683','2023-12-26 19:31:40.777683',NULL),(70,'UR2tsuKzDSrwOQ1bAWuKgfMfEqIsLC',70,3,4,'2023-12-26 19:32:51.083957','2023-12-26 19:32:51.083957',NULL),(71,'YbrZlTYQa3z6cOoCvPd9It2UPzdu4x',71,3,4,'2023-12-26 19:45:51.045400','2023-12-26 19:45:51.045400',NULL),(72,'PFMzFQEqQ6jqrM9wMaA0JjhWF4RCNF',72,3,4,'2023-12-26 19:46:45.326389','2023-12-26 19:46:45.326389',NULL),(73,'Q26Q6iJynXZupRyZoIecWsZ5NgXQ0E',73,3,4,'2023-12-26 19:49:52.394301','2023-12-26 19:49:52.394301',NULL),(74,'tOBDmuNSp1H7Bt3OI90oI7tdq79z0a',74,3,4,'2023-12-26 19:57:05.839654','2023-12-26 19:57:05.839654',NULL),(75,'5hMtINPfJbfnIsDDtLTZqdsUUChj8t',75,3,4,'2023-12-27 02:40:36.374877','2023-12-27 02:40:36.374877',NULL),(76,'FHYDNOu3CuOjUpdOXXxAbqGvsm5TgK',76,3,4,'2023-12-27 02:41:02.168183','2023-12-27 02:41:02.168183',NULL),(77,'tLL8kQkop0I4tXg5N4gzO8yGys8RUy',77,3,3,'2023-12-27 02:41:47.212007','2023-12-27 02:41:47.212007',NULL),(78,'ftbrrcW6iQmuPZQBY8wt9buR9p26tJ',78,3,3,'2023-12-27 02:44:22.618613','2023-12-27 02:44:22.618613',NULL),(79,'rKxToXnbwsb2KQT02965Nmx6QKIhWK',79,3,4,'2023-12-27 02:44:44.869890','2023-12-27 02:44:44.869890',NULL),(80,'KVyQXoJFsPTwk58900t08QIeRCDDfA',80,3,4,'2023-12-27 02:45:37.341597','2023-12-27 02:45:37.341597',NULL),(81,'EhtJHxaRSFJHoKjd2FRGJ0LvSQ8MtN',81,3,4,'2023-12-27 02:46:57.301709','2023-12-27 02:46:57.301709',NULL),(82,'VlKMXgQBMDkAhP6ljj9AESBUkzK3Ec',82,3,4,'2023-12-27 02:47:32.307896','2023-12-27 02:47:32.307896',NULL),(83,'N1zKpB7SLU5UZq1ZAJ04Tr1dLwHgGP',83,3,4,'2023-12-27 02:49:04.167583','2023-12-27 02:49:04.167583',NULL),(84,'gl85H8EVZAa4zQrLUKCCqo6wic9GcV',84,3,4,'2023-12-27 02:56:30.568342','2023-12-27 02:56:30.568342',NULL),(85,'sOcQZfE27sL9lrBw0WLyzjiL1snRD1',85,3,4,'2023-12-27 03:01:31.307485','2023-12-27 03:01:31.307485',NULL),(86,'FwvhtdSHvQLTnN9XCihGACqCspYf43',86,3,4,'2023-12-27 03:07:12.631478','2023-12-27 03:07:12.631478',NULL),(87,'yaVlgyt4rZXH8fp7QOoJbtmKYt5Q1b',87,3,4,'2023-12-27 03:22:39.655819','2023-12-27 03:22:39.655819',NULL),(88,'WGRU7iyCbS1QKHrqHt4B1KwQFATjZt',88,3,4,'2023-12-27 03:24:21.026322','2023-12-27 03:24:21.026322',NULL),(89,'wOn9JUnswUhB4QCIUnyRsFHfWpqgiJ',89,3,4,'2023-12-27 03:25:54.370951','2023-12-27 03:25:54.370951',NULL),(90,'CWwoVjCcWp9u5fnPBdlZuVUBZMR0TT',90,3,4,'2023-12-27 03:30:36.803668','2023-12-27 03:30:36.803668',NULL),(91,'miml4mRbyfICJkgfODiiQWNaaO4flS',91,3,4,'2023-12-27 03:35:01.526855','2023-12-27 03:35:01.526855',NULL),(92,'SciWxWGXbe1XsAu2NVVP1amE3DXaFd',92,3,4,'2023-12-27 03:41:53.872027','2023-12-27 03:41:53.872027',NULL),(93,'lGBR64fQWf8PQsnNMaUgbLiGWmhNsJ',93,3,4,'2023-12-27 03:42:51.219608','2023-12-27 03:42:51.219608',NULL),(94,'9op0rdOFPUns8r66UNwS645GTJAIfW',94,3,4,'2023-12-27 03:43:18.480911','2023-12-27 03:43:18.480911',NULL),(95,'0TMbAUtbci9DkB8SIZRsAtctqAahKK',95,3,4,'2023-12-27 04:07:33.574043','2023-12-27 04:07:33.574043',NULL),(96,'N3rqLXE6apvm5it7juyFRlT8mKAkgV',96,3,4,'2023-12-27 04:07:48.993754','2023-12-27 04:07:48.993754',NULL),(97,'RTXryJsHhCFtbkETuctpzwjTFYrJgH',97,3,4,'2023-12-27 04:21:49.581173','2023-12-27 04:21:49.581173',NULL),(98,'2CyIhxvYSPQT9ipzN99gAeGTUwlJnn',98,3,4,'2023-12-27 04:22:08.922325','2023-12-27 04:22:08.922325',NULL),(99,'akSPra9ynqlOUNmPPWXe3su1BuACCZ',99,3,4,'2023-12-27 04:56:53.246993','2023-12-27 04:56:53.246993',NULL),(100,'gnDweZaKdM96CGAt6dlMjO5j2WR3hG',100,3,4,'2023-12-27 04:57:47.490974','2023-12-27 04:57:47.490974',NULL),(101,'bzlCvOCBJdsfEMazrqcOmtyemLbiYu',101,3,4,'2023-12-27 04:59:35.388507','2023-12-27 04:59:35.388507',NULL),(102,'X9FOOQnuefpPRtMYsYqJRCereIU2xW',102,3,3,'2023-12-27 05:00:30.294639','2023-12-27 05:00:30.294639',NULL),(103,'8FU4GpsoclDUCq6En9bRBF0esqgt2q',103,3,4,'2023-12-27 05:00:38.969088','2023-12-27 05:00:38.969088',NULL),(104,'HHRO2dBQdS8vWLRjJNLCPA1wEXyp2I',104,3,4,'2023-12-27 05:01:03.968799','2023-12-27 05:01:03.968799',NULL),(105,'icQJQPGbsmQXa8V4QQL1FLEwB938SV',105,3,4,'2023-12-27 06:33:46.342609','2023-12-27 06:33:46.342609',NULL),(106,'C3K1GIHmq1nq6C6TodI5JSzA5ISiXS',106,3,4,'2023-12-27 06:36:18.831981','2023-12-27 06:36:18.831981',NULL),(107,'y1QYMtxS1lqLJwjx1HbPhq2ZGMDt4W',107,3,3,'2023-12-27 06:38:00.915048','2023-12-27 06:38:00.915048',NULL),(108,'MLh3R0dSfZlpZBH2dnU2CBsKjj0mzB',108,3,4,'2023-12-27 06:39:37.244161','2023-12-27 06:39:37.244161',NULL),(109,'QeLQk8EeFwp3VSaBCwBTdUPh6VaT1z',109,3,4,'2023-12-27 06:44:48.840873','2023-12-27 06:44:48.840873',NULL),(110,'veK3oFzaTsQPgvU9cqGl1765EVrGPr',110,3,4,'2023-12-27 06:46:19.203334','2023-12-27 06:46:19.203334',NULL),(111,'Z5RBicjKLfoxMG4RcEUpYYtfzSUsFS',111,3,4,'2023-12-27 06:46:34.337774','2023-12-27 06:46:34.337774',NULL),(112,'HwANpJ1PYSdeoa8r5tXw47mK255aAE',112,3,4,'2023-12-27 06:48:45.935421','2023-12-27 06:48:45.935421',NULL),(113,'JrlCJ075PIx7GgMSlh8ilwyehk4Myq',113,3,4,'2023-12-27 06:48:59.261940','2023-12-27 06:48:59.261940',NULL),(114,'4kEUPYIHQnI6svgDNmWh9lrMPGA74o',114,3,4,'2023-12-27 06:51:15.433139','2023-12-27 06:51:15.433139',NULL),(115,'47Or3DIQGQKBVZPE69d4yIbUuxfFXa',115,3,4,'2023-12-27 06:51:27.770514','2023-12-27 06:51:27.771538',NULL),(116,'NvOrgSkAXVyGU3k95P2TTOKJwNurqv',116,3,4,'2023-12-27 06:52:32.366936','2023-12-27 06:52:32.366936',NULL),(117,'XojiHfE1U06pTUn4GrbG0yQ0uJSnOl',117,3,4,'2023-12-27 06:55:37.822555','2023-12-27 06:55:37.822555',NULL),(118,'O1SedttQ63bqA1g4yPA98iDGbadUWx',118,3,3,'2023-12-27 06:56:21.462557','2023-12-27 06:56:21.462557',NULL),(119,'ENoyRMvCGuAiLBFLQm5z18xM5pAMi0',119,3,4,'2023-12-27 06:59:52.062456','2023-12-27 06:59:52.062456',NULL),(120,'PGzUFeHKCuxlNpUrBWtQc5SKedcuXj',120,3,4,'2023-12-27 07:18:26.165880','2023-12-27 07:18:26.165880',NULL),(121,'OmemZrfi32bahqJ10ngQIyaeFyUFtq',121,3,3,'2023-12-27 07:20:11.553057','2023-12-27 07:20:11.553057',NULL),(122,'6U6TB8JhC6sgTdQJ2kArWkwSTTxnft',122,3,3,'2023-12-27 07:25:43.587991','2023-12-27 07:25:43.588973',NULL),(123,'ouJa88tDtTVYtx9vT1unGR7XCjbaem',123,3,3,'2023-12-27 07:25:57.174307','2023-12-27 07:25:57.174307',NULL),(124,'Xvd6H6uNmdO1y09Hd0nE7s9g4xBv6C',124,3,3,'2023-12-27 07:26:16.312428','2023-12-27 07:26:16.312428',NULL),(125,'DtyTXvND0BWX7IUQMvuupSKQdbwrkW',125,3,3,'2023-12-27 07:28:38.900996','2023-12-27 07:28:38.900996',NULL),(126,'bPyxC5QnLUk894E6F4wTIEHxRa6Wha',126,3,3,'2023-12-27 07:31:28.094481','2023-12-27 07:31:28.094481',NULL),(127,'EZRCYzdYEBAtuq4sNQLQtKu18YRbN0',127,3,7,'2023-12-27 07:35:38.314075','2023-12-27 07:35:38.314075',NULL),(128,'gzmXcv5LxNAN0M8qcCzAMHvZXcfUju',128,3,3,'2023-12-27 07:38:12.170027','2023-12-27 07:38:12.170027',NULL),(129,'2iTacrw6TjYpaLUIjHO3ySeV3bk49w',129,3,3,'2023-12-27 07:39:10.501551','2023-12-27 07:39:10.501551',NULL),(130,'WY9iaeN65IopQ7UU8OapbSxu82E4w3',130,3,3,'2023-12-27 07:39:35.828625','2023-12-27 07:39:35.828625',NULL),(131,'UQaPFoOIMf2cwkgZsWzXvnZWEiuIZ3',131,3,3,'2023-12-27 07:40:08.315232','2023-12-27 07:40:08.315232',NULL),(132,'ITP5ivFCuHvj3UsqKhkg7jg5ePfzFM',132,3,3,'2023-12-27 07:50:35.306650','2023-12-27 07:50:35.306650',NULL),(133,'uptWeLW387GbnfZOTN4VFDYydFqEWb',133,3,4,'2023-12-27 07:53:24.945275','2023-12-27 07:53:24.945275',NULL),(134,'GKWtmkFFlFbpRNgPOi58ehK7pZZvmX',134,3,4,'2023-12-27 08:55:26.420184','2023-12-27 08:55:26.420184',NULL),(135,'Ajbj5z5ixog4VRHuseJLhn599GKlGg',135,3,4,'2023-12-27 10:00:41.359811','2023-12-27 10:00:41.359811',NULL),(136,'DDDxK9NX8UGlTAlmtuSFAmnkMLPrrY',136,3,4,'2023-12-28 08:37:52.109323','2023-12-28 08:37:52.109323',NULL),(137,'rqSS3ZXLknNpXD3jklJ523rAyR7GP3',137,3,4,'2023-12-28 08:38:15.701143','2023-12-28 08:38:15.701143',NULL),(138,'3REX5a2gA6tsc5lnoh1iBGfymLP8bx',138,3,4,'2023-12-28 09:14:38.033225','2023-12-28 09:14:38.033225',NULL),(139,'vWj7w3fZRrWuDzxNX50NCyQelhxq3D',139,3,4,'2023-12-28 09:15:01.526917','2023-12-28 09:15:01.526917',NULL),(140,'eo6ptG4ZCd316MCn4LL7vTQ5oKRBM5',140,3,4,'2023-12-28 09:15:34.429446','2023-12-28 09:15:34.429446',NULL),(141,'3INR92suxuPtaopsAzEIBe0yYhLrrI',141,3,4,'2023-12-28 09:19:56.390363','2023-12-28 09:19:56.390363',NULL),(142,'G9SHBFm75ydJGviKCHT6MEMFfA60UU',142,3,4,'2023-12-28 09:21:31.180776','2023-12-28 09:21:31.180776',NULL),(143,'xqteqcJqgotGKrG4vmQF5vn4jk0jXf',143,3,4,'2023-12-28 09:25:08.860611','2023-12-28 09:25:08.860611',NULL),(144,'rSuFAx9jOtRjZwq0eWAYidSX3Uw0SI',144,3,4,'2023-12-28 09:27:10.134929','2023-12-28 09:27:10.134929',NULL),(145,'Jr2tVSwgE99J6EUqBCAxMniVPNE8NJ',145,3,4,'2023-12-28 10:43:29.092065','2023-12-28 10:43:29.092065',NULL),(146,'ifqS21mNEgOrl7tTkGUejLV5rjCUvX',146,3,4,'2023-12-28 10:46:42.388774','2023-12-28 10:46:42.388774',NULL),(147,'6QJINqh5VRQbFFXAjKgA7zq1x97iPc',147,3,3,'2023-12-28 10:47:46.741681','2023-12-28 10:47:46.741681',NULL),(148,'WgR5UwDFogcZvIlqnUdLPJd0ahIbl2',148,3,4,'2023-12-29 02:32:11.098650','2023-12-29 02:32:11.098650',NULL),(149,'t4V6c0VsbWBjegi58WJqYgMrk5QxqE',149,3,4,'2023-12-29 02:33:34.444258','2023-12-29 02:33:34.444258',NULL),(150,'fErCurb0uJWf4ubfIJshHEqDzKUCeu',150,3,4,'2023-12-29 02:37:18.648590','2023-12-29 02:37:18.648590',NULL),(151,'4g7DSWNmsX912VLvYOVeH0iT4EVCCd',151,3,3,'2023-12-29 02:39:54.614352','2023-12-29 02:39:54.614352',NULL),(152,'J4pxR7zh38QqXa1qkSKzGaY9drdYO3',152,3,4,'2023-12-29 03:02:09.822942','2023-12-29 03:02:09.822942',NULL),(153,'DhjCkWYNN3KEgtO8KtWOm9lm3WCW7I',153,3,4,'2023-12-29 03:04:44.095922','2023-12-29 03:04:44.095922',NULL),(154,'ss1btpX6jjGikugFe2FVD2cGkkZ7Gu',154,3,4,'2023-12-29 03:07:50.602676','2023-12-29 03:07:50.602676',NULL),(155,'8fj4JzJkO0pIUp2gLmI2L1ZJZd63y9',155,3,4,'2023-12-29 03:10:06.803289','2023-12-29 03:10:06.803289',NULL),(156,'QZpOuh0u9NiyMjsWo0K4sdr6aZUZy3',156,3,4,'2023-12-29 03:16:09.255391','2023-12-29 03:16:09.255391',NULL),(157,'1qC2gd7NllUL2hRUB8LpQEINcQw6Wy',157,3,4,'2023-12-29 03:16:27.717386','2023-12-29 03:16:27.717386',NULL),(158,'IjK7vsZa9LfEMxS8mbUYUbjCWaSaVX',158,3,4,'2023-12-29 03:17:32.986846','2023-12-29 03:17:32.986846',NULL),(159,'kx1e4AYv4pxTm8evfvN8HUjVbGy74R',159,3,1,'2023-12-29 03:18:07.708597','2023-12-29 03:18:07.708597',NULL),(160,'hLYoLyyhr3qR3mF6F9dHbpsa9NEIf2',160,3,4,'2023-12-29 03:51:24.393831','2023-12-29 03:51:24.393831',NULL),(161,'Tz4VHMPv2cjDlHaXGICCPYlxVvZqoK',161,3,4,'2023-12-29 03:53:33.306117','2023-12-29 03:53:33.306117',NULL),(162,'Hpfcu4T5BPPpfOtHjiusrCzFNhz4xu',162,3,4,'2023-12-31 17:07:30.738438','2023-12-31 17:07:30.738438',NULL),(163,'xVDJmPIh948jB7jtVwmga7PaEoep86',163,3,4,'2023-12-31 17:15:58.261245','2023-12-31 17:15:58.261245',NULL),(164,'UP8RsdQUN3m2xCYNlzHpJ46Kxcsyii',164,3,4,'2023-12-31 17:17:16.847430','2023-12-31 17:17:16.847430',NULL),(165,'5p8TKkysOA2W8JDGqZ6UIbWmdA1Bto',165,3,4,'2023-12-31 17:59:39.320019','2023-12-31 17:59:39.320019',NULL),(166,'AFWyX9Z2WJa0n2OI7hMkDGQI7CPxhl',166,3,4,'2023-12-31 18:06:57.994371','2023-12-31 18:06:57.994371',NULL),(167,'iEuqDqpKixGiU4jr5EffLSnkEQgqWj',167,3,4,'2024-01-03 20:01:48.642606','2024-01-03 20:01:48.643609',NULL),(168,'63vk2m5cotlye8eA8XgF7JhnlFGnal',168,3,4,'2024-01-03 20:09:31.328242','2024-01-03 20:09:31.328242',NULL),(169,'07lr1Oy4ZlcTnPXybZbd57yPg1YxVU',169,3,4,'2024-01-03 20:16:42.716234','2024-01-03 20:16:42.716234',NULL),(170,'3mHfwvvfIxzFCiiaoSsIw76mCVuCMG',170,3,4,'2024-01-03 20:18:26.477590','2024-01-03 20:18:26.477590',NULL),(171,'fAcWciJbQaHTfM8NSgLK0fDi7zulCt',171,3,4,'2024-01-03 20:20:04.911810','2024-01-03 20:20:04.911810',NULL),(172,'9KMrWFh3098LbUnFj3OaWipTWk4l0a',172,3,4,'2024-01-04 06:20:29.767954','2024-01-04 06:20:29.767954',NULL),(173,'Fp7RbZ6wMjsCJnNpdwt4xKLE02AxP1',173,3,4,'2024-01-04 19:54:07.869030','2024-01-04 19:54:07.869030',NULL),(174,'97zYTGVEUhvyohRWbjD3ualTDrFKPr',174,3,2,'2024-01-04 19:55:28.530272','2024-01-04 19:55:28.530272',NULL),(175,'0OEouuF56WoiFSAPmtG4SEWPI9dKOW',175,3,2,'2024-01-04 19:57:30.521177','2024-01-04 19:57:30.521177',NULL),(176,'y6AEtYMQSdv69vgyPAbiyq7YVtA3k7',176,3,4,'2024-01-04 20:13:47.695319','2024-01-04 20:13:47.695319',NULL),(177,'b1HOqZkmW0lsIfgUs5qCD48446J4dO',177,3,4,'2024-01-04 20:26:01.760932','2024-01-04 20:26:01.760932',NULL),(178,'HW50NQDXktD1gxm4HSXzV1jpXeqNke',178,3,4,'2024-01-04 20:27:28.958654','2024-01-04 20:27:28.958654',NULL),(179,'5FWeUafH4WWfSR0A0KoPjxMraDU6BU',179,3,4,'2024-01-04 20:31:20.563791','2024-01-04 20:31:20.563791',NULL),(180,'t6wixRZXtM4J2xnFp4kyDEnJql5SSN',180,3,4,'2024-01-04 20:48:38.372296','2024-01-04 20:48:38.372296',NULL),(181,'hl9Ri4LhHV9hPfWf5WXto9oOOBFgXa',181,3,2,'2024-01-04 20:49:25.101737','2024-01-04 20:49:25.101737',NULL),(182,'qam6Vfe0SIfTjXDB01EmKFpjkSEMmx',182,3,4,'2024-01-04 20:50:08.200012','2024-01-04 20:50:08.200012',NULL),(183,'lWcw248DQNpC0B5xv47O1wsuworGmP',183,3,4,'2024-01-04 20:50:51.541244','2024-01-04 20:50:51.541244',NULL),(184,'Yci7wXoCkLYBmOM2KDXZT45znZMBkg',184,3,4,'2024-01-04 20:51:59.307112','2024-01-04 20:51:59.307112',NULL),(185,'80X6tAQgvOVx7rRUpXScVirlfpQQ44',185,3,4,'2024-01-04 21:01:55.663824','2024-01-04 21:01:55.663824',NULL),(186,'zOKN5vq1P295v6hJ4GfC37IZzeHOjK',186,3,4,'2024-01-04 21:04:20.477875','2024-01-04 21:04:20.477875',NULL),(187,'7BGqW1iicR0JMjUirWrCDNqTvCx2yZ',187,3,4,'2024-01-04 21:06:17.262361','2024-01-04 21:06:17.262361',NULL),(188,'6YI9uUhuiLonFvaXIVkKenvMDrBh44',188,3,4,'2024-01-04 21:07:38.147774','2024-01-04 21:07:38.147774',NULL),(189,'yd9oLZL2kIwayRaGsOXMsqy0CcA98S',189,3,4,'2024-01-04 21:10:04.570280','2024-01-04 21:10:04.570280',NULL),(190,'UPFTezxlklY3L8vvDgQwglehtuUXIr',190,3,4,'2024-01-04 21:10:59.103769','2024-01-04 21:10:59.103769',NULL),(191,'dzL2GOWmhMAJ3oe6pDW4tqZLi0rsuQ',191,3,4,'2024-01-04 21:12:19.568798','2024-01-04 21:12:19.568798',NULL),(192,'cxRbqwuf2cN5Gy5RcdIjx75I0dT2zU',192,3,4,'2024-01-04 21:14:58.864604','2024-01-04 21:14:58.864604',NULL),(193,'MTeIK2hqEnPUnJ42kEyT4Ru01HVq3H',193,3,4,'2024-01-04 21:16:10.068093','2024-01-04 21:16:10.068093',NULL),(194,'S9z4PbSUmWbJTMzya7QwrQJc1rXGqm',194,3,4,'2024-01-04 21:18:18.136046','2024-01-04 21:18:18.136046',NULL),(195,'KSYeA2tgnWCxSm9VBSgUvIIWuz6JxF',195,3,4,'2024-01-04 21:18:56.845932','2024-01-04 21:18:56.845932',NULL),(196,'vAA5r08d5n16W6QDnVCJjw7zNzwg0p',196,3,4,'2024-01-04 21:20:22.047989','2024-01-04 21:20:22.047989',NULL),(197,'9aOKz5TJbnmSgcd4JzNcpiPLb3SfEE',197,3,4,'2024-01-04 21:22:19.674836','2024-01-04 21:22:19.674836',NULL),(198,'6WQEc4GyblkoD4c3WWFiWmA82lvnwi',198,3,4,'2024-01-04 21:24:33.854999','2024-01-04 21:24:33.854999',NULL),(199,'iwyFxqXFVJqm91qxMWnoq2UudZUNeF',199,3,4,'2024-01-04 21:24:42.078958','2024-01-04 21:24:42.078958',NULL),(200,'M4Vu1TdJjo6KmfAjFtb4QuNi6BzjfI',200,3,4,'2024-01-04 21:25:27.769268','2024-01-04 21:25:27.769268',NULL),(201,'IWoAryUV0drgP8fThfrmG2QmeqWttn',201,3,4,'2024-01-04 21:26:31.754960','2024-01-04 21:26:31.754960',NULL),(202,'KvE7RzUXGTjJZmkJtaM65N6OrtklQB',202,3,4,'2024-01-04 21:32:57.230566','2024-01-04 21:32:57.230566',NULL),(203,'QwmW9RlLmYecSMYaCdSkOMojbsuySk',203,3,4,'2024-01-04 21:33:33.777710','2024-01-04 21:33:33.777710',NULL),(204,'jN0zlWnMRieKuTdPbxcD1Ss40Oz8uK',204,3,4,'2024-01-06 06:47:16.117834','2024-01-06 06:47:16.117834',NULL),(205,'wZ8dHoHSRGA4hTqluab3VpF2dAnnWv',205,3,4,'2024-01-06 07:15:04.979616','2024-01-06 07:15:04.979616',NULL),(206,'4QsSmGiBe4WRXmnT1SZNZmuJZoNdcB',206,3,4,'2024-01-06 07:17:40.018231','2024-01-06 07:17:40.018231',NULL),(207,'uVYQ0A61AlZzSXZrd6XeN0KEzgC2tu',207,3,4,'2024-01-06 07:26:08.951630','2024-01-06 07:26:08.951630',NULL),(208,'Ob9eZdJxBag91X1hZUMo3dsxSspy6s',208,3,2,'2024-01-06 17:27:27.082914','2024-01-06 17:27:27.082914',NULL),(209,'43KdjWt8594yaDHo4kUcdbdanelUbn',209,3,4,'2024-01-06 17:31:52.444736','2024-01-06 17:31:52.444736',NULL),(210,'lY1XizMFKzSqlwJtQGz6NhW2jdwzKk',210,3,2,'2024-01-06 17:36:34.994432','2024-01-06 17:36:34.994432',NULL),(211,'gZ8Qr98OKlyOfCQyJ671v9P8ZkYE58',211,3,2,'2024-01-06 17:37:41.996431','2024-01-06 17:37:41.996431',NULL),(212,'zjwU0oW2MXBNNCyY8hIsoD7l5rhXjp',212,3,2,'2024-01-06 17:40:33.300758','2024-01-06 17:40:33.300758',NULL),(213,'AegeleEtYSGggDPUVeZ84vByOIdlYq',213,3,2,'2024-01-06 17:41:20.936571','2024-01-06 17:41:20.936571',NULL),(214,'cjT9Ah6FHsjHAbPyZrM1ohd4kqZSLJ',214,3,2,'2024-01-06 17:43:18.195760','2024-01-06 17:43:18.195760',NULL),(215,'LM7cZSlOOzFWdadqPdNMniFW4sAPeW',215,3,2,'2024-01-06 17:44:38.533084','2024-01-06 17:44:38.533084',NULL),(216,'ZDTAyElYsYaVVeGw3KdvgbMMAReZHy',216,3,2,'2024-01-06 17:45:13.869646','2024-01-06 17:45:13.869646',NULL),(217,'MAmPMvM217Vuvab3X1KwEjQABgwKCS',217,3,2,'2024-01-06 17:45:56.910937','2024-01-06 17:45:56.910937',NULL),(218,'8bpu1J2k9JfPOZBbftlxrVfqquAUx5',218,3,2,'2024-01-06 17:46:29.091635','2024-01-06 17:46:29.091635',NULL),(219,'U4eNYJbBgm0b6XS1P5BIwC2QocbTlb',219,3,2,'2024-01-07 01:44:38.093525','2024-01-07 01:44:38.093525',NULL),(220,'R8oaXfwcmW2KfxRcxtWgMJEL5Jw0VJ',220,3,14,'2024-01-07 03:28:39.840795','2024-01-07 03:28:39.840795',NULL),(221,'DzCDx6Jfs3atoeFGNqgaNzmmF8m1ui',221,3,4,'2024-01-07 22:03:06.542517','2024-01-07 22:03:06.544021',NULL),(222,'GiZ4R7bYOzBZQYlAsiAi0OvAprj0FN',222,3,4,'2024-01-08 00:09:00.314817','2024-01-08 00:09:00.314817',NULL),(223,'HKZhd1cz7SbCLyIYr9PYtwD2U74H0b',223,3,4,'2024-01-08 00:21:44.743082','2024-01-08 00:21:44.743082',NULL),(224,'kRyTIg7wPU879e47FL9M3oADcrjFyE',224,3,4,'2024-01-08 03:58:36.194829','2024-01-08 03:58:36.194829',NULL),(225,'PkMJH1b7JqLpQxJyUggVLxZ52XNMzF',225,3,2,'2024-01-08 09:00:49.722839','2024-01-08 09:00:49.722839',NULL),(226,'t3JhO88LysLpah4EGw1hbt9piu99lg',226,3,4,'2024-01-08 09:38:09.454925','2024-01-08 09:38:09.454925',NULL),(227,'ShOBKjUVk4Vd08FZut7vY0Fz2QlSjq',227,3,4,'2024-01-09 03:39:17.210197','2024-01-09 03:39:17.210197',NULL),(228,'tVJooNYepNZHFseoGU5uvFwaaUkYG6',228,3,2,'2024-01-09 03:43:46.487096','2024-01-09 03:43:46.487096',NULL),(229,'q1bj1IXxXngUIMl2HTLCaUNVu6UCx4',229,3,4,'2024-01-09 03:44:29.820857','2024-01-09 03:44:29.820857',NULL),(230,'3uEPBQEo66nB0GYM2WblNjn2zKLiK6',230,3,4,'2024-01-09 03:51:57.007064','2024-01-09 03:51:57.007064',NULL),(231,'QOHpdTD3oHCfrTWbH7uO1qnxUtX095',231,3,4,'2024-01-10 07:16:33.601995','2024-01-10 07:16:33.601995',NULL),(232,'d0St8nk5fTIqigG1TToePdCvjcZ2fH',232,3,4,'2024-01-10 07:21:16.974402','2024-01-10 07:21:16.974402',NULL),(233,'YipqF6lMXdvh6Oawo099ZaMBCdf8Ad',233,3,4,'2024-01-10 07:24:05.828980','2024-01-10 07:24:05.828980',NULL),(234,'uFAJ6xzSfwSqWrmV0zjYGLVzIGdhwp',234,3,4,'2024-01-10 07:37:14.689598','2024-01-10 07:37:14.689598',NULL),(235,'NiQDOqeoXlhRwNjRimxLJipd9ZX2j5',235,3,4,'2024-01-10 08:30:01.592099','2024-01-10 08:30:01.592099',NULL),(236,'p9PAJPshSabbcXlcfsUcdj1t2Qi3Da',236,3,4,'2024-01-10 08:39:37.845747','2024-01-10 08:39:37.845747',NULL),(237,'pStQ3gUdkVDDVU5y1x1WpeLQDNSyU3',237,3,4,'2024-01-10 08:41:13.110245','2024-01-10 08:41:13.110245',NULL),(238,'DVSKd2glATY5M3wTHxkAuBrdrXwn7w',238,3,4,'2024-01-10 08:41:54.170007','2024-01-10 08:41:54.170007',NULL),(239,'iFCgxb2sawGc7ak2VHNPzeJey1paBD',239,3,4,'2024-01-10 08:42:49.074459','2024-01-10 08:42:49.074459',NULL),(240,'a76XG8dMjtYhv5oDIKe7Iw9drkQ5uH',240,3,4,'2024-01-10 08:45:33.802158','2024-01-10 08:45:33.802158',NULL),(241,'5Cza9kyGpLOYq6cSOZTU1kYqQpiF5J',241,3,4,'2024-01-10 08:50:57.496040','2024-01-10 08:50:57.496040',NULL),(242,'ITrdcGYpdxjcBK6k6HFIPXXgcgHuUL',242,3,4,'2024-01-10 08:57:53.243795','2024-01-10 08:57:53.244830',NULL),(243,'KTNvBKkUqRi86q0RkGDJ2KgG6XR2hf',243,3,4,'2024-01-10 08:59:58.246618','2024-01-10 08:59:58.246618',NULL),(244,'9QQS1EDB2Q8eqhbKBqta0fyDDUxiqM',244,3,4,'2024-01-10 09:00:43.453762','2024-01-10 09:00:43.453762',NULL),(245,'m5Z2F6ku4BGbfdCnJfnICmxDYmbWsq',245,3,4,'2024-01-10 09:01:05.590554','2024-01-10 09:01:05.590554',NULL),(246,'ZocWCWGGxuk3F7Ty73nBbOEInswCko',246,3,4,'2024-01-10 09:02:19.137787','2024-01-10 09:02:19.137787',NULL),(247,'Rt4dIHAAr1SV1ph7Z1BqO7fI0JgKDx',247,3,4,'2024-01-10 09:03:03.554450','2024-01-10 09:03:03.554450',NULL),(248,'tgPMe0QKW5FS04tYYgheLrKKouWBg2',248,3,4,'2024-01-10 09:04:02.008519','2024-01-10 09:04:02.008519',NULL),(249,'a5trfbFj3gaEcMZ8xSgqRJpyhuk3mL',249,3,4,'2024-01-10 09:05:30.024698','2024-01-10 09:05:30.024698',NULL),(250,'PfwCrxN63k8Mdr3i8IL7qxM6fVgilM',250,3,4,'2024-01-10 09:08:17.206639','2024-01-10 09:08:17.206639',NULL),(251,'LLpVkmdzweRsy1UKdnzC1EwR91pL2Y',251,3,4,'2024-01-10 09:09:30.695623','2024-01-10 09:09:30.695623',NULL),(252,'Jdha8TOyLKvOx2vCZlAzTtyIZB6WTX',252,3,4,'2024-01-10 09:12:14.045541','2024-01-10 09:12:14.045541',NULL),(253,'jbnZF3wPm9fnbzFXFQNaEBi2yVn4kQ',253,3,4,'2024-01-10 09:12:40.175788','2024-01-10 09:12:40.175788',NULL),(254,'fyAyjTy41VQ21Gqt3vIs1cM2PgxeNr',254,3,4,'2024-01-10 09:13:15.631654','2024-01-10 09:13:15.631654',NULL),(255,'WQU3SPYDt8MlwILt49fY59zFzPRZ0o',255,3,4,'2024-01-10 09:13:53.213559','2024-01-10 09:13:53.214582',NULL),(256,'zedax3orMTXZWNCq0pYHsXHPgmK9Bj',256,3,4,'2024-01-10 09:14:48.661313','2024-01-10 09:14:48.661313',NULL),(257,'Kmcf5Djg9ywOevO2nFEq1EqZyKl4wp',257,3,2,'2024-01-10 09:15:04.711456','2024-01-10 09:15:04.711456',NULL),(258,'g3QZl654ne1tzhpnxtVf0YN72XW8Ap',258,3,4,'2024-01-10 09:20:15.486839','2024-01-10 09:20:15.486839',NULL),(259,'8Xbto1JV6dYeJfLq5WyzbtyiFXTpjH',259,3,4,'2024-01-10 09:21:36.227371','2024-01-10 09:21:36.227371',NULL),(260,'JtSp0ZDnw3xRYkuj6qsszZlBl7Y4vB',260,3,4,'2024-01-10 09:21:52.377798','2024-01-10 09:21:52.377798',NULL),(261,'h1AHJHbff3InueIhsoUTbw9Y3tAn0p',261,3,4,'2024-01-10 09:22:59.029932','2024-01-10 09:22:59.029932',NULL),(262,'v0dKSRBlJktud5IuI7RVVE13lAuA4L',262,3,4,'2024-01-10 09:24:53.624805','2024-01-10 09:24:53.625233',NULL),(263,'Yw3ohYWvKOqqk73ifT8qnMM1oMLcwz',263,3,4,'2024-01-10 09:32:18.479669','2024-01-10 09:32:18.479669',NULL),(264,'g8VMPgTGMQTQQUkTApO7soLPkIDVh4',264,3,4,'2024-01-10 09:32:58.642480','2024-01-10 09:32:58.642480',NULL),(265,'zDGnomDplniVbx54oMssWlOuLoXZHN',265,3,4,'2024-01-10 09:34:06.633686','2024-01-10 09:34:06.634704',NULL),(266,'sWHWHGekPigETXbUA8YlR54sdUiiww',266,3,4,'2024-01-10 09:34:31.715610','2024-01-10 09:34:31.715610',NULL),(267,'v1q2Vvl476NncGD09TsJMOkAKJQswp',267,3,2,'2024-01-10 09:35:00.015768','2024-01-10 09:35:00.015768',NULL),(268,'g7T8r8fyU0HWojSVZ6JwJnHN3rvkBB',268,3,4,'2024-01-10 10:48:26.393556','2024-01-10 10:48:26.393556',NULL),(269,'6dyEUYcM1B8J3fhZ38Rxt3X0Uka0me',269,3,2,'2024-01-10 10:50:19.612683','2024-01-10 10:50:19.612683',NULL),(270,'HXYYskru8QCRonO1lmvkTSBMOLMm24',270,3,2,'2024-01-10 10:51:24.094731','2024-01-10 10:51:24.094731',NULL),(271,'yQACazHQX5NgBt26qgfsCt9oLx1ojO',271,3,4,'2024-01-11 02:31:51.537233','2024-01-11 02:31:51.537233',NULL),(272,'GqmiXmG1APBmOfQLn3zgw8ODmx2IjO',272,3,2,'2024-01-11 02:33:37.357919','2024-01-11 02:33:37.357919',NULL),(273,'CWfERlulrKaFeDV2QAoT7TRUnAGT0Q',273,3,4,'2024-01-11 03:47:11.749136','2024-01-11 03:47:11.749136',NULL),(274,'pSI6aGJ1yCJblKUgqFFJ0gUBVjMGNv',274,3,4,'2024-01-11 03:48:09.470081','2024-01-11 03:48:09.470081',NULL),(275,'qMYSLENTBep2400XXXtdyk57kYt2H9',275,3,4,'2024-01-11 03:48:55.082897','2024-01-11 03:48:55.082897',NULL),(276,'gpDsoljwiUEgCO7MzD5Rbtj3f4EQck',276,3,4,'2024-01-11 03:49:13.196404','2024-01-11 03:49:13.196404',NULL),(277,'EK1FNpq6elqI8FSPRI0AGQLOTO06BR',277,3,4,'2024-01-11 04:45:15.178009','2024-01-11 04:45:15.178009',NULL),(278,'qiPFeABkdFpQ02qnnbuyNiLFeBKLGP',278,3,2,'2024-01-11 06:47:05.296953','2024-01-11 06:47:05.296953',NULL),(279,'yUY5IJDlMtcKbpLt7cqnMdBeDcHGQU',279,3,4,'2024-01-12 04:07:12.393425','2024-01-12 04:07:12.393425',NULL),(280,'jUlRQrDnxe3D6MlyqLWUnlTDVXZlwx',280,3,4,'2024-01-12 04:18:47.877486','2024-01-12 04:18:47.877486',NULL),(281,'zXyJBRXksU0UIA83jJ75gbluwJVUAz',281,3,2,'2024-01-12 04:23:57.571311','2024-01-12 04:23:57.571311',NULL),(282,'YqQXhfeF1QKnGzoCcfiLgmlieDBAnV',282,3,4,'2024-01-12 04:26:00.878840','2024-01-12 04:26:00.878840',NULL),(283,'jsqCJQTglj7lKNnJZJf8xtyGS5Oyg5',283,3,4,'2024-01-12 04:26:45.378410','2024-01-12 04:26:45.378410',NULL),(284,'btsfCjJ6DELN7Vo3hsiOFx0AjdOXC8',284,3,4,'2024-01-12 04:27:43.102044','2024-01-12 04:27:43.102044',NULL),(285,'EgjTgBm3vO59Q4sgMEu5swvWxYeHBU',285,3,4,'2024-01-12 04:28:24.538852','2024-01-12 04:28:24.538852',NULL),(286,'n18GTdEprkz7AZsYwnY14AFJlBkghf',286,3,4,'2024-01-12 04:30:44.372223','2024-01-12 04:30:44.372223',NULL),(287,'etfnEYNfYcXEPWjWA8I8KxhXzssyF3',287,3,4,'2024-01-12 04:32:07.848728','2024-01-12 04:32:07.848728',NULL),(288,'NrL6CiJyoFu07qV2rDKPMpopSZw4g9',288,3,4,'2024-01-12 04:34:59.753345','2024-01-12 04:34:59.753345',NULL),(289,'voPXgfVzqSW0afoOKHKf8xWaVKv4P1',289,3,4,'2024-01-12 04:35:25.898663','2024-01-12 04:35:25.898663',NULL),(290,'jVE57kgYwfeRTBc9o8XzzmEJRSkVdt',290,3,4,'2024-01-12 04:36:50.592394','2024-01-12 04:36:50.592394',NULL),(291,'531MMRcAdtmm4zFmrt72xbgbu8en62',291,3,4,'2024-01-12 04:38:21.103122','2024-01-12 04:38:21.103122',NULL),(292,'w1GERFdzfopYJfPKfWMo0ZyUPyN9tZ',292,3,4,'2024-01-12 04:43:11.512459','2024-01-12 04:43:11.512459',NULL),(293,'QTDxcUSQlQV9marZZbn1uqcMYmvb7r',293,3,4,'2024-01-12 04:43:51.907473','2024-01-12 04:43:51.907473',NULL),(294,'kRY2qvNJElHsZqFTRZPHfOSNgbcafQ',294,3,4,'2024-01-12 04:46:00.181313','2024-01-12 04:46:00.181313',NULL),(295,'Oazj2XSri8rfYlNKp2UXUohuJ3lRXC',295,3,4,'2024-01-12 04:46:51.812855','2024-01-12 04:46:51.812855',NULL),(296,'Z4SZ5OPRrBoz8kmAO6H9adx6KRsSX0',296,3,4,'2024-01-12 04:47:56.445137','2024-01-12 04:47:56.445137',NULL),(297,'QbElDQ7NYl5McFt87ToFRWwrjOt1fh',297,3,4,'2024-01-12 04:48:22.323340','2024-01-12 04:48:22.323340',NULL),(298,'AWLu3rtSl6oN1KEoo7MfmnEdYPQ0rE',298,3,4,'2024-01-12 04:49:09.668353','2024-01-12 04:49:09.668353',NULL),(299,'KURsRk8HNOuy9iYYuvuFJpc79WX2vo',299,3,4,'2024-01-12 04:50:23.393555','2024-01-12 04:50:23.393555',NULL),(300,'MQGiAHD8uhRi1dlHBA85WyS3NbTdLq',300,3,4,'2024-01-12 04:51:52.713435','2024-01-12 04:51:52.713435',NULL),(301,'09SdxTjimdauJ2VVs5sbA7uzAPCoLS',301,3,4,'2024-01-12 04:52:38.342509','2024-01-12 04:52:38.342509',NULL),(302,'wv09vc5QBJPqW4t4AlQ4XWVQidwtUr',302,3,4,'2024-01-12 04:53:25.256591','2024-01-12 04:53:25.256591',NULL),(303,'qEu8cO7q7yXR4xMWUW3B2IQ5vASDmB',303,3,4,'2024-01-12 04:54:18.874516','2024-01-12 04:54:18.874516',NULL),(304,'VkwEaKt4mgzFqDsq4DsXO5pj1ZkcDQ',304,3,4,'2024-01-12 04:54:46.067523','2024-01-12 04:54:46.067523',NULL),(305,'A6nYFpeLW0ht6qoamGoFjQ1ak6Eg9S',305,3,4,'2024-01-12 04:55:23.447578','2024-01-12 04:55:23.447578',NULL),(306,'VCHxphbxS9X1n0q5iu6OTfqqHWfOYn',306,3,4,'2024-01-12 06:46:34.306263','2024-01-12 06:46:34.306263',NULL),(307,'judBxAqcQVRh9bQ24LE8ORvyn4zK72',307,3,4,'2024-01-12 06:47:15.395711','2024-01-12 06:47:15.395711',NULL),(308,'cAQza3lROxEphrPDUdJ0y7YvLc6GKr',308,3,4,'2024-01-12 06:48:03.850163','2024-01-12 06:48:03.850163',NULL),(309,'WCrMPntQQ7TKmBWwFfn7fGOvKfpWFo',309,3,4,'2024-01-12 06:48:43.579827','2024-01-12 06:48:43.579827',NULL),(310,'o0c6EsYS1zmYwjvbnhs8KHItamsg9V',310,3,4,'2024-01-12 06:49:27.771610','2024-01-12 06:49:27.771610',NULL),(311,'IVuqNVcPRkENktjWKuW6C5iaQFoO5V',311,3,4,'2024-01-12 06:50:30.338471','2024-01-12 06:50:30.338471',NULL),(312,'ADUY4ivHOh9xYUvDszRzLaEqzyMLZE',312,3,4,'2024-01-12 06:50:53.604523','2024-01-12 06:50:53.604523',NULL),(313,'4rR52ZZwZ4jUKVztwMgV1P0gStKy3Y',313,3,4,'2024-01-12 06:51:45.210205','2024-01-12 06:51:45.210205',NULL),(314,'z2bGsLgVtOdOzmENVItiHIHDZLj1Zn',314,3,4,'2024-01-12 06:54:08.872039','2024-01-12 06:54:08.872039',NULL),(315,'iOc2I9xIWiOT3J9WnXCrjG4uVrCVvP',315,3,4,'2024-01-12 06:54:28.585955','2024-01-12 06:54:28.585955',NULL),(316,'eL1zDMxAsiEtwFpoxLBo2CpaPLH2Ou',316,3,4,'2024-01-12 06:55:10.831443','2024-01-12 06:55:10.831443',NULL),(317,'5faGnY1zqmd8PEAZqQekbk6FwQ0vFX',317,3,4,'2024-01-12 06:56:25.245325','2024-01-12 06:56:25.245325',NULL),(318,'YzUTgEvv5bRVM2H4XCAQNzvh8HI6ny',318,3,4,'2024-01-12 06:57:13.568586','2024-01-12 06:57:13.568586',NULL),(319,'ZVCIGGQEbi4lwPJNrx8YwH1VUiojY3',319,3,4,'2024-01-12 06:58:42.132544','2024-01-12 06:58:42.132544',NULL),(320,'i6Bncoad971JskdlxWF2tM72q5FCry',320,3,4,'2024-01-12 07:00:31.941291','2024-01-12 07:00:31.941291',NULL),(321,'87yZICIJ8fJ3noyGyDVSvUvUnn1mnn',321,3,4,'2024-01-12 07:07:07.921156','2024-01-12 07:07:07.921156',NULL),(322,'VTzOSbdWHGf7rzIcrFy9OlPhrTrvHv',322,3,4,'2024-01-12 07:11:10.976499','2024-01-12 07:11:10.976499',NULL),(323,'mTSJoEv9HNTtzbL0M8LhOXCQ9iFwMT',323,3,4,'2024-01-12 07:12:11.180083','2024-01-12 07:12:11.181145',NULL),(324,'0nCVRs9nctGMWixQsU2xpg5IlA3Vj6',324,3,4,'2024-01-12 07:13:47.354189','2024-01-12 07:13:47.354189',NULL),(325,'6Jwy8dySsqloVXI2mCjhOBxJgbskKA',325,3,4,'2024-01-12 07:16:02.491928','2024-01-12 07:16:02.491928',NULL),(326,'JekZiOmn76zmJL7DEqYQNl1FmG95tH',326,3,4,'2024-01-12 07:17:40.519077','2024-01-12 07:17:40.519077',NULL),(327,'yg0aeWQ9lgiYVfhNnTkanDGpAPSOWR',327,3,4,'2024-01-12 07:19:09.756121','2024-01-12 07:19:09.756121',NULL),(328,'Crv9ZixyMMDYCPApbAR4qiHI0vZc9e',328,3,4,'2024-01-12 07:20:36.476174','2024-01-12 07:20:36.476174',NULL),(329,'kvLMe6LH5gI3E9XH1aAa1TBmuw1mEB',329,3,4,'2024-01-12 07:25:16.166392','2024-01-12 07:25:16.166392',NULL),(330,'7barHnRI7mygPEEh4GGRqRVgrFJe1s',330,3,4,'2024-01-12 07:27:02.268087','2024-01-12 07:27:02.268087',NULL),(331,'Jp2a1uyhzwEZyq1tAUrugj0FJziab0',331,3,4,'2024-01-12 07:29:35.398326','2024-01-12 07:29:35.398326',NULL),(332,'O8ddkLVL9DIIT7q3qtncfLXemg1wku',332,3,4,'2024-01-12 07:30:07.839533','2024-01-12 07:30:07.839533',NULL),(333,'UhXovaXvLDn1stdFleFgLRYSHvyfPi',333,3,4,'2024-01-12 07:30:54.296367','2024-01-12 07:30:54.296367',NULL),(334,'hpkpRC4Ix9VOFxpF0kAZee527E7AiM',334,3,4,'2024-01-12 07:39:23.064504','2024-01-12 07:39:23.064504',NULL),(335,'8LuY5tGuippz0EEOljyugYd9wFTEEO',335,3,4,'2024-01-12 07:40:08.235426','2024-01-12 07:40:08.235426',NULL),(336,'7IF32wfQtKaN95auglKlYw5TySpPFj',336,3,4,'2024-01-12 07:41:05.398503','2024-01-12 07:41:05.398503',NULL),(337,'0bp1CvAUpDQmfwmXJI61l9PuVS77Zi',337,3,4,'2024-01-12 07:42:22.494555','2024-01-12 07:42:22.494555',NULL),(338,'rZtIPnpa3uyDupnfoMqiSZ9uUpup0Z',338,3,4,'2024-01-12 07:43:48.306488','2024-01-12 07:43:48.306488',NULL),(339,'xuNjX4KVD6dI656WNLUUFPzQg9RJUo',339,3,4,'2024-01-12 07:44:59.437704','2024-01-12 07:44:59.437704',NULL),(340,'qRbOESUISWJZUwQBpg7dy0MzLTHWwI',340,3,4,'2024-01-12 07:45:43.658435','2024-01-12 07:45:43.658435',NULL),(341,'hq4IvPfnILCp7R5j2gknishJrCzCgh',341,3,4,'2024-01-12 07:47:34.177927','2024-01-12 07:47:34.177927',NULL),(342,'XoOpc5r4Uau7DbsFajxUbCc7HDMqnl',342,3,4,'2024-01-12 07:48:47.461626','2024-01-12 07:48:47.461626',NULL),(343,'GtghiLHu09VcYy58GV1tBfvfaGyB2Y',343,3,4,'2024-01-12 07:50:15.233643','2024-01-12 07:50:15.233643',NULL),(344,'Jn51uIdeydazX9DVDfJbEMNS8tOgTo',344,3,4,'2024-01-12 07:51:22.098231','2024-01-12 07:51:22.098231',NULL),(345,'G3lVrQXvezn8PTL55DpbeWkiM85asC',345,3,4,'2024-01-12 07:52:07.660560','2024-01-12 07:52:07.660560',NULL),(346,'WajCy9hnLnavtYoliOJjiCUmm5keRg',346,3,4,'2024-01-12 07:53:17.966105','2024-01-12 07:53:17.966105',NULL),(347,'6hwhZU2GIuwtCjRKnAfXruTIP2o3PR',347,3,4,'2024-01-12 07:55:02.563360','2024-01-12 07:55:02.563360',NULL),(348,'tOKL15bgVy1KXSEm313MEOYG2sZ5zE',348,3,4,'2024-01-12 07:57:36.210229','2024-01-12 07:57:36.210229',NULL),(349,'a5mBSBxZBRQIuc21KeLdumYwdrOrsh',349,3,4,'2024-01-12 07:58:06.708002','2024-01-12 07:58:06.708002',NULL),(350,'jWRiN5ete3RCVjRBZgXgXzjRbH1JN7',350,3,4,'2024-01-12 07:59:08.850487','2024-01-12 07:59:08.850487',NULL),(351,'yIt9yC0sdGIbCQfHL3aGfjodsA61Mq',351,3,4,'2024-01-12 07:59:57.177857','2024-01-12 07:59:57.177857',NULL),(352,'FFsoc24UTzLilqzE2rjSkXNcTR8qwx',352,3,4,'2024-01-12 08:00:44.148595','2024-01-12 08:00:44.148595',NULL),(353,'767ohSztcjNgncRueRKecSKoFW6tc7',353,3,4,'2024-01-12 08:01:23.720668','2024-01-12 08:01:23.720668',NULL),(354,'SCViABVBRGbGmgCpMEfTI9OOzMC8MO',354,3,4,'2024-01-12 08:01:58.796459','2024-01-12 08:01:58.796459',NULL),(355,'SLCjYl60Vn0gaUzgbUAtjfqWYclutD',355,3,4,'2024-01-12 08:02:49.098295','2024-01-12 08:02:49.098295',NULL),(356,'m5ODqcrA1LPCIhHtOYhvyWKe2EcjDc',356,3,4,'2024-01-12 08:04:59.383380','2024-01-12 08:04:59.383380',NULL),(357,'WpUEvum2cevOElO6MkVOTft606GMKf',357,3,4,'2024-01-12 16:03:52.241811','2024-01-12 16:03:52.241811',NULL),(358,'y3lj6qOuRujaN2dbGkALYPy80IzGGb',358,3,4,'2024-01-12 16:07:17.629729','2024-01-12 16:07:17.629729',NULL),(359,'4f1cgd8VGnkvkRdPpxXmMBwD3UpRxz',359,3,4,'2024-01-12 17:59:56.080317','2024-01-12 17:59:56.080317',NULL),(360,'loPLobXvb4NlCKuvPyFIzXCyB8bsFh',360,3,1,'2024-01-12 18:45:41.191536','2024-01-12 18:45:41.191536',NULL),(361,'2uldZxm3n4QLqhzH7ZwWG61ttZco5i',361,3,1,'2024-01-12 19:16:40.093122','2024-01-12 19:16:40.093122',NULL),(362,'kBrPsiOX7nJIVkQjuGTYbyvy5zRYEg',362,3,1,'2024-01-13 08:06:38.186102','2024-01-13 08:06:38.186102',NULL),(363,'DJB2aw416u3x5w4Ey2i7gJ2c4uURM1',363,3,47,'2024-01-13 09:44:42.679665','2024-01-13 09:44:42.679665',NULL),(364,'9W4U1onwUI7brMgnx41fcdt2PlUfJ5',364,3,4,'2024-01-13 09:51:31.515091','2024-01-13 09:51:31.515091',NULL),(365,'2CjMGTCj3jsMObxboLzFQjE0Ab9RmZ',365,3,48,'2024-01-13 10:01:41.449882','2024-01-13 10:01:41.449882',NULL),(366,'DY2XwRdUXBgfgpiR6ZUUcRfXIZVUqG',366,3,48,'2024-01-13 10:12:18.653929','2024-01-13 10:12:18.653929',NULL),(367,'3vp7z9mHqCNTWzFITnXnkdvBOOw78F',367,3,4,'2024-01-13 10:30:08.690084','2024-01-13 10:30:08.690084',NULL),(368,'JuIhSOUui47UNWdRqZLSNErBsL7FJc',368,3,48,'2024-01-13 10:30:18.856798','2024-01-13 10:30:18.856798',NULL),(369,'hjyIxYjBZeCFIMUgt6GNIbwZGJqJzR',369,3,48,'2024-01-13 10:30:50.937855','2024-01-13 10:30:50.937855',NULL),(370,'VmAKTFLX7yL2Wgcamqsc87KqpApVrV',370,3,48,'2024-01-13 10:34:03.831394','2024-01-13 10:34:03.831394',NULL),(371,'kNOolslbzWopoelLaspL8EMl9Cn7lP',371,3,48,'2024-01-13 10:43:02.858179','2024-01-13 10:43:02.858179',NULL),(372,'Rnji6A5TxKHAnuNTdt3Un0e6oeds80',372,3,48,'2024-01-13 10:44:49.081239','2024-01-13 10:44:49.081239',NULL),(373,'q1VgkkhRAytG1uq32eGddbU1haj3nW',373,3,48,'2024-01-13 10:46:47.195912','2024-01-13 10:46:47.195912',NULL),(374,'ILrZis0AXGcfOpaEbk9GPZLrBATYzi',374,3,48,'2024-01-13 11:21:42.507667','2024-01-13 11:21:42.507667',NULL),(375,'qERDdeGGxCrCdtVkqiYUE5YrVamWUq',375,3,48,'2024-01-13 12:06:56.580222','2024-01-13 12:06:56.580222',NULL),(376,'7loeIsg6ZKqXjkPdBKYbNGdnWwGeSg',376,3,48,'2024-01-13 12:08:59.414291','2024-01-13 12:08:59.414291',NULL),(377,'LTxi3hnX6kXV2pQJZAg03IaI5oezhC',377,3,48,'2024-01-13 12:11:08.439630','2024-01-13 12:11:08.439630',NULL),(378,'5t08wOVM617RBXCGMUNrig3vXe0uHs',378,3,48,'2024-01-13 12:14:07.103583','2024-01-13 12:14:07.103583',NULL),(379,'6nSIw9CiwNLdlYREGYsbkxVO7PEZ3R',379,3,48,'2024-01-13 12:15:33.301703','2024-01-13 12:15:33.301703',NULL),(380,'S3rgLhrwtlwuC3euooMH3TreHlO9BA',380,3,48,'2024-01-13 12:17:28.693438','2024-01-13 12:17:28.693438',NULL),(381,'yeGNb64b6lEkHGg9t3D2cHPoXeV8aE',381,3,48,'2024-01-13 12:22:16.111013','2024-01-13 12:22:16.111013',NULL),(382,'iEFKxdb0SFgFaomh1NjHPlCXwTOSyq',382,3,48,'2024-01-13 12:24:57.364618','2024-01-13 12:24:57.364618',NULL),(383,'etU7unH2Y8XkHNrMYyDihx5jKsZZkG',383,3,48,'2024-01-13 12:27:05.315670','2024-01-13 12:27:05.315670',NULL),(384,'7djMP0cUNtmkMTAwmXPWx40tMHd1GK',384,3,48,'2024-01-13 12:38:35.599688','2024-01-13 12:38:35.599688',NULL),(385,'JLoioFQ5wUQUls0avdOTj3ad0mX7Yk',385,3,4,'2024-01-13 12:40:13.737922','2024-01-13 12:40:13.737922',NULL),(386,'pZ7F8nsvLpN4Cc8iUf3PL3ozLMkGQB',386,3,48,'2024-01-13 12:40:23.287605','2024-01-13 12:40:23.287605',NULL),(387,'HVkAdXTspgcjgNCOtkG3PB7YYL1OgX',387,3,48,'2024-01-13 12:49:07.603424','2024-01-13 12:49:07.603424',NULL),(388,'mGvxVKffbdWZf1nyPnNqp0QjzveDkG',388,3,48,'2024-01-13 12:50:45.637583','2024-01-13 12:50:45.637583',NULL),(389,'ncAaCbk1aeY7tmDdzncKYmxCtFK2ir',389,3,48,'2024-01-13 12:52:10.464474','2024-01-13 12:52:10.464474',NULL),(390,'V0KFLGK5wyetBVexC1dPJ5zyxeaGNP',390,3,48,'2024-01-13 12:53:56.417096','2024-01-13 12:53:56.417096',NULL),(391,'aJhPAS6Ff7qrnd5A3Thvk3wNoxVq6e',391,3,48,'2024-01-13 12:54:12.581337','2024-01-13 12:54:12.581337',NULL),(392,'4cJlC0RET4o07hbRQJ8NAbljBgBBIU',392,3,48,'2024-01-13 12:55:50.544758','2024-01-13 12:55:50.544758',NULL),(393,'gg9NPbDEDzd7v2YQb78S4A4Cj2W3Aq',393,3,48,'2024-01-13 12:56:27.353723','2024-01-13 12:56:27.353723',NULL),(394,'KgM93JSfkG0NrREYkny1YZMh1nlFxp',394,3,48,'2024-01-13 12:57:29.136647','2024-01-13 12:57:29.136647',NULL),(395,'uanBNZlG4Ot6vxoT3xmf5bw6aT2azx',395,3,48,'2024-01-13 12:58:22.155380','2024-01-13 12:58:22.155380',NULL),(396,'KvMxKOKJmhNUE7tDpR7RgI6qoeEAaD',396,3,48,'2024-01-13 12:59:16.587754','2024-01-13 12:59:16.587754',NULL),(397,'ueKSzTzXJx4cJBGdqKTGcp5KXQFGUd',397,3,48,'2024-01-13 12:59:44.912147','2024-01-13 12:59:44.912147',NULL),(398,'HipaSBytA2JhA2FLowpHthhfCKGOue',398,3,1,'2024-01-13 15:43:22.167159','2024-01-13 15:43:22.167159',NULL),(399,'EQOMUTjGldgUYMnvkJdXkJeDbMrNwH',399,3,1,'2024-01-13 15:45:42.693341','2024-01-13 15:45:42.693341',NULL),(400,'GCzULTTJHkay0DP0F2SN7dCmK50zDc',400,3,48,'2024-01-13 15:51:57.408803','2024-01-13 15:51:57.408803',NULL),(401,'X6hO22EthzYVy4pkOM7JMOA4U3DfZc',401,3,48,'2024-01-13 17:10:42.350970','2024-01-13 17:10:42.350970',NULL),(402,'FUa73LDjzR0r2GQ3tNbHn5Xty6B7lF',402,3,4,'2024-01-13 17:12:11.959421','2024-01-13 17:12:11.959421',NULL),(403,'jgtnebEGFLa8RrfHdVKtR4Tnt5s9Z7',403,3,4,'2024-01-13 17:12:59.542748','2024-01-13 17:12:59.542748',NULL),(404,'17xzFtu8Gprjyidnrx8safijt1Xo3W',404,3,4,'2024-01-13 17:14:02.079465','2024-01-13 17:14:02.079465',NULL),(405,'pALj4S1U3pVxvkQ8LAem5fxYOEqZeP',405,3,48,'2024-01-13 17:17:18.815416','2024-01-13 17:17:18.815416',NULL),(406,'uE6J75f2XuqKYi4EocXgqzIkRAIGGu',406,3,48,'2024-01-13 17:21:06.756600','2024-01-13 17:21:06.756600',NULL),(407,'2eyG82pKLzrvpFdxEEMSSTWEiMQnVg',407,3,48,'2024-01-13 17:21:44.602948','2024-01-13 17:21:44.602948',NULL),(408,'q3zsBg9tIAJnw1niKMWDLntyRQVCvB',408,3,48,'2024-01-13 17:24:13.356924','2024-01-13 17:24:13.356924',NULL),(409,'wy47rpTloVaTn1qsPIpUIDFuCuqRcl',409,3,48,'2024-01-13 17:25:57.951759','2024-01-13 17:25:57.951759',NULL),(410,'6xrBWoQcWHaFaCs4gtYWuqQmYYWxsb',410,3,48,'2024-01-13 17:32:46.161700','2024-01-13 17:32:46.161700',NULL),(411,'CtNBta25NeNAYEP1KOv7XMsKpbUicF',411,3,48,'2024-01-13 17:34:37.095224','2024-01-13 17:34:37.095224',NULL),(412,'ugd4t5UkKVKAIPDtpzvQetUQAZ9BkH',412,3,48,'2024-01-13 17:35:42.958127','2024-01-13 17:35:42.958127',NULL),(413,'lxNrZnhEPk2lr8iKawCpBR5NruSQXv',413,3,4,'2024-01-13 17:37:04.893744','2024-01-13 17:37:04.893744',NULL),(414,'EBrFEZmACPfBEn0yTyg58RaGPDlbnM',414,3,4,'2024-01-13 17:37:53.496735','2024-01-13 17:37:53.496735',NULL),(415,'pe0uNW09au1wFIOh7tw7P06jIpHtOm',415,3,4,'2024-01-13 17:38:27.762004','2024-01-13 17:38:27.762004',NULL),(416,'dIoYk8ZofzUK21x2gFm0t59fl4kJyp',416,3,4,'2024-01-13 17:40:55.488830','2024-01-13 17:40:55.488830',NULL),(417,'F4UCraiQ0fjv1RYuegwSgh813iPH1c',417,3,48,'2024-01-13 17:42:48.156194','2024-01-13 17:42:48.156194',NULL),(418,'wrnScJeutVPqQlhXx1L0S3OfbAij5a',418,3,4,'2024-01-13 17:43:05.964676','2024-01-13 17:43:05.964676',NULL),(419,'7vkuXVoqVdAE7lXkFx9HIMvkgPAIEN',419,3,4,'2024-01-13 17:45:01.276710','2024-01-13 17:45:01.276710',NULL),(420,'Sg1Cht8r1ixWjCxbxMujsFjuvTqfxs',420,3,4,'2024-01-13 17:48:09.479988','2024-01-13 17:48:09.479988',NULL),(421,'KTKaQb9iuQjTUcTm4Q31FMIUUWIkY3',421,3,4,'2024-01-13 17:48:40.029154','2024-01-13 17:48:40.029154',NULL),(422,'1cAi7r1MvX7CM5VsCSfadUDGx10VwU',422,3,4,'2024-01-13 17:48:40.923570','2024-01-13 17:48:40.923570',NULL),(423,'Cwya8xsQPJodBETnUpoAkrOC4iVA0C',423,3,48,'2024-01-13 17:50:43.894765','2024-01-13 17:50:43.894765',NULL),(424,'PQ7mwou0b8gmcsY79MLjtjJ6VxdaSj',424,3,48,'2024-01-13 17:52:30.149240','2024-01-13 17:52:30.149240',NULL),(425,'IaLqgvGOlfQzSWI7iDhBFiFeYfJO8z',425,3,48,'2024-01-13 17:54:40.271757','2024-01-13 17:54:40.271757',NULL),(426,'XpS8JCa1BlvqJGzHb8ZCTJ412uHE9R',426,3,48,'2024-01-13 17:56:27.504989','2024-01-13 17:56:27.504989',NULL),(427,'nj6kJnu6zzCnnasRdOpT3XtI0PcMPv',427,3,48,'2024-01-13 18:01:24.929131','2024-01-13 18:01:24.929131',NULL),(428,'ETi3kHQYPLwh5F0wjjHMdaSUf5uNXw',428,3,48,'2024-01-13 18:05:06.344661','2024-01-13 18:05:06.344661',NULL),(429,'YrwT3BdhwO1JObhnMMtJ1vihaLEwpd',429,3,48,'2024-01-13 18:14:14.509338','2024-01-13 18:14:14.509338',NULL),(430,'b4VbgmPlCdh806sL9jJXbBJR0qL7tI',430,3,48,'2024-01-13 18:15:21.045158','2024-01-13 18:15:21.045158',NULL),(431,'iHU2d6Z2nQ9sQITo0VZ4gRU0G2bZW2',431,3,48,'2024-01-13 18:16:10.893921','2024-01-13 18:16:10.893921',NULL),(432,'nDDWYJ8bNTw6EVX4KXAWaCBneGo01k',432,3,48,'2024-01-14 09:32:49.044228','2024-01-14 09:32:49.044228',NULL),(433,'MAzOfr09EVZiENHV4Y3iv9cwnRJsox',433,3,48,'2024-01-14 09:41:38.617026','2024-01-14 09:41:38.617026',NULL),(434,'zMcDoxzGMAC9F3TPTk5cF7SiLerpM7',434,3,48,'2024-01-14 09:48:30.039126','2024-01-14 09:48:30.039126',NULL),(435,'zAh5bXtE41HSYMofVGVYV0PTa3mL7W',435,3,48,'2024-01-14 09:51:44.183630','2024-01-14 09:51:44.183630',NULL),(436,'F7bRSP6f7T0RPUOHK2XHM5h1Gqu4OX',436,3,48,'2024-01-14 09:59:18.691289','2024-01-14 09:59:18.691289',NULL),(437,'BazmYnc1PrIksTiRHNWoXAb4Ss8N4P',437,3,48,'2024-01-14 10:03:28.637422','2024-01-14 10:03:28.637422',NULL),(438,'hhky8gpj0VCbuukUwzZLoWDtBDG2bT',438,3,48,'2024-01-14 10:05:25.438358','2024-01-14 10:05:25.439336',NULL),(439,'uOKWPGSeOMh6aQGYTC7jcikHsFyc9v',439,3,48,'2024-01-14 10:06:59.328062','2024-01-14 10:06:59.328062',NULL),(440,'Y7HDNyvLUgN7xrPf1xJhEFAQ2VdXEJ',440,3,48,'2024-01-14 10:14:10.802888','2024-01-14 10:14:10.802888',NULL),(441,'7iRyKvTtNdYfrMYqVbdP6D5Y7EgWRy',441,3,48,'2024-01-14 10:18:27.190995','2024-01-14 10:18:27.190995',NULL),(442,'rx9GewqrppYGEB8wPebjPrZ2HDrVdv',442,3,48,'2024-01-14 10:23:37.246924','2024-01-14 10:23:37.246924',NULL),(443,'fitEUXP0pO0DOaNxoCRzoo3hTy2jek',443,3,48,'2024-01-14 10:37:33.765970','2024-01-14 10:37:33.765970',NULL),(444,'9YwH1A2vl6Ldicfgn7sEVt6DISi5Vv',444,3,48,'2024-01-14 10:40:50.779628','2024-01-14 10:40:50.779628',NULL),(445,'CTdWnX8NlH4VcLSMn3byQl25AMpvlN',445,3,48,'2024-01-14 10:47:03.713361','2024-01-14 10:47:03.713361',NULL),(446,'YouquEjqzoLyC9NPLtoYqnNr6XhimI',446,3,48,'2024-01-14 10:50:18.881417','2024-01-14 10:50:18.881417',NULL),(447,'Wc5o7JnDYRNeEuejOFiTrjMj6jXBx8',447,3,48,'2024-01-14 10:50:38.606866','2024-01-14 10:50:38.606866',NULL),(448,'eZZvqGTBPFJ3kgMYvQEqu4EBKvtlDB',448,3,48,'2024-01-14 10:53:26.870778','2024-01-14 10:53:26.870778',NULL),(449,'Kew0ghLqQjWeP6pmZajHkLv7xp2lFt',449,3,48,'2024-01-14 11:01:52.659361','2024-01-14 11:01:52.659361',NULL),(450,'fAqxF4JurTq1955U46GjoLxD33FT5j',450,3,48,'2024-01-14 11:04:13.892260','2024-01-14 11:04:13.892260',NULL),(451,'imRlUSY8OWAFKQ3ctyaIfxjR7vie4B',451,3,48,'2024-01-14 11:13:30.235256','2024-01-14 11:13:30.236264',NULL),(452,'pZ6sQKbnD1zKdZGhNGaToUfDfCxHTp',452,3,48,'2024-01-14 11:34:03.353369','2024-01-14 11:34:03.353369',NULL),(453,'tgDMg70FfdJ4AuidyPA3fpBlNRlhID',453,3,48,'2024-01-14 11:43:38.272891','2024-01-14 11:43:38.272891',NULL),(454,'4Pr5LP6myE60cdeC2HsYr5x0uksjQl',454,3,48,'2024-01-14 11:54:11.296009','2024-01-14 11:54:11.296009',NULL),(455,'jP6w3y5pZcLgKBIk7ZhrxRSVgtccJA',455,3,48,'2024-01-14 11:59:12.945053','2024-01-14 11:59:12.945053',NULL),(456,'t43CFhfKuKoJhg9Z7hrHzuN92fAiFi',456,3,48,'2024-01-14 12:02:08.362439','2024-01-14 12:02:08.362439',NULL),(457,'Vlvd6QGa4YLQmzpEGuVE2rFgKlLyMn',457,3,48,'2024-01-14 12:08:38.300243','2024-01-14 12:08:38.300243',NULL),(458,'WYH0rGvUTxzpVHUR8EHFd3CpQaeJ1v',458,3,48,'2024-01-14 12:11:38.807043','2024-01-14 12:11:38.807043',NULL),(459,'FiLVzghM1KGeSsQ2kHCTo01ZLzRcCo',459,3,48,'2024-01-14 12:21:56.235532','2024-01-14 12:21:56.235532',NULL),(460,'phVAMnUsOTEcjCrmz15Tm84AWVGvF9',460,3,48,'2024-01-14 12:30:01.446163','2024-01-14 12:30:01.446163',NULL),(461,'yNxWO71LyZmJLutM8nV9FtoFwKnEAm',461,3,48,'2024-01-14 12:33:34.925225','2024-01-14 12:33:34.925225',NULL),(462,'TLmLJP7WvMILhGk8y4I2ssLlrIcfFY',462,3,48,'2024-01-14 12:36:20.062242','2024-01-14 12:36:20.062242',NULL),(463,'mDMuXJXrolt4ZIw49SCnVARgt6N19p',463,3,48,'2024-01-14 14:20:53.740594','2024-01-14 14:20:53.740594',NULL),(464,'OKngY18JFie0poONos4hl6quIvScPe',464,3,48,'2024-01-14 14:26:17.843976','2024-01-14 14:26:17.843976',NULL),(465,'Pt0EDyS1anDGR8VhyIc8XN3SyCoIVJ',465,3,48,'2024-01-14 14:28:34.169508','2024-01-14 14:28:34.169508',NULL),(466,'BoM9QZhPnxIDDmnHnNQVN7Mj1V7wVh',466,3,48,'2024-01-14 14:32:36.728543','2024-01-14 14:32:36.729534',NULL),(467,'iRCZwzZ5PYX39GYT6D4xOiHkS0Qj7Y',467,3,48,'2024-01-14 14:35:23.359527','2024-01-14 14:35:23.359527',NULL),(468,'vDiECs1rGWy1mV75C8T1kYfkW85qVE',468,3,48,'2024-01-14 14:37:33.102456','2024-01-14 14:37:33.102456',NULL),(469,'8bPVzkBtC9vrUjmpQCTgmcAt42weWN',469,3,48,'2024-01-14 14:38:14.711846','2024-01-14 14:38:14.711846',NULL),(470,'XwEG0NVj6pLbiSpd3SCIO3RQtkpXkm',470,3,48,'2024-01-14 14:53:50.578922','2024-01-14 14:53:50.579914',NULL),(471,'avQZjlhccc4i27kFy33beS0IdLnOgZ',471,3,48,'2024-01-14 14:54:37.650894','2024-01-14 14:54:37.650894',NULL),(472,'DpMLr3ukvMbwtbANTfzoB1c4QNgUjx',472,3,48,'2024-01-14 14:56:38.388002','2024-01-14 14:56:38.388002',NULL),(473,'rKonPrQNQMR3qM0PY7LdpGBFBuyUjg',473,3,48,'2024-01-14 14:58:09.379842','2024-01-14 14:58:09.379842',NULL),(474,'wyT85TwTUqDU5nwrwqZNhG2DJ3rMnP',474,3,48,'2024-01-14 15:07:29.688757','2024-01-14 15:07:29.688757',NULL),(475,'kiTOCSEaSdQiOTLqFGFupP5C2lSZIP',475,3,48,'2024-01-14 15:09:48.392628','2024-01-14 15:09:48.392760',NULL),(476,'0mmcipy483hDjFfK9T2xC7oWw8OAZm',476,3,48,'2024-01-14 15:10:43.103729','2024-01-14 15:10:43.103729',NULL),(477,'bHukbA9xyh29UDrI4hNWr4btlU6p91',477,3,48,'2024-01-14 15:13:39.552489','2024-01-14 15:13:39.552489',NULL),(478,'JpW3MEjNgc0ElwXdhaEF7AL3fQZGWs',478,3,48,'2024-01-14 15:27:20.556841','2024-01-14 15:27:20.556841',NULL),(479,'K7dUoNbDdQUsbixbWKRfQu5Bm5Pzm9',479,3,48,'2024-01-14 15:43:07.499923','2024-01-14 15:43:07.499923',NULL),(480,'eLHQD0Oaxjp7oD3jNUR847dNjSu18u',480,3,48,'2024-01-14 15:44:21.789880','2024-01-14 15:44:21.789880',NULL),(481,'jlztuag1vwR0iPmbZZEQ57d86ElM8s',481,3,48,'2024-01-14 15:49:38.708455','2024-01-14 15:49:38.708455',NULL),(482,'WzdRxxvyXJgmctS2kGvUAN0ttQyutT',482,3,48,'2024-01-14 15:50:09.584924','2024-01-14 15:50:09.584924',NULL),(483,'FNAn7E274RWLPgerPkWkJs302aSKGh',483,3,48,'2024-01-14 15:55:12.554057','2024-01-14 15:55:12.554057',NULL),(484,'5LyPk3JRKcKnxsWW2RoTuG5r5XTlww',484,3,48,'2024-01-14 15:58:07.962606','2024-01-14 15:58:07.963591',NULL),(485,'pazfuDUPgvzRknXZ8cQW7V9Ja11LLg',485,3,48,'2024-01-14 16:02:39.387970','2024-01-14 16:02:39.387970',NULL),(486,'5BLn4VjIe2Aqv5HRSyjFSLrGWoaDf9',486,3,48,'2024-01-14 16:06:34.898147','2024-01-14 16:06:34.898147',NULL),(487,'HCt7d6kb2vrbWhsnWmDFTJYypjwxxv',487,3,48,'2024-01-14 16:55:37.806028','2024-01-14 16:55:37.806028',NULL),(488,'XvW4NSVuGef8Vvrs91NUqZbbpmrQWX',488,3,48,'2024-01-14 16:57:02.831007','2024-01-14 16:57:02.831007',NULL),(489,'C9iZp7KMWuY9CEjQXP2HKJXsTmOSzJ',489,3,48,'2024-01-16 02:39:56.472821','2024-01-16 02:39:56.472821',NULL),(490,'7HrGTUU6MLcpru1u4B1jShCW2T8kJ5',490,3,4,'2024-01-16 02:50:45.661635','2024-01-16 02:50:45.661635',NULL),(491,'Do5TTckUzlo8twWwIIQBhDx3tdABVK',491,3,48,'2024-01-16 02:51:02.710588','2024-01-16 02:51:02.710588',NULL),(492,'IrVOLGKbLzWYpeLyNGrmw609x1dOy9',492,3,48,'2024-01-16 02:53:50.208651','2024-01-16 02:53:50.208651',NULL),(493,'Zk6XiFACqqH2K6SGoXSSy3jhXrweUf',493,3,48,'2024-01-16 02:58:44.970495','2024-01-16 02:58:44.970495',NULL),(494,'2OWCHOfdpfaQRoeRQDdOB0swjnsXMw',494,3,48,'2024-01-16 02:59:17.652935','2024-01-16 02:59:17.653912',NULL),(495,'o9SX4L1knemgyd8cekiBuBuccGE7OO',495,3,48,'2024-01-16 02:59:36.622205','2024-01-16 02:59:36.622205',NULL),(496,'ESjvCggWQIPmwVqpyVOZhf9ZchojUG',496,3,48,'2024-01-16 03:00:15.527354','2024-01-16 03:00:15.527354',NULL),(497,'MfeAMSlrJDL696F863DmVSQAhmKlUe',497,3,48,'2024-01-16 03:03:04.242580','2024-01-16 03:03:04.242580',NULL),(498,'CfxJTlT9tgqlYjaX5wEBilJtzXASoj',498,3,48,'2024-01-16 03:04:06.558454','2024-01-16 03:04:06.558454',NULL),(499,'GkZuZ7zgUjTV0TnJU7vZGOBuSpTRg5',499,3,48,'2024-01-16 03:05:16.195776','2024-01-16 03:05:16.195776',NULL),(500,'7uolsU05iDuwqkuwpjdra9MLSgZWeR',500,3,48,'2024-01-16 03:06:07.728853','2024-01-16 03:06:07.728853',NULL),(501,'Y8B7BQENSpKBhYym8N92NOlcAdvDLc',501,3,48,'2024-01-16 03:13:53.960037','2024-01-16 03:13:53.960037',NULL),(502,'T02TeTYmvuOvCMB0jUwujaXFlqKohE',502,3,48,'2024-01-16 03:14:33.772252','2024-01-16 03:14:33.772252',NULL),(503,'wFTfspNcP2vmLNKu9NYOli6PyvYWEK',503,3,48,'2024-01-16 03:15:10.370456','2024-01-16 03:15:10.370456',NULL),(504,'PuKVAji0gvHd5ZHI5TI1QVPxHPe4ls',504,3,48,'2024-01-16 03:18:02.138355','2024-01-16 03:18:02.138355',NULL),(505,'crbyTmQ5bPQTdrVDmeCw4VrTQfo7Tm',505,3,48,'2024-01-16 03:20:02.823414','2024-01-16 03:20:02.823414',NULL),(506,'fzfx20YckVdf0Re3CmfkO8z2XQsCtc',506,3,48,'2024-01-16 03:21:51.630608','2024-01-16 03:21:51.630608',NULL),(507,'DKnnWHFPwdlRocBJeePjqXq0Pl1dOX',507,3,48,'2024-01-16 03:22:12.216747','2024-01-16 03:22:12.216747',NULL),(508,'6S9nC52Rzjv7Uk1NqmQJE2KJosjMOt',508,3,48,'2024-01-16 03:23:54.620529','2024-01-16 03:23:54.620529',NULL),(509,'IKrXJMJ1oHPTQqsjvTpMYTfk1DfZMA',509,3,48,'2024-01-16 03:25:50.312840','2024-01-16 03:25:50.312840',NULL),(510,'BLEChVUTZu1EwyTARwRfniqDjzidf5',510,3,48,'2024-01-16 03:26:37.700845','2024-01-16 03:26:37.700845',NULL),(511,'RD91OJvtiItAVrmhzPOD7nTiLtpGFq',511,3,48,'2024-01-16 03:27:15.008429','2024-01-16 03:27:15.008429',NULL),(512,'GIer8BfWNc95vgHdMoZTUxFxlrI3Hv',512,3,48,'2024-01-16 03:31:11.514660','2024-01-16 03:31:11.514660',NULL),(513,'UnrGTGzx6SUavAB0DDTC3xY0cKhv2x',513,3,48,'2024-01-16 03:34:42.703501','2024-01-16 03:34:42.703501',NULL),(514,'32yYLYh72XzHovLJbiMQ3G30dsCn8v',514,3,48,'2024-01-16 03:34:43.190764','2024-01-16 03:34:43.190764',NULL),(515,'zdH7qP6RnyvVGba3ROwZggFAlrIfxo',515,3,48,'2024-01-16 03:35:13.018807','2024-01-16 03:35:13.018807',NULL),(516,'IN0HWk3YHFUjFBkuxPdBQ2kvDo0cE3',516,3,48,'2024-01-16 03:38:10.050801','2024-01-16 03:38:10.050801',NULL),(517,'lSby9uh8xWQbLpHTsXHzkrxSNilQz8',517,3,48,'2024-01-16 03:39:31.934751','2024-01-16 03:39:31.934751',NULL),(518,'002CPu4LjV2WGmt0Rm3EqVbgSSSZh8',518,3,48,'2024-01-16 03:47:01.608628','2024-01-16 03:47:01.608628',NULL),(519,'J78fiTXv3wPN1c4j35rRyIdtpe2AKe',519,3,48,'2024-01-16 03:47:30.161483','2024-01-16 03:47:30.161483',NULL),(520,'EuhmbOcfP1GJMotTCbKGg9lbQL25cX',520,3,48,'2024-01-16 03:49:22.722829','2024-01-16 03:49:22.723838',NULL),(521,'2ZWSfWOH4BkHeRVoIo7UYADE3Iw3Pv',521,3,48,'2024-01-16 03:51:32.083722','2024-01-16 03:51:32.083722',NULL),(522,'VUg69mSBSfLJRWQrjzQWJq3LlktaEy',522,3,48,'2024-01-16 03:52:55.266695','2024-01-16 03:52:55.266695',NULL),(523,'LXJGqKJ6upFSyGn5XscKexOFJTilhq',523,3,48,'2024-01-16 03:56:01.331485','2024-01-16 03:56:01.331485',NULL),(524,'akuKCPP2XO5vzj1k6xBeEhKJpZ3qRC',524,3,48,'2024-01-16 03:57:23.287360','2024-01-16 03:57:23.287360',NULL),(525,'uKSrBA4XJ2ibEDX8zIX8h9Um0fZlY2',525,3,48,'2024-01-16 03:57:56.702884','2024-01-16 03:57:56.703862',NULL),(526,'37rFMeHfPreZDGMzIh501X9AHrpeQN',526,3,48,'2024-01-16 04:00:24.362808','2024-01-16 04:00:24.362808',NULL),(527,'sXjVV6lttK4rVJXBSNgST87hypiBAh',527,3,48,'2024-01-16 04:00:57.101389','2024-01-16 04:00:57.101389',NULL),(528,'G146QalMc0jVwx0oGXFxSlAFCv6xCL',528,3,48,'2024-01-16 04:01:35.214373','2024-01-16 04:01:35.214373',NULL),(529,'zsj61VksOudbxHpBFk7Rq5IzYL8gKm',529,3,48,'2024-01-16 04:02:18.653809','2024-01-16 04:02:18.653809',NULL),(530,'rozkzJf8O1vtQ92LVe72RfcOPiBKLB',530,3,48,'2024-01-16 04:04:20.683155','2024-01-16 04:04:20.683155',NULL),(531,'IQPnfRheuiEFmBAfv6Heawc9mvznwm',531,3,48,'2024-01-16 04:06:53.045833','2024-01-16 04:06:53.045833',NULL),(532,'hBIRWIcZSMhSaj1JPQn4jlg16uzUdH',532,3,48,'2024-01-16 04:07:33.836343','2024-01-16 04:07:33.836343',NULL),(533,'5jq044dShwqB9ydR5K1gWo7ilAqPXw',533,3,48,'2024-01-16 04:08:35.213078','2024-01-16 04:08:35.213078',NULL),(534,'FS8ujQDukbdeh2madSjWvR9PCnaRTg',534,3,48,'2024-01-16 04:11:59.334658','2024-01-16 04:11:59.334658',NULL),(535,'PTFUoszPjQJbDDFv913WTIWvnfl04k',535,3,48,'2024-01-16 04:13:32.214640','2024-01-16 04:13:32.214640',NULL),(536,'iZcV96xAa84HKuX4sg3pnJvsGzlZQ2',536,3,48,'2024-01-16 04:13:56.433796','2024-01-16 04:13:56.433796',NULL),(537,'cD7MNA4KVZGli9A1QANCQstmsgG6rF',537,3,48,'2024-01-16 04:14:40.388667','2024-01-16 04:14:40.389675',NULL),(538,'c9P2HrfwO7Z4Xr6msPebkLGOkcZowA',538,3,48,'2024-01-16 04:15:31.981539','2024-01-16 04:15:31.981539',NULL),(539,'CFkCovrNdjkvdMgfKQ02zTm5itdn4o',539,3,48,'2024-01-16 04:16:34.275013','2024-01-16 04:16:34.275013',NULL),(540,'11yCGIFO54OlZXbF7EYYAEHSDfDEtB',540,3,48,'2024-01-16 04:17:55.075880','2024-01-16 04:17:55.075880',NULL),(541,'nZjYIqsmCxXMQNS51mraqvpA029H5X',541,3,48,'2024-01-16 04:21:17.616431','2024-01-16 04:21:17.616431',NULL),(542,'7lGlYYXoW4WBDMoVvK0WYype0aglE7',542,3,48,'2024-01-16 04:21:51.502814','2024-01-16 04:21:51.502814',NULL),(543,'tmiCOvqkTq0yw6gFR6LWrodnFebM9h',543,3,48,'2024-01-16 04:28:02.522734','2024-01-16 04:28:02.522734',NULL),(544,'ApQC1g2lfzpsEL5lttu0bHPEMr2MTs',544,3,48,'2024-01-16 04:29:02.694720','2024-01-16 04:29:02.694720',NULL),(545,'bNrnQRt9vtQGR0DTAl9aGp8a8dlE70',545,3,48,'2024-01-16 04:32:10.708431','2024-01-16 04:32:10.708431',NULL),(546,'Qr3V3RiT3GVKasK0sLw7tgHh6HcKGe',546,3,48,'2024-01-16 04:35:26.848241','2024-01-16 04:35:26.848241',NULL),(547,'xEAiEJ9vUGHLBB8u4SQj0J58ERU0sM',547,3,48,'2024-01-16 04:37:29.463388','2024-01-16 04:37:29.463388',NULL),(548,'Y5UhTfk0UIpCxtd4dEpp8qLlVHVvrF',548,3,48,'2024-01-16 04:43:06.308497','2024-01-16 04:43:06.308497',NULL),(549,'iLyJqWPYYYobkcMjCy4q1U7ecj718n',549,3,48,'2024-01-16 04:45:15.341790','2024-01-16 04:45:15.341790',NULL),(550,'Tm5xLNnf8cocYjfJIMzxh6RFHaLtCx',550,3,48,'2024-01-16 04:45:43.276633','2024-01-16 04:45:43.276633',NULL),(551,'WyK9YIjz0IQ2JLrC3szsejJPb2TiSw',551,3,48,'2024-01-16 04:45:59.442758','2024-01-16 04:45:59.442758',NULL),(552,'GCMGzsKRNBarccWuFpadvHldz5yZUw',552,3,48,'2024-01-16 04:46:45.776481','2024-01-16 04:46:45.776481',NULL),(553,'jHs2E7AUpM7JxZmoXFn03o3gQa6EB0',553,3,48,'2024-01-16 04:50:11.163244','2024-01-16 04:50:11.163244',NULL),(554,'s6oignot2GnHkw4df40LvKhRExD26Z',554,3,48,'2024-01-16 04:53:37.078768','2024-01-16 04:53:37.078768',NULL),(555,'Bqd0TJjw7vVeIzW0TDQpuHs38X51k5',555,3,48,'2024-01-16 04:54:29.096348','2024-01-16 04:54:29.096348',NULL),(556,'dvYNNC36gr7bwVbSgDr3oZw6DTknOq',556,3,48,'2024-01-16 04:55:39.692785','2024-01-16 04:55:39.692785',NULL),(557,'DFhidLKOe8vogUHuY8EZLZgbrmpr3y',557,3,48,'2024-01-16 04:56:22.497745','2024-01-16 04:56:22.497745',NULL),(558,'33q19yUHqW7By2i8Rsi01YwjBQty6S',558,3,48,'2024-01-16 04:59:17.303506','2024-01-16 04:59:17.303506',NULL),(559,'amQAfm4W28wsKVmNCT5fqNBQv0hu6U',559,3,48,'2024-01-16 05:01:06.489859','2024-01-16 05:01:06.489859',NULL),(560,'kCuwcNXXs3eOuItVRREBNHmF16LFU0',560,3,48,'2024-01-16 06:35:29.205668','2024-01-16 06:35:29.205668',NULL),(561,'fdQilrpkQMrPHa48yQBJOU642VsZwE',561,3,48,'2024-01-16 06:36:07.186746','2024-01-16 06:36:07.186746',NULL),(562,'cxUj0a18aXnmlq7jvvj4GRYs5AtM5x',562,3,48,'2024-01-16 06:37:03.769491','2024-01-16 06:37:03.769491',NULL),(563,'IlS0yffHtSrFdGtFutAkHdGNRBdjJH',563,3,48,'2024-01-16 06:37:32.543071','2024-01-16 06:37:32.543071',NULL),(564,'NMA5kTZCmxTIwRhKpJ1aGJLOuP5N7x',564,3,48,'2024-01-16 06:55:31.902794','2024-01-16 06:55:31.902794',NULL),(565,'v8Qq4JVxR6IdZzcilvcrCMtgZzqezs',565,3,48,'2024-01-16 06:57:19.640579','2024-01-16 06:57:19.640579',NULL),(566,'dE6dEYyXRanTFGZaJk2hSX0PLvShTo',566,3,48,'2024-01-16 06:58:17.327119','2024-01-16 06:58:17.327119',NULL),(567,'OA4CqCoG2DpAcvlAztqMVn0ldRqLMd',567,3,48,'2024-01-16 07:00:17.640594','2024-01-16 07:00:17.640594',NULL),(568,'ZGBkAAKdkmTBdesVsrKakn0nWhhuYg',568,3,48,'2024-01-16 07:01:35.555955','2024-01-16 07:01:35.555955',NULL),(569,'ABhfiKiyxkaQVQ9NQZ8xLgGkuUvJj1',569,3,48,'2024-01-16 07:03:51.746422','2024-01-16 07:03:51.746422',NULL),(570,'gKiFoy6PYMAJwFI9rTxKHnFtlQrWkW',570,3,48,'2024-01-16 07:07:00.641569','2024-01-16 07:07:00.641569',NULL),(571,'SrkIaPsHXdIQzXRB2Bz6Ar8yAPjOpE',571,3,48,'2024-01-16 07:09:08.856832','2024-01-16 07:09:08.856832',NULL),(572,'9GpazeIxqMZxIdZeM34sogl26F8CJ4',572,3,48,'2024-01-16 07:14:47.918088','2024-01-16 07:14:47.918088',NULL),(573,'9FLLfVQt6WhxJIAREHW3pOW2FHAqWZ',573,3,48,'2024-01-16 07:19:01.158750','2024-01-16 07:19:01.158750',NULL),(574,'w6YxgCp6myEaF4chJGzSIw5NgBf9YV',574,3,48,'2024-01-16 07:20:10.860894','2024-01-16 07:20:10.860894',NULL),(575,'cZDsiKRlpoiOqn8G3ZDexUSfkTfj4m',575,3,48,'2024-01-16 07:20:39.649176','2024-01-16 07:20:39.649176',NULL),(576,'ROCrxEx5TzLXaxttL4tJcrtRpssUtj',576,3,48,'2024-01-16 07:23:55.584280','2024-01-16 07:23:55.584280',NULL),(577,'eQBa9SEUwJLQWZn3KZhItGskvPTrfE',577,3,48,'2024-01-16 07:28:18.709097','2024-01-16 07:28:18.709097',NULL),(578,'Mvq5Z4YLZiez4K5jWMWwiSdDhL7h8q',578,3,48,'2024-01-16 07:36:00.872514','2024-01-16 07:36:00.872514',NULL),(579,'hQY0qh912yLtRnIsqWYVUILyL4Zgma',579,3,48,'2024-01-16 07:38:41.629336','2024-01-16 07:38:41.629336',NULL),(580,'EQniY0WaWcjZe969of3t4wR6jptrc7',580,3,48,'2024-01-16 07:45:40.891515','2024-01-16 07:45:40.891515',NULL),(581,'0aJdblriWb0OjhF3V4NyLUofDLbRgS',581,3,48,'2024-01-16 07:46:52.114415','2024-01-16 07:46:52.114415',NULL),(582,'31kFEOpHjlAP9Sj4Ws53YXLWeyU8wl',582,3,48,'2024-01-16 07:48:37.464450','2024-01-16 07:48:37.464450',NULL),(583,'omOM9th7MEvgQIdURbfREvpu20MZC5',583,3,48,'2024-01-16 08:10:07.096914','2024-01-16 08:10:07.096914',NULL),(584,'kBzXxJGcgcqCB4TFMTNmPh2MO85rbh',584,3,48,'2024-01-16 08:10:07.709766','2024-01-16 08:10:07.709766',NULL),(585,'plq853E1SmmpBt3yEFfdsxy6fbD4Z9',585,3,48,'2024-01-16 08:23:11.963934','2024-01-16 08:23:11.963934',NULL),(586,'2bxsmpqwILsxQW9e2zor0W54MiZifO',586,3,48,'2024-01-16 08:24:46.919589','2024-01-16 08:24:46.919589',NULL),(587,'bt2Z680buMpExnq21GgQoeuaydQTFg',587,3,48,'2024-01-16 08:36:07.755858','2024-01-16 08:36:07.755858',NULL),(588,'c8ntyvQ4IanqDrizi56gI0WTfng1Q4',588,3,48,'2024-01-16 08:48:14.084013','2024-01-16 08:48:14.084013',NULL),(589,'1kb8uRa8DE3itObZR9qOq10p9Uv7js',589,3,48,'2024-01-16 08:53:27.925060','2024-01-16 08:53:27.925060',NULL),(590,'hHYvjsfUwSZNGQwEIC5zNN3CuE9Jqa',590,3,48,'2024-01-16 08:55:48.947730','2024-01-16 08:55:48.947730',NULL),(591,'kBiwE6IZGRdlCttLT506NwmCKEUxAg',591,3,48,'2024-01-16 08:56:29.063894','2024-01-16 08:56:29.063894',NULL),(592,'zDENfiLESlmDfu1LCc4bWN9tlnNBAk',592,3,48,'2024-01-16 08:57:50.678442','2024-01-16 08:57:50.678442',NULL),(593,'OnJvHXhbqnewQgGVti4mNDfHwXKQT1',593,3,48,'2024-01-16 08:59:22.692597','2024-01-16 08:59:22.692597',NULL),(594,'H8Ds4dUuO7Zxv2ahyduG5ojsAoIA0u',594,3,48,'2024-01-16 09:21:44.491163','2024-01-16 09:21:44.491163',NULL),(595,'lvaQWvqblm4jpqC2zcMGffRmSXm9to',595,3,48,'2024-01-16 09:23:30.779660','2024-01-16 09:23:30.779660',NULL),(596,'nwMWusay2hGR8ldgfODUPgFW4LxZ3o',596,3,48,'2024-01-16 09:24:19.033247','2024-01-16 09:24:19.033247',NULL),(597,'9dRoCLuuXSLxBpSTqvrjfRvpNm1Sey',597,3,48,'2024-01-16 09:26:31.858397','2024-01-16 09:26:31.858397',NULL),(598,'UKBqBIxP1aeuuQv9O5NxEA0cQOhdwc',598,3,48,'2024-01-16 09:27:03.694439','2024-01-16 09:27:03.694439',NULL),(599,'moL6l1vGQoGfCGu5KquarhpRzlttJy',599,3,48,'2024-01-16 09:27:29.961401','2024-01-16 09:27:29.961401',NULL),(600,'uxF0dmBHRCyoqjFPx8IinIIOMclwPB',600,3,48,'2024-01-16 09:33:09.995383','2024-01-16 09:33:09.995383',NULL),(601,'6GFsNSBFTqGrMUKSt7NHu6FLv7Su5E',601,3,48,'2024-01-16 09:36:00.193138','2024-01-16 09:36:00.193138',NULL),(602,'0mvrhmFEor3KPs35SbBDIBNHgeGBYz',602,3,48,'2024-01-16 09:48:57.124348','2024-01-16 09:48:57.124348',NULL),(603,'bHdtPgCqItlHIMIH2JssiWEqiwfokD',603,3,48,'2024-01-16 09:54:15.408704','2024-01-16 09:54:15.408704',NULL),(604,'1GB2KAdmyHd8b5lo8MXAUahSfEJ3LF',604,3,48,'2024-01-16 09:57:25.453864','2024-01-16 09:57:25.453864',NULL),(605,'KptvtTEx7yZAgP1wU66zAKQxviHtlb',605,3,48,'2024-01-16 09:58:37.862082','2024-01-16 09:58:37.862082',NULL),(606,'PY4Ezj7jTmhVNMIqV3RpGgOuThr1ep',606,3,48,'2024-01-16 10:00:55.517409','2024-01-16 10:00:55.517409',NULL),(607,'3JX48RxOEBP9rlBClYXI0WUqcYvRWV',607,3,48,'2024-01-16 10:04:25.989176','2024-01-16 10:04:25.989176',NULL),(608,'mQit1iBVVWBdPRIiXLlrV6azJbLw82',608,3,48,'2024-01-16 10:06:54.479696','2024-01-16 10:06:54.479696',NULL),(609,'Gjhv5qZiaVleE2DzQF3nIHi3uruHpu',609,3,48,'2024-01-16 10:10:36.571411','2024-01-16 10:10:36.571411',NULL),(610,'RSBqwY2Zilr02SGU6oyCedvtYMwO6b',610,3,48,'2024-01-16 10:12:44.836725','2024-01-16 10:12:44.836725',NULL),(611,'PTCm9xqHqF6veph2YhfHFNlFJjBvG4',611,3,48,'2024-01-16 10:13:26.674593','2024-01-16 10:13:26.674593',NULL),(612,'nm59RhJv37mCZfYsO0zJPpiDXCukrs',612,3,48,'2024-01-16 10:16:36.431240','2024-01-16 10:16:36.431240',NULL),(613,'dLoaN9HWJi6nhojs7mwOQalDMr8mfC',613,3,48,'2024-01-16 10:18:40.428171','2024-01-16 10:18:40.429174',NULL),(614,'1peTYfxkCQny0KS2Jm64xAMU16YjuA',614,3,48,'2024-01-16 10:23:31.505807','2024-01-16 10:23:31.505807',NULL),(615,'9YY2olvJsjh1n0rxNrgL9Lq6qWBT5u',615,3,48,'2024-01-16 10:28:30.196892','2024-01-16 10:28:30.196892',NULL),(616,'kTBjnAiMEP8wd5rrzzAHzc10e7fPIl',616,3,48,'2024-01-16 10:30:15.891559','2024-01-16 10:30:15.891559',NULL),(617,'usCd3oKroNwQBg9xl3WIgUts6YJCjs',617,3,48,'2024-01-16 10:31:39.156243','2024-01-16 10:31:39.156243',NULL),(618,'gW5p2JHAnthstYbJrPpH015KBaS9DI',618,3,48,'2024-01-16 10:34:05.849177','2024-01-16 10:34:05.849177',NULL),(619,'kZ7KyT4Ug1Qjj7fIyDiVQ5S4xQ4WSo',619,3,48,'2024-01-16 10:34:56.015686','2024-01-16 10:34:56.015686',NULL),(620,'vUvPzIcgfglMVyZ3i58JiZJlgXrZCv',620,3,48,'2024-01-16 10:35:29.371379','2024-01-16 10:35:29.371379',NULL),(621,'p7c7M5UB1OANwJ585qW4dBbPd1Acen',621,3,48,'2024-01-16 10:36:10.501476','2024-01-16 10:36:10.501476',NULL),(622,'ZkqgnyeUl4SDcHkUvAWeoKAj5swr5d',622,3,48,'2024-01-16 10:36:38.425576','2024-01-16 10:36:38.425576',NULL),(623,'kqmG3L0Z5a9WF3QWn0piqQlmkaLro8',623,3,48,'2024-01-16 10:37:59.487867','2024-01-16 10:37:59.487867',NULL),(624,'X5VnNJjrnbdKbV4F0TfWLb2cBoBuq7',624,3,48,'2024-01-16 10:38:32.892118','2024-01-16 10:38:32.892118',NULL),(625,'8vVg3UzxkpfnuOh3anGBUn7wiyFUXs',625,3,48,'2024-01-16 10:39:01.727380','2024-01-16 10:39:01.727380',NULL),(626,'covncDlDKRgitljig3IDcdZNpdKQob',626,3,48,'2024-01-16 10:39:55.048920','2024-01-16 10:39:55.048920',NULL),(627,'MQzCOvyNxiXsH3ge5kvpKdBWbFqoSe',627,3,48,'2024-01-16 10:40:21.569271','2024-01-16 10:40:21.569271',NULL),(628,'xV6mC32NkOlBzR6vvQvIK1tpIa9nZg',628,3,48,'2024-01-16 10:40:48.032701','2024-01-16 10:40:48.032701',NULL),(629,'Sgp0wpy0vriXdwBQfgZchCF7mXlQQA',629,3,48,'2024-01-16 10:56:35.187990','2024-01-16 10:56:35.187990',NULL),(630,'93iCDI2Hkhvu4glQaZmemyU31eUMa3',630,3,48,'2024-01-16 10:58:57.130257','2024-01-16 10:58:57.130257',NULL),(631,'TlQQnBr2MhCjABKDJa2UjKh6rfEocg',631,3,48,'2024-01-16 14:11:06.664453','2024-01-16 14:11:06.664453',NULL),(632,'kGdSv5xmT6LjlQbSnDoOViPEVSioF9',632,3,48,'2024-01-17 06:56:21.393201','2024-01-17 06:56:21.393201',NULL),(633,'PzMQZ2zMyoiqbayUfIvUdnNlzsBrC3',633,3,48,'2024-01-17 07:16:34.541845','2024-01-17 07:16:34.541845',NULL),(634,'ZvDL66xxxQAkXkqjG7fPDtNCcaU5bH',634,3,48,'2024-01-17 07:17:43.628020','2024-01-17 07:17:43.628020',NULL),(635,'dNs42Xu4CZAf3A71QKGZJjVRPezECY',635,3,2,'2024-01-17 07:21:11.287018','2024-01-17 07:21:11.287018',NULL),(636,'KFezJbdyBF5jHOML5ajS1VoedlzY7A',636,3,2,'2024-01-17 07:46:25.939209','2024-01-17 07:46:25.939209',NULL),(637,'wf3eL7cYj2XDBxxHp6C0k55qS8IKbA',637,3,2,'2024-01-17 08:32:52.619691','2024-01-17 08:32:52.619691',NULL),(638,'pn5w44llgQEdTqBsZh6eOlROKiaRw9',638,3,2,'2024-01-17 08:33:13.277588','2024-01-17 08:33:13.277588',NULL),(639,'J8jU3IubkjKUIiikiXQLP2jYfQhKog',639,3,2,'2024-01-17 08:33:57.998793','2024-01-17 08:33:57.998793',NULL),(640,'lss1uomTcVwMnULir4u48W1e8nWFKC',640,3,2,'2024-01-17 08:34:18.181299','2024-01-17 08:34:18.182284',NULL),(641,'OiZx5iZrIqKZZJcP2N4XCZ1QNBHdQs',641,3,2,'2024-01-17 08:34:47.621756','2024-01-17 08:34:47.621756',NULL),(642,'JlbPRTtHs6fwICjys3zhfyrf4ApeaR',642,3,2,'2024-01-17 08:35:11.425381','2024-01-17 08:35:11.425381',NULL),(643,'cX7Rd75lbMa69lPxbjK2zi3M2S1zI5',643,3,2,'2024-01-17 08:35:43.142061','2024-01-17 08:35:43.142061',NULL),(644,'AvCIGPftJXkO7XSDlWsgiCynfspSX8',644,3,2,'2024-01-17 08:36:25.091701','2024-01-17 08:36:25.091701',NULL),(645,'gVLeCEdxSxlbg8sFbpGIKP4Rby35uM',645,3,48,'2024-01-17 08:38:09.361515','2024-01-17 08:38:09.361515',NULL),(646,'oWgGAlKJVi1bSKoD4bnkZhHbc8GAPx',646,3,2,'2024-01-17 08:42:29.678201','2024-01-17 08:42:29.678201',NULL),(647,'IAp7LXtlbBHsMeFyP07OU3jd5uM8OC',647,3,2,'2024-01-17 08:43:01.332727','2024-01-17 08:43:01.332727',NULL),(648,'X9DuxdzwMvEpoOiCqbBksA7LpsUDOa',648,3,48,'2024-01-17 08:44:44.146071','2024-01-17 08:44:44.146071',NULL),(649,'2q7MFE8kxSBIJSVMBnoZLFoQStMYWT',649,3,48,'2024-01-17 08:48:27.108203','2024-01-17 08:48:27.108203',NULL),(650,'bzTMbXg4fQxiQqP4GbEnVJCUh8ALnb',650,3,2,'2024-01-17 08:48:41.099180','2024-01-17 08:48:41.099180',NULL),(651,'gZUQnGFSWODdXviIrC513DAZp9dKnu',651,3,2,'2024-01-17 08:48:58.053955','2024-01-17 08:48:58.053955',NULL),(652,'hbuTdAzxAA8ZO2ZmEOaH27UMwchn7N',652,3,2,'2024-01-17 09:07:45.840310','2024-01-17 09:07:45.840310',NULL),(653,'lki9elczvTdHHrxYamFGHPYfN3foeq',653,3,2,'2024-01-17 09:13:40.771148','2024-01-17 09:13:40.771148',NULL),(654,'izhMi6S8FmBRhFatycI6xbUeX69lyK',654,3,2,'2024-01-17 09:15:31.211483','2024-01-17 09:15:31.211483',NULL),(655,'oKGlpA590JbXdF5PYnMZh7RV4ZqdIn',655,3,48,'2024-01-17 09:16:16.713935','2024-01-17 09:16:16.713935',NULL),(656,'OfPGDTXIaDiPBL2iWyzq1WAwGZroxl',656,3,2,'2024-01-17 09:19:11.022330','2024-01-17 09:19:11.022330',NULL),(657,'EJehcQnaBkkYEyt1rXGpNaTu97qWnc',657,3,2,'2024-01-17 09:26:14.957250','2024-01-17 09:26:14.957250',NULL),(658,'ntvp8nhknDuMfE8uVw3zR5k9kcl5rs',658,3,2,'2024-01-17 09:31:53.528794','2024-01-17 09:31:53.528794',NULL),(659,'CZMd4fPg7JylHWHCVWneEFrkW5eFBe',659,3,2,'2024-01-17 09:32:36.840411','2024-01-17 09:32:36.840411',NULL),(660,'NJc2hycltPRAJKGaJw3vmKqN9rJTuK',660,3,2,'2024-01-17 09:38:30.724919','2024-01-17 09:38:30.724919',NULL),(661,'wdcoLDfgpldWRs7dO2WTFrMkKKGDmi',661,3,2,'2024-01-17 09:46:50.540115','2024-01-17 09:46:50.540115',NULL),(662,'UqRTVMaOQpa46YndsCYJP1SOHFOCh0',662,3,48,'2024-01-17 09:51:04.971101','2024-01-17 09:51:04.971101',NULL),(663,'31gX4Rv18A6wWDNrvmFmysPapi3kmD',663,3,48,'2024-01-17 09:51:40.463390','2024-01-17 09:51:40.463390',NULL),(664,'oZhYbYtpRjquKMe871ArSjOJ77v893',664,3,48,'2024-01-17 09:54:12.335247','2024-01-17 09:54:12.335247',NULL),(665,'IXMTcUKlUow8sjy7zEL33bEYu2eKvg',665,3,48,'2024-01-17 09:54:33.088012','2024-01-17 09:54:33.088012',NULL),(666,'LULUiH9WZXzt9IBTdymx4ECSYKX9lz',666,3,48,'2024-01-17 09:55:01.782042','2024-01-17 09:55:01.782042',NULL),(667,'a5UDptrFQHfEMoyp1R4ALH7f5wr4vR',667,3,48,'2024-01-17 09:56:00.741357','2024-01-17 09:56:00.741357',NULL),(668,'0jWUcP2g1PVlmf3lUubbSIq6lKPjfI',668,3,48,'2024-01-17 09:56:28.521055','2024-01-17 09:56:28.521055',NULL),(669,'onGMhCfjYnv7Kmraw99PEuZ4UGtyI6',669,3,48,'2024-01-17 09:57:28.670323','2024-01-17 09:57:28.670323',NULL),(670,'FfZds7YetEsuBb3RoZBuKIghu2FwAf',670,3,48,'2024-01-17 09:58:18.818193','2024-01-17 09:58:18.818193',NULL),(671,'PrbbXkbmQ2GJS4JoBLjU63AhFhuoYc',671,3,48,'2024-01-17 09:59:06.081550','2024-01-17 09:59:06.081550',NULL),(672,'6y4Ea7sesWlRZCLhSRDBvaf5jjZGZO',672,3,48,'2024-01-17 10:00:16.386555','2024-01-17 10:00:16.386555',NULL),(673,'sxFTd3AGnzhN0l58aT5ks0AdU2On39',673,3,48,'2024-01-17 10:03:13.779325','2024-01-17 10:03:13.779325',NULL),(674,'wH3M9FaOpP13u9U5SGMvRWMq5f6qyk',674,3,48,'2024-01-17 10:03:36.636288','2024-01-17 10:03:36.636288',NULL),(675,'ZJwYQbRKSLERfT8JoKPwPlzocCle3z',675,3,48,'2024-01-17 10:06:17.703633','2024-01-17 10:06:17.703633',NULL),(676,'St2cPJqKQ1qeyyL2rZ8DOIjPsTWgFC',676,3,2,'2024-01-17 10:06:45.659127','2024-01-17 10:06:45.659127',NULL),(677,'iCCroYt304aaTnPwCmCSJFAs594QOr',677,3,48,'2024-01-17 10:09:40.058282','2024-01-17 10:09:40.058282',NULL),(678,'c5pe8lozbL3CT4BIBghrn6uHOjimfj',678,3,48,'2024-01-17 10:12:02.539630','2024-01-17 10:12:02.539630',NULL),(679,'b3HfC2cuRu6eac2lFEhrSjTbHBwiBa',679,3,48,'2024-01-17 10:12:29.751841','2024-01-17 10:12:29.751841',NULL),(680,'QAmL1c6nliyiGL3x4AoOmev1s7HYMo',680,3,48,'2024-01-17 10:14:32.235854','2024-01-17 10:14:32.235854',NULL),(681,'a0Gf4tfHhjCpjCGfnoglDif3KjCNdT',681,3,48,'2024-01-17 10:18:22.505589','2024-01-17 10:18:22.505589',NULL),(682,'iIEmrRZboUjdhUUZVYy3JUYqf8xUmv',682,3,2,'2024-01-17 10:31:47.503090','2024-01-17 10:31:47.503090',NULL),(683,'CkB65UmBsIczgRqZI70LHU58ogLKLi',683,3,48,'2024-01-17 10:33:18.869742','2024-01-17 10:33:18.869742',NULL),(684,'jyj17PT3tEz0OY86LCoWzSD2uYmUWg',684,3,48,'2024-01-17 10:59:28.763980','2024-01-17 10:59:28.763980',NULL),(685,'oA18uK8XQWaZkWVlVY2jOmhbJxbJFs',685,3,48,'2024-01-17 11:00:40.175777','2024-01-17 11:00:40.175777',NULL),(686,'UaMmDFS9Nizbx3MvXu7SlpGIATjSlr',686,3,48,'2024-01-17 11:00:58.086021','2024-01-17 11:00:58.086021',NULL),(687,'kwJD68wLyJIgZ3QJuKSys2kZSgAh0J',687,3,48,'2024-01-18 02:48:06.682791','2024-01-18 02:48:06.682791',NULL),(688,'nVFh316R3ryY1w1rlDB1kQk4Rx5r7Z',688,3,2,'2024-01-18 02:50:41.576812','2024-01-18 02:50:41.576812',NULL),(689,'dNjKci1D4DO94KIVQNfH7KsmwcYPVM',689,3,48,'2024-01-18 03:05:46.239951','2024-01-18 03:05:46.239951',NULL),(690,'atAuvgZ4ZBZC35VaqCzZVII7lGffzI',690,3,2,'2024-01-18 03:22:55.304940','2024-01-18 03:22:55.304940',NULL),(691,'pIxqbYt06EvcXu5cmIp44A2HG5riNV',691,3,48,'2024-01-18 03:33:13.102151','2024-01-18 03:33:13.102151',NULL),(692,'K1LHPSvmAX8R8SM28mQSpDrCWBSNUd',692,3,2,'2024-01-18 03:33:45.427435','2024-01-18 03:33:45.427435',NULL),(693,'bLpZ4wl1mAvM5YPxgbK1OJhLfJlUxA',693,3,2,'2024-01-18 03:36:26.520961','2024-01-18 03:36:26.520961',NULL),(694,'Z68wvMtONtqNynJ4dYvAJccfY68xJs',694,3,48,'2024-01-18 03:37:31.922137','2024-01-18 03:37:31.922137',NULL),(695,'doutDfVzI2341qlBmgP4mWSc2dFfMJ',695,3,48,'2024-01-18 04:13:13.067956','2024-01-18 04:13:13.067956',NULL),(696,'BaiExYyfF8hECPD700JPpozcDgU1IG',696,3,48,'2024-01-18 04:14:49.146816','2024-01-18 04:14:49.146816',NULL),(697,'VkhiYmE19mRKcewGD2a1xVljCNlkjb',697,3,48,'2024-01-18 04:43:05.072643','2024-01-18 04:43:05.072643',NULL),(698,'BJlb0GnSCXGMwi9aEojULACIPHzK08',698,3,48,'2024-01-18 04:49:15.280570','2024-01-18 04:49:15.280570',NULL),(699,'HL9kLi4WDGSiT2ql6iuiNFUv1INfzg',699,3,5,'2024-01-18 06:28:19.421341','2024-01-18 06:28:19.421341',NULL),(700,'EqWHM9xvogC1cJBhhRX8SeFMfpAd4e',700,3,5,'2024-01-18 06:37:20.577856','2024-01-18 06:37:20.577856',NULL),(701,'Z88NaDmfDtGmoF4bwKdWgLT4BYzSv9',701,3,5,'2024-01-18 06:40:45.693210','2024-01-18 06:40:45.693210',NULL),(702,'cr2nXDeaZgkcwSVYIXNyuRJ7EyfHvH',702,3,5,'2024-01-18 06:41:12.886597','2024-01-18 06:41:12.886597',NULL),(703,'TjbSVZAfKnPfbEdMHxhglECnBZCZw4',703,3,5,'2024-01-18 06:41:50.667000','2024-01-18 06:41:50.667000',NULL),(704,'zFL8WDhn6OQkAmCLcesKXsOZWy0Pnv',704,3,48,'2024-01-18 06:42:15.096536','2024-01-18 06:42:15.096536',NULL),(705,'BHDH7ciMDAJCjuLm58mS1uYwE5ZNWO',705,3,48,'2024-01-18 06:58:58.655039','2024-01-18 06:58:58.655039',NULL),(706,'fTY07JKUeHAkpbwW51vZd9mCypa9o0',706,3,48,'2024-01-18 06:59:39.079837','2024-01-18 06:59:39.081061',NULL),(707,'KRslndaG8lTTW30mUiaLfq20yexTmu',707,3,48,'2024-01-18 06:59:58.189210','2024-01-18 06:59:58.189210',NULL),(708,'i81wuwVGNovrBv8rfWyk6fblTcgvgF',708,3,48,'2024-01-18 07:00:27.440968','2024-01-18 07:00:27.440968',NULL),(709,'qRgdSe0hOldVE1fb3Rz6mzG6ujXbC6',709,3,48,'2024-01-18 07:02:03.885124','2024-01-18 07:02:03.885124',NULL),(710,'MCZZ85LzjWWcMwTFovLR9lTD5kiCcZ',710,3,48,'2024-01-18 07:07:18.382285','2024-01-18 07:07:18.382285',NULL),(711,'RXESPsiUCmvkeydJ2sHQ186jfYz8O7',711,3,48,'2024-01-18 07:08:37.045037','2024-01-18 07:08:37.045037',NULL),(712,'LJ6uR8qXkF2co30oBg1SkoMZOV4fPU',712,3,48,'2024-01-18 07:08:59.571666','2024-01-18 07:08:59.571666',NULL),(713,'YNWdzXmN85F85RXk0zvQ6XzD1VvUvM',713,3,48,'2024-01-18 07:10:32.698067','2024-01-18 07:10:32.698067',NULL),(714,'t5HVTQGkpARAdOiqtAegWOUC262t4t',714,3,48,'2024-01-18 07:12:16.499053','2024-01-18 07:12:16.499053',NULL),(715,'B3YMT0E9hvgorldBYXWmZ4rL56seEI',715,3,48,'2024-01-18 07:12:58.035984','2024-01-18 07:12:58.035984',NULL),(716,'05ebZExya2LLm8t7cWUFJnJrtCYtcV',716,3,48,'2024-01-18 07:13:51.973591','2024-01-18 07:13:51.973591',NULL),(717,'svWDRyhqOSSYiC415m5gn75EcnNnmV',717,3,48,'2024-01-18 07:15:29.274911','2024-01-18 07:15:29.274911',NULL),(718,'52Hnn44lmG0Va3XOaa0GkkmgVi0XSN',718,3,48,'2024-01-18 07:16:28.302871','2024-01-18 07:16:28.302871',NULL),(719,'8Wq2GLQNKmS5WHTbWCrswUonWwPHrE',719,3,48,'2024-01-18 07:17:19.243837','2024-01-18 07:17:19.243837',NULL),(720,'Df6DUXYmFyzZh0PXCqvZgU5c0O683L',720,3,48,'2024-01-18 07:18:19.721145','2024-01-18 07:18:19.721145',NULL),(721,'fVgXRVP77tKo4GmQZYyNnmLJBP1rnx',721,3,48,'2024-01-18 07:19:13.994047','2024-01-18 07:19:13.994047',NULL),(722,'n6STpI4p2OZlGWEpLmQD5alA1FSJo0',722,3,48,'2024-01-18 07:19:54.790606','2024-01-18 07:19:54.790606',NULL),(723,'FHVfWZdthKbMFeWIzE61zZHS1OAeQo',723,3,48,'2024-01-18 07:20:08.629924','2024-01-18 07:20:08.629924',NULL),(724,'nOi0sOG5qNb9h1l88f474rMg0zrnHC',724,3,48,'2024-01-18 07:21:32.075295','2024-01-18 07:21:32.075295',NULL),(725,'2DHodBAeznZfdGtdKNEFihDK4F7KeS',725,3,48,'2024-01-18 07:26:33.283341','2024-01-18 07:26:33.283341',NULL),(726,'86UNTpxMfI32QbAT7QMYCRsqPvqQD6',726,3,48,'2024-01-18 07:29:15.931211','2024-01-18 07:29:15.931211',NULL),(727,'kToH8rweBfLdzsqoHsNI1QKf6wDdvg',727,3,48,'2024-01-18 07:31:35.588420','2024-01-18 07:31:35.588420',NULL),(728,'4vu5x3cfzSKRNmoj89jvEEuPE5eg3M',728,3,48,'2024-01-18 07:32:07.147337','2024-01-18 07:32:07.147337',NULL),(729,'WVgxhK5SyL52WJIuhJGeD1zFsaMHOH',729,3,48,'2024-01-18 07:33:00.789234','2024-01-18 07:33:00.789234',NULL),(730,'Qf7zyCnRdXDdjUeEMnc5vjNsA8gzDs',730,3,48,'2024-01-18 07:34:52.155385','2024-01-18 07:34:52.155385',NULL),(731,'M2XUyMkdpF8tpAkMeBxFsASeYHD9xW',731,3,48,'2024-01-18 07:35:38.995069','2024-01-18 07:35:38.995069',NULL),(732,'MDvHhX2bUgDYJYdGN2dd6sdOYpwK5a',732,3,48,'2024-01-18 07:41:57.074094','2024-01-18 07:41:57.074094',NULL),(733,'SwbZZXaU2piR72tlzhv9UVp00sPNuO',733,3,48,'2024-01-18 07:42:56.023448','2024-01-18 07:42:56.023448',NULL),(734,'LamdpWZrOYhTP7Q0LpYz5SibD8utUF',734,3,48,'2024-01-18 07:46:48.904671','2024-01-18 07:46:48.904671',NULL),(735,'68vy1mb5r8KHiUGZSyh3Fi5uFtjTow',735,3,48,'2024-01-18 07:49:14.631210','2024-01-18 07:49:14.631210',NULL),(736,'CWoez4ehArTyxt4P9UZmuXKfpCfGk1',736,3,48,'2024-01-18 07:53:29.085289','2024-01-18 07:53:29.085289',NULL),(737,'l89c3kYWrswFZrkW5v3D2b3OULOgBK',737,3,48,'2024-01-18 08:01:28.713286','2024-01-18 08:01:28.713286',NULL),(738,'w4TKT8jhS9tNTxlfECGELp5W3rhQBC',738,3,48,'2024-01-18 08:11:47.430640','2024-01-18 08:11:47.430640',NULL),(739,'LJmNHKusvzF2BTvQhsGy9x4KAatFB9',739,3,48,'2024-01-18 08:12:15.758856','2024-01-18 08:12:15.758856',NULL),(740,'193pIYYpjPwrMAbajHGtwka04WbE9r',740,3,48,'2024-01-18 08:13:14.323045','2024-01-18 08:13:14.323045',NULL),(741,'mXmc53428bnzRtHscYieZbrEBiKf2D',741,3,48,'2024-01-18 08:23:55.098160','2024-01-18 08:23:55.098160',NULL),(742,'t8C2fzhMmriEM9g9BBGiM4M2vHyD4T',742,3,48,'2024-01-18 08:25:07.283272','2024-01-18 08:25:07.283272',NULL),(743,'U4RBsaDAZGzb1YSWRNxAAMJkWpc5Vj',743,3,48,'2024-01-18 08:27:05.847740','2024-01-18 08:27:05.847740',NULL),(744,'vCZPgI7yZUH1Kdgm86mVWTHpUMnm09',744,3,48,'2024-01-18 08:29:47.979030','2024-01-18 08:29:47.979030',NULL),(745,'LjJDKZM7cfPBFtTkm80nEI8p2jzGPr',745,3,2,'2024-01-18 08:32:52.977223','2024-01-18 08:32:52.977223',NULL),(746,'n126gyzxhHNcoJMua4DgEqAgoqdrQ2',746,3,48,'2024-01-18 08:33:09.541417','2024-01-18 08:33:09.541417',NULL),(747,'QrckagtzaAapm1JH7dKdjG3b1epgzN',747,3,2,'2024-01-18 08:41:18.890612','2024-01-18 08:41:18.890612',NULL),(748,'mD4dO5HztDsae68cYSPVdlFnk6xIkJ',748,3,48,'2024-01-18 08:43:53.467197','2024-01-18 08:43:53.468184',NULL),(749,'xYlPhdwc0KojbnDI63UUR468tYFmLo',749,3,48,'2024-01-18 08:45:37.641744','2024-01-18 08:45:37.641744',NULL),(750,'TQscDRbpOP1GsVNkwTfSlBSR8Q0xBM',750,3,48,'2024-01-18 08:48:19.568373','2024-01-18 08:48:19.569374',NULL),(751,'QVbiNpXibsAOa0ZfQmVI5RKNHMXPHA',751,3,48,'2024-01-18 08:49:57.562606','2024-01-18 08:49:57.562606',NULL),(752,'0rYhu9tDRhsX6Y6XLaST7SsLDIJzuw',752,3,48,'2024-01-18 08:55:17.007186','2024-01-18 08:55:17.007186',NULL),(753,'MNHSIfjP43wWO2xpAMyCbpCXXCkVZf',753,3,48,'2024-01-18 08:55:31.736236','2024-01-18 08:55:31.736236',NULL),(754,'v9jsMMNIehxJboxcW3dqqdS41HNIGc',754,3,48,'2024-01-18 09:05:10.154316','2024-01-18 09:05:10.154316',NULL),(755,'gLP5lgeq29ar4L34KdI64wJbA2184L',755,3,48,'2024-01-18 09:08:50.334981','2024-01-18 09:08:50.334981',NULL),(756,'sbrp5SyeoD7GTCA5Repe6zzOiyG0u0',756,3,48,'2024-01-18 09:09:41.343738','2024-01-18 09:09:41.343738',NULL),(757,'qNRBF8zyTcMMokMIGjtR5wOpqZ0KiJ',757,3,48,'2024-01-18 09:10:13.027412','2024-01-18 09:10:13.027412',NULL),(758,'HmeQM1OeGwAtKXONIyN5n9IG8JgRVk',758,3,48,'2024-01-18 09:10:36.540864','2024-01-18 09:10:36.540864',NULL),(759,'TjrXEZgHUT46SqidSvVON4Om9b7OdX',759,3,48,'2024-01-18 09:12:55.122253','2024-01-18 09:12:55.123260',NULL),(760,'9gCdNwJ0G6vqsm1aBUgyRuWQgtmFaj',760,3,48,'2024-01-18 09:20:15.581201','2024-01-18 09:20:15.581201',NULL),(761,'H0iTxvJRuUhZil2KzSc75d848p8awT',761,3,48,'2024-01-18 09:21:39.001271','2024-01-18 09:21:39.001271',NULL),(762,'DmTrjERH9foxPu9m5pikIZ3stoBhsn',762,3,48,'2024-01-18 09:23:09.320317','2024-01-18 09:23:09.320317',NULL),(763,'WOpfAybznre2WV6oaur4PRDScz1yRQ',763,3,48,'2024-01-18 09:49:54.833433','2024-01-18 09:49:54.833433',NULL),(764,'tvbzBrnXZYJOFGvT6zO46rRCDbKfcO',764,3,48,'2024-01-18 09:53:14.496051','2024-01-18 09:53:14.496051',NULL),(765,'mTBRRs6ndUuFXtxjk1s0hai3FLtyuR',765,3,48,'2024-01-18 10:12:14.260677','2024-01-18 10:12:14.260677',NULL),(766,'MRzA8thsshKoRn5tnkxp70hGhgI812',766,3,2,'2024-01-18 10:13:26.095920','2024-01-18 10:13:26.095920',NULL),(767,'4ScquB1IMu6ejtUyN0jupIk8Pxm4wK',767,3,48,'2024-01-18 10:17:15.895162','2024-01-18 10:17:15.895162',NULL),(768,'B6H2K46PRIiinOwFgGCDgPaIo11QWJ',768,3,48,'2024-01-18 10:17:43.820804','2024-01-18 10:17:43.820804',NULL),(769,'7xs8DBvFnjHG9jGCp0EPoMEKVmpoZP',769,3,48,'2024-01-18 10:18:31.180549','2024-01-18 10:18:31.180549',NULL),(770,'UtWvzAYn8tDNDEfrOUXAnB7VGWswWw',770,3,2,'2024-01-18 10:19:11.886205','2024-01-18 10:19:11.886205',NULL),(771,'E4fiwCMCwpGbhklPcbtQ7ehGY6khcu',771,3,48,'2024-01-18 10:19:38.195444','2024-01-18 10:19:38.195444',NULL),(772,'NyPviNRwbCIwxh2RRXoFgl3VClOmSh',772,3,2,'2024-01-18 10:19:55.439520','2024-01-18 10:19:55.440506',NULL),(773,'9fJx2Q53nY5vszz553aj1q7Jofts7R',773,3,48,'2024-01-18 10:20:22.565407','2024-01-18 10:20:22.565407',NULL),(774,'5iblEX8WOKTln4DFdtw888HvdKRRgx',774,3,48,'2024-01-18 10:20:51.432495','2024-01-18 10:20:51.432495',NULL),(775,'V49udC8XeItYta1XImkXqjjCRmXSkZ',775,3,48,'2024-01-18 10:22:41.596704','2024-01-18 10:22:41.596704',NULL),(776,'GvbQ0epHk4V6ZYMuuJwDqCsnAJsv4f',776,3,2,'2024-01-18 10:32:29.567253','2024-01-18 10:32:29.567253',NULL),(777,'P7y2mULRjdE1FtlD5G6qroWwljvwbc',777,3,48,'2024-01-18 10:33:06.555772','2024-01-18 10:33:06.555772',NULL),(778,'nZwT77PwFfK0l7ErACI7LhYacUj08A',778,3,48,'2024-01-18 10:35:28.070968','2024-01-18 10:35:28.070968',NULL),(779,'Myl0cD0J0vBGJ5WScfoNjruFrmQlfp',779,3,48,'2024-01-18 10:36:53.829745','2024-01-18 10:36:53.830722',NULL),(780,'4TrxmGECZuWa7A0Cq9ZyvUIc5nAYNn',780,3,48,'2024-01-18 10:37:30.668349','2024-01-18 10:37:30.668349',NULL),(781,'VIQlEgJXWd6ScfcnNAzVhz5D3o7hbJ',781,3,2,'2024-01-18 10:40:29.444579','2024-01-18 10:40:29.444579',NULL),(782,'b2UYitnLyb7Lg79uGabXTq2p3NCkDk',782,3,48,'2024-01-19 07:24:43.800190','2024-01-19 07:24:43.800190',NULL),(783,'JOGBvVX3NcMNIURnZLyC6dRpGfG62J',783,3,48,'2024-01-19 07:26:15.801783','2024-01-19 07:26:15.801783',NULL),(784,'ovoAbNpggXx1ZltFT9uwHRYd2qwALx',784,3,48,'2024-01-19 07:58:11.993575','2024-01-19 07:58:11.993575',NULL),(785,'fMLr4RBmGq5lYqk79FviwNzvEMhMzq',785,3,48,'2024-01-19 08:04:59.836342','2024-01-19 08:04:59.836342',NULL),(786,'CdQ4wqcRnItf7VfOpozqrloWBXpr6f',786,3,48,'2024-01-19 08:31:57.078888','2024-01-19 08:31:57.078888',NULL),(787,'J1626hfvpnOPRKzVt3EaN0lsqaIxCX',787,3,48,'2024-01-19 11:16:59.357093','2024-01-19 11:16:59.357093',NULL),(788,'0RcPzKzZNzkQam5WKppyozdOzlq19u',788,3,48,'2024-01-19 11:41:08.390146','2024-01-19 11:41:08.390146',NULL),(789,'0DBP9RcO4SzpkbsrHkLrMX5KvKcI5g',789,3,48,'2024-01-22 09:03:02.997559','2024-01-22 09:03:02.997559',NULL),(790,'LIsnXH9KWRcHROMBXXMOh4GElG86C6',790,3,48,'2024-01-22 09:07:11.232651','2024-01-22 09:07:11.232651',NULL),(791,'QeiDe59Nkh0PLc1ODqEpMJ0wmdOvLH',791,3,48,'2024-01-22 09:41:04.225955','2024-01-22 09:41:04.226934',NULL),(792,'Vz0FEvbW6xEDf9O4BH7RgMDyXAlpz9',792,3,48,'2024-01-22 17:38:46.263904','2024-01-22 17:38:46.263904',NULL),(793,'tAxW8IHI6LuQvPiOmuxHSSuLbZjPLG',793,3,48,'2024-01-23 02:57:17.750156','2024-01-23 02:57:17.751135',NULL),(794,'Z23NgjrOTx5udMKqXpUvt7kXjyg7Fk',794,3,2,'2024-01-23 03:12:36.534815','2024-01-23 03:12:36.534815',NULL),(795,'LtdLKvDMVwJnI2AaMOt5VEfykaJp4l',795,3,2,'2024-01-23 03:27:20.453027','2024-01-23 03:27:20.453027',NULL),(796,'bNj5cfI3U9RavUtUqIL0JJNekYR5us',796,3,2,'2024-01-23 03:28:15.735672','2024-01-23 03:28:15.735672',NULL),(797,'8pqO1u3uhMPLFWhO1jQcwDRR7aQGDc',797,3,2,'2024-01-23 03:29:09.253674','2024-01-23 03:29:09.253674',NULL),(798,'NQHdUZ5q2jlMAebjVaYxo9VCoxruBC',798,3,2,'2024-01-23 03:34:03.510932','2024-01-23 03:34:03.510932',NULL),(799,'AiMGgCYOGaHovLnGkUuLXgZbCIh5V7',799,3,48,'2024-01-23 03:45:38.428358','2024-01-23 03:45:38.428358',NULL),(800,'JbenhoP89fnaoa3qujzebiP2fyBQcE',800,3,2,'2024-01-23 04:03:09.450440','2024-01-23 04:03:09.450440',NULL),(801,'Z7nlzQELVjc8no9Rl2oJgk3TxYHWbD',801,3,2,'2024-01-23 07:59:57.134897','2024-01-23 07:59:57.134897',NULL),(802,'AOkpZOKFAweHPrmg1lMrd7An7OBUtN',802,3,2,'2024-01-23 08:03:56.833382','2024-01-23 08:03:56.833382',NULL),(803,'GtBUFUJaR8sbcEJBBYQDDQUBmJoAGr',803,3,2,'2024-01-23 08:06:54.013776','2024-01-23 08:06:54.013776',NULL),(804,'dGihSUjCChe0nRo9UsGpfuFqDSqH3F',804,3,2,'2024-01-23 08:09:34.815576','2024-01-23 08:09:34.816566',NULL),(805,'ZyDi75xZYORXjo9NRsKSgFvCnxidgC',805,3,2,'2024-01-23 08:10:06.639316','2024-01-23 08:10:06.639316',NULL),(806,'tHuep9ITpew3GqNKu8KaS3PLerXPLd',806,3,48,'2024-01-23 08:13:16.269228','2024-01-23 08:13:16.269228',NULL),(807,'iQLslnkicXNoYzAACSGjYN0LrLp5kX',807,3,48,'2024-01-23 08:14:11.920740','2024-01-23 08:14:11.920740',NULL),(808,'LTqfCRJRtwsJUDCEqjnCoiH1EnuxQd',808,3,48,'2024-01-23 08:15:10.028416','2024-01-23 08:15:10.028416',NULL),(809,'jv4rgqFUFjlJy15AQo0yl32t6ZOdig',809,3,48,'2024-01-23 08:16:00.190459','2024-01-23 08:16:00.190459',NULL),(810,'Ip55FRPIvFhKW41NgjMTvUhOn6mEUe',810,3,48,'2024-01-23 08:17:08.960939','2024-01-23 08:17:08.960939',NULL),(811,'xLvnyeaLCuheCQQlBPk31w41qoFCZt',811,3,48,'2024-01-23 08:17:09.355102','2024-01-23 08:17:09.356098',NULL),(812,'E3RKwJ5vCfetJBwjYCcP3btJAAdNl1',812,3,48,'2024-01-23 08:19:49.636756','2024-01-23 08:19:49.636756',NULL),(813,'F4ioG4pi783i3GpVtIV7Kq84gSaeoO',813,3,48,'2024-01-23 08:36:41.635331','2024-01-23 08:36:41.635331',NULL),(814,'2t33GtMXYgewGURgWxbUBXFIOJdhVm',814,3,48,'2024-01-23 08:39:16.629114','2024-01-23 08:39:16.629114',NULL),(815,'k9pcpbKHlsLv3jPvIPX6cGFX5zS5vC',815,3,48,'2024-01-23 08:42:14.190006','2024-01-23 08:42:14.190006',NULL),(816,'YqVZO76R3IMHJFHLSmax8QcwAnrWD9',816,3,48,'2024-01-23 08:43:46.727933','2024-01-23 08:43:46.727933',NULL),(817,'7l2CQW913V8j7tGFuZqV309f42l19D',817,3,48,'2024-01-23 08:48:19.947613','2024-01-23 08:48:19.947613',NULL),(818,'WK4rYwJg7Rkhiu3NtGdkhXRc4eXvwB',818,3,48,'2024-01-23 08:51:23.641885','2024-01-23 08:51:23.641885',NULL),(819,'TXYgxk661OHsb1mMKqwFK019rR7Num',819,3,48,'2024-01-23 09:02:41.872784','2024-01-23 09:02:41.872784',NULL),(820,'HiTQRszRcwQVJ5yXfudczoD1hs3T8c',820,3,48,'2024-01-23 09:05:04.504400','2024-01-23 09:05:04.504400',NULL),(821,'f8TILRZeQrcyiL5FTi45iDwTL34kOY',821,3,48,'2024-01-23 09:10:10.836804','2024-01-23 09:10:10.836804',NULL),(822,'uryoDFikNwt3pX4NNKsf3Xcu1MXsJ6',822,3,48,'2024-01-23 09:13:43.285947','2024-01-23 09:13:43.287022',NULL),(823,'KtkCBJUf2Ppj3aBmEE0bHOz0gbBU41',823,3,48,'2024-01-23 09:14:46.145703','2024-01-23 09:14:46.145703',NULL),(824,'dBYWvnPzmmfpc7nQ4uqg0LaWwLsCss',824,3,48,'2024-01-23 09:16:37.846694','2024-01-23 09:16:37.846694',NULL),(825,'IZwfLgzMx8thK4G48mcc21gSEmCDr6',825,3,48,'2024-01-23 09:18:20.278215','2024-01-23 09:18:20.278215',NULL),(826,'kyt8ys4ATiNuY64YGYKMDEh2aFCkHk',826,3,48,'2024-01-23 09:20:28.141082','2024-01-23 09:20:28.141082',NULL),(827,'QwX6K2nvpsewujMDGjnIPL9FpbdZPC',827,3,48,'2024-01-23 09:27:14.698738','2024-01-23 09:27:14.698738',NULL),(828,'MRQlpBFmMMGbaskowmGiOyavQcklrv',828,3,48,'2024-01-23 09:43:26.222269','2024-01-23 09:43:26.222269',NULL),(829,'N5S1rvgJOLHC8MaS3UwXoOmHaAsCuE',829,3,48,'2024-01-23 09:45:29.280563','2024-01-23 09:45:29.280563',NULL),(830,'xkbfNAuFCe6CBWj57zUcmP9yCdyC5E',830,3,48,'2024-01-23 09:48:29.550079','2024-01-23 09:48:29.550079',NULL),(831,'ecu4O7pecNPHkzrFSnbXXM5IkKQfFk',831,3,48,'2024-01-23 10:00:37.736221','2024-01-23 10:00:37.736221',NULL),(832,'pSyzAXUi7I9ibFD52DJwwuqQ3m9tR1',832,3,2,'2024-01-23 10:01:36.833990','2024-01-23 10:01:36.833990',NULL),(833,'guzbze1fZDoTRFbblRjjFpnJhD4E5x',833,3,48,'2024-01-23 10:04:54.954673','2024-01-23 10:04:54.954673',NULL),(834,'Ws205pn55yLC1VxLYqyv7RRddVniUX',834,3,48,'2024-01-23 10:07:52.324431','2024-01-23 10:07:52.324431',NULL),(835,'vouRIcDOQUuafcywYMmobRs4ZB0umZ',835,3,48,'2024-01-23 10:24:45.662504','2024-01-23 10:24:45.662504',NULL),(836,'C4UqdhbwbJsOn7aEDIOQYJa8opeebx',836,3,7,'2024-01-23 10:27:40.024855','2024-01-23 10:27:40.024855',NULL),(837,'tFXpdkcfu6qwrJ29wmJYFBRM5FAaMi',837,3,7,'2024-01-23 10:31:27.842646','2024-01-23 10:31:27.842646',NULL),(838,'70SI1k2JZJbOxbclJdxDVwkQEvR22K',838,3,7,'2024-01-23 10:32:37.747864','2024-01-23 10:32:37.747864',NULL),(839,'agdZ8T9d0GW7M5T2V1EpepdC5OQiaP',839,3,7,'2024-01-23 10:33:30.827810','2024-01-23 10:33:30.827810',NULL),(840,'694NWPO9Pnlxfiq7OFfj40gWVKM3Pe',840,3,7,'2024-01-23 10:41:24.177706','2024-01-23 10:41:24.177706',NULL),(841,'qnR3klDgjPQMdP44sgxkLVovrEBi1N',841,3,2,'2024-01-23 10:42:17.939491','2024-01-23 10:42:17.939491',NULL),(842,'M4VgxDe5ZtSsmnpcsiWgzvqOkOQOl7',842,3,48,'2024-01-23 10:42:31.009940','2024-01-23 10:42:31.009940',NULL),(843,'4UiGY0nC0932SzD8E8Bv8GyhW3i7lC',843,3,4,'2024-01-23 10:42:44.041865','2024-01-23 10:42:44.041865',NULL),(844,'LNqXJcAEFo5RMpkGI3CXDtvD5jRsbd',844,3,7,'2024-01-23 10:43:16.997612','2024-01-23 10:43:16.997612',NULL),(845,'0TGx3fJV2n0xWUBMjiVgIo2GEMTKdW',845,3,7,'2024-01-23 10:44:40.261665','2024-01-23 10:44:40.261665',NULL),(846,'wvDt2ni0Xs16CXKGZ5mjCAoB8a7CZI',846,3,4,'2024-01-23 10:45:00.165007','2024-01-23 10:45:00.165007',NULL),(847,'NUQtMtXkuj8q99fze79Ym22xxTvwvq',847,3,4,'2024-01-23 10:46:10.530278','2024-01-23 10:46:10.530278',NULL),(848,'BA9D7SpX97rfdjV9mhOAi9sbursTY6',848,3,7,'2024-01-23 10:46:23.248757','2024-01-23 10:46:23.249753',NULL),(849,'3cXlwodhKIbYMzFvSFpefWAMqDmKL2',849,3,4,'2024-01-23 10:46:46.460875','2024-01-23 10:46:46.460875',NULL),(850,'FN0fgFKQD468h6cZTcGT6kUTuPJJgE',850,3,4,'2024-01-23 10:49:04.743624','2024-01-23 10:49:04.743624',NULL),(851,'Q88zNUWvwj2ljq6ySsSsL85RbApnjQ',851,3,4,'2024-01-23 10:52:06.757654','2024-01-23 10:52:06.757654',NULL),(852,'W3Jr5VZNEFn0PmOtNZaLFz5LHP2RnS',852,3,4,'2024-01-23 10:55:34.947646','2024-01-23 10:55:34.947646',NULL),(853,'K8izseZzmYCFzWW36sDT6DfHULFJ8P',853,3,4,'2024-01-23 17:10:07.619018','2024-01-23 17:10:07.619018',NULL),(854,'vlb6md36oZoprC3BfuZ1yKNQ8kHBTa',854,3,48,'2024-01-23 17:18:06.003140','2024-01-23 17:18:06.003140',NULL),(855,'hCJTGrJkOXVAgNBUqY0NTXRSPzVAIf',855,3,48,'2024-01-23 19:14:22.974247','2024-01-23 19:14:22.974247',NULL),(856,'bzDG6UUEBp5j2N8vMgv5YaYS4NkjO0',856,3,48,'2024-01-23 19:21:05.103493','2024-01-23 19:21:05.103493',NULL),(857,'V6w3D0B3othWbCoNMDpwEqmrwi86jO',857,3,48,'2024-01-24 07:25:13.108999','2024-01-24 07:25:13.108999',NULL),(858,'gROj1ClCECqcQLuNKtBdy2F8tfvzaL',858,3,48,'2024-01-24 07:33:19.553118','2024-01-24 07:33:19.553118',NULL),(859,'RzpxXZYgJHytZNuIkiVIx6E838kIw5',859,3,48,'2024-01-24 10:25:09.787195','2024-01-24 10:25:09.787195',NULL),(860,'sfeTAwn6oSNABQD27iLOB08QCJeF6k',860,3,48,'2024-01-24 10:25:30.306608','2024-01-24 10:25:30.306608',NULL),(861,'HFWhE5XYtGkeQQ3GG3YW2iHt6xvjJQ',861,3,48,'2024-01-24 10:26:20.113895','2024-01-24 10:26:20.113895',NULL),(862,'BVP6E2YXETifbrSYWcVOr5l1tZBZHK',862,3,48,'2024-01-24 10:27:58.276524','2024-01-24 10:27:58.276524',NULL),(863,'e4ZVwxLfI44jAZyyiXW3ngP7deiVQI',863,3,48,'2024-01-24 10:32:17.853544','2024-01-24 10:32:17.853544',NULL),(864,'5wGzk8ftKyG9lR0Bmgokcnw9E6S1iD',864,3,48,'2024-01-24 10:34:06.815973','2024-01-24 10:34:06.815973',NULL),(865,'s4vudNgle77GARPbYhjPQxKxOPFrIL',865,3,48,'2024-01-24 10:37:51.982645','2024-01-24 10:37:51.982645',NULL),(866,'neP19H4AspbjC3ewS53qRQEckSFILc',866,3,48,'2024-01-24 10:39:17.950362','2024-01-24 10:39:17.950362',NULL),(867,'WPTV6LNIFyCEBqCximhLhIMdVkxTnu',867,3,48,'2024-01-24 10:39:34.788740','2024-01-24 10:39:34.789717',NULL),(868,'nrFt4rVUD6A14PlZdznp1pEweSQN29',868,3,48,'2024-01-24 10:45:48.730943','2024-01-24 10:45:48.730943',NULL),(869,'UBcpBCu62gUpBOMe1Q4Pna7PWosyHj',869,3,48,'2024-01-24 10:47:31.321091','2024-01-24 10:47:31.321091',NULL),(870,'K16FcIX5eTdD1APjR2lU57NMA687OB',870,3,48,'2024-01-24 10:49:29.608376','2024-01-24 10:49:29.608376',NULL),(871,'LK0mwiYWlpY9aTCZBEK0Jy6J85dM5v',871,3,48,'2024-01-24 10:52:09.734955','2024-01-24 10:52:09.734955',NULL),(872,'nHBUBZjeDA1KXT5ITPXXxIvjfdYKtw',872,3,48,'2024-01-24 10:53:21.594749','2024-01-24 10:53:21.594749',NULL),(873,'JRYy5o2eeWQyYCNVjTokef0VmZ6yto',873,3,48,'2024-01-24 10:54:08.986766','2024-01-24 10:54:08.986766',NULL),(874,'CEYstHPognLZfredpSQSThdMLcJUx3',874,3,48,'2024-01-24 10:54:45.100197','2024-01-24 10:54:45.100197',NULL),(875,'461HmMHmtP8YxawO6K82uJjWAsAhGH',875,3,48,'2024-01-24 10:57:16.491914','2024-01-24 10:57:16.491914',NULL),(876,'aY6SL4qC6kRbcpeXbBSIEWl9bxDFzU',876,3,48,'2024-01-24 11:01:03.875144','2024-01-24 11:01:03.875144',NULL),(877,'ZgFoKiDnalLcJP173UOEwX1Rpl2Ot8',877,3,48,'2024-01-25 02:42:33.109215','2024-01-25 02:42:33.109215',NULL),(878,'wYdz9qzWftZJVKEVbHlPCCo6MuzSek',878,3,48,'2024-01-25 02:46:47.364095','2024-01-25 02:46:47.364095',NULL),(879,'qqlsLSM1P4zYgLYAmLOuFc9evJ58ar',879,3,48,'2024-01-25 04:46:32.008341','2024-01-25 04:46:32.008341',NULL),(880,'3Q3REssqFdU8s7cjTIP8h9givJbOYo',880,3,4,'2024-01-25 04:47:44.863438','2024-01-25 04:47:44.864478',NULL),(881,'BipF7REuAti2YoBF4Na9XFmCFklDT9',881,3,2,'2024-01-25 04:48:53.420275','2024-01-25 04:48:53.420275',NULL),(882,'Xn1RPMkrOudzpEoSHNJy0yiJjHJC9H',882,3,48,'2024-01-25 04:55:52.582467','2024-01-25 04:55:52.582467',NULL),(883,'Qy3tEzegWUH0lz7aorGUrckR7Ad9sr',883,3,48,'2024-01-25 04:57:53.582946','2024-01-25 04:57:53.582946',NULL),(884,'sm4tBOOtkbGL9RXPbXOssoZzua37dL',884,3,48,'2024-01-25 05:00:32.362725','2024-01-25 05:00:32.362725',NULL),(885,'qrI4GcFUQLtfPppIU2tGMbvE9fVsgG',885,3,48,'2024-01-25 06:30:58.599082','2024-01-25 06:30:58.599082',NULL),(886,'vQEmvLXljojkxIjsBKHUsYLPUlb670',886,3,48,'2024-01-25 06:32:48.375453','2024-01-25 06:32:48.375453',NULL),(887,'QfTmDxhz2qedlmqj3eQ3YQXpknlxB9',887,3,48,'2024-01-25 06:34:38.919898','2024-01-25 06:34:38.919898',NULL),(888,'Fbfxqj4OudrPUtxB66R5lEmKs0Zncc',888,3,48,'2024-01-25 06:35:12.987480','2024-01-25 06:35:12.987480',NULL),(889,'U9z4hTQZ89NPzd7ir5xEi5TGO0ijCk',889,3,48,'2024-01-25 06:36:12.029383','2024-01-25 06:36:12.029383',NULL),(890,'05IWfczniOBFL3BMI6rb6n8uvEdhUT',890,3,48,'2024-01-25 06:36:43.565159','2024-01-25 06:36:43.565159',NULL),(891,'xiKbQdKduUTJnHvR3TTnyPTKbl11jq',891,3,48,'2024-01-25 06:38:16.582967','2024-01-25 06:38:16.582967',NULL),(892,'rBS5XabTvYZ78AAmUOfFHBXJcIz06W',892,3,48,'2024-01-25 06:38:54.589019','2024-01-25 06:38:54.589019',NULL),(893,'ZPVEw0JLXeJ1b2QXMqGaRbjhkO1ZfH',893,3,48,'2024-01-25 06:40:44.011946','2024-01-25 06:40:44.011946',NULL),(894,'VeKzaHT1LnhmKbAehZWlX8OvQeF07Q',894,3,48,'2024-01-25 06:44:09.015732','2024-01-25 06:44:09.015732',NULL),(895,'BzRMYaKJpBuT2X6PNMSnXedEOUhiKr',895,3,48,'2024-01-25 06:45:40.443681','2024-01-25 06:45:40.443681',NULL),(896,'BSfnCGOIpEBAIEHVIS3aIOqLQDAZ9q',896,3,48,'2024-01-25 06:46:39.335742','2024-01-25 06:46:39.335742',NULL),(897,'l1alRvd1mHza5pI8pe6bMWTQrLqeml',897,3,48,'2024-01-25 06:47:44.806757','2024-01-25 06:47:44.806757',NULL),(898,'yCLX7r2gh7jmDh3w96Qznx4hcUarsk',898,3,48,'2024-01-25 06:48:40.216942','2024-01-25 06:48:40.216942',NULL),(899,'GPJTCOAxkUK6vpRgEdom7BWWmZqhPK',899,3,48,'2024-01-25 06:50:03.143612','2024-01-25 06:50:03.143612',NULL),(900,'GIr859plJQiSoDDyG68vv6JPmAunYh',900,3,7,'2024-01-25 06:53:40.783822','2024-01-25 06:53:40.783822',NULL),(901,'Ljgef8nj03MZE7p8J92PtMtqA01ZD9',901,3,48,'2024-01-25 06:59:29.367067','2024-01-25 06:59:29.367067',NULL),(902,'XynBDrijZRfdQg7X0gvwbbgRXjsYiq',902,3,48,'2024-01-25 07:00:06.023065','2024-01-25 07:00:06.023065',NULL),(903,'JNMgOlQW6UMTTXvoCJcrXTrhkVyM2C',903,3,48,'2024-01-25 07:01:06.811566','2024-01-25 07:01:06.811566',NULL),(904,'53f3eSRF5iSPILQpcBFnveZyZlU0w6',904,3,48,'2024-01-25 07:02:03.639391','2024-01-25 07:02:03.639391',NULL),(905,'T3FjwzEp4SKGpwlcCK1Ld53CMmnxGY',905,3,48,'2024-01-25 07:02:59.104184','2024-01-25 07:02:59.104184',NULL),(906,'JKtjJmXq35uTotNt1CBmn7MHZv0Jyr',906,3,48,'2024-01-25 08:42:44.066352','2024-01-25 08:42:44.066352',NULL),(907,'xTGWGHvnyGllRY1Q5aqjiffRL64SeN',907,3,48,'2024-01-25 08:50:54.605274','2024-01-25 08:50:54.605274',NULL),(908,'m2FyT7e6XNm33Ik7ap42iFk5qpguiJ',908,3,48,'2024-01-25 09:09:03.946886','2024-01-25 09:09:03.946886',NULL),(909,'WDP98ROm6vBgrOKWifalu3AkPy0QYh',909,3,48,'2024-01-25 09:09:38.113577','2024-01-25 09:09:38.113577',NULL),(910,'QWBt6e2sAXxwqHiphVc0jZbDZICS2Q',910,3,48,'2024-01-25 09:38:22.479032','2024-01-25 09:38:22.479032',NULL),(911,'hctTMSYQJO9AuDOa7rrp4sKfo7wcdT',911,3,48,'2024-01-25 09:38:58.720355','2024-01-25 09:38:58.720355',NULL),(912,'02sxvsa0GZqSrnNOYbtMVbHI2DY88D',912,3,48,'2024-01-25 09:52:46.587148','2024-01-25 09:52:46.587148',NULL),(913,'sdqjmtjQq8hqKn1irkWIznSkVHv2xL',913,3,48,'2024-01-25 09:55:31.268802','2024-01-25 09:55:31.268802',NULL),(914,'NEeCTLY2ITvu9mAixxWswgsw46fFbV',914,3,48,'2024-01-25 14:26:30.295327','2024-01-25 14:26:30.295327',NULL),(915,'R7MmjK9NsGdpWkohezTZ4grnHQWCkv',915,3,48,'2024-01-25 14:29:00.902226','2024-01-25 14:29:00.902226',NULL),(916,'mVNK6JFDH8dnd1tKric2i1FoBkWfmq',916,3,48,'2024-01-25 14:58:11.506996','2024-01-25 14:58:11.506996',NULL),(917,'qTHZpfDWSar9sgDIoz8LP0OXEqRhQi',917,3,48,'2024-01-25 15:29:51.720915','2024-01-25 15:29:51.720915',NULL),(918,'Wn2LcelcLmXxH6jRyV4cxrjnBGXCYB',918,3,48,'2024-01-25 15:35:51.741505','2024-01-25 15:35:51.741505',NULL),(919,'x8bphy5h9ySZUxCfHEJFp1c12jE7O4',919,3,48,'2024-01-25 15:40:31.556763','2024-01-25 15:40:31.556763',NULL),(920,'SR3ZdHVA5g8Bvc6O72VhZIixF3j3cP',920,3,48,'2024-01-25 15:52:31.032099','2024-01-25 15:52:31.032099',NULL),(921,'sp8dS8vRzCzW4mjbsVXLH2OGCL8bJA',921,3,48,'2024-01-25 15:56:34.337109','2024-01-25 15:56:34.337109',NULL),(922,'6PeQ4DPq6d129f08tBqdkpdqkK09WA',922,3,48,'2024-01-25 15:57:29.346171','2024-01-25 15:57:29.346171',NULL),(923,'gIFokCZLFYu9yN5Vm87xjojrG14dP9',923,3,48,'2024-01-25 16:18:06.506964','2024-01-25 16:18:06.506964',NULL),(924,'b1PpvNo1pQ0CfMrbBmGHbFBAY419Ea',924,3,48,'2024-01-25 16:19:27.791493','2024-01-25 16:19:27.791493',NULL),(925,'Lnsw9KsylEJPK6hGDo1PBaU6KSOYKQ',925,3,48,'2024-01-25 16:20:46.943425','2024-01-25 16:20:46.943425',NULL),(926,'kLwCWALGPhGbnjMzNPIqn0QrhKeJch',926,3,48,'2024-01-25 16:24:02.283703','2024-01-25 16:24:02.283703',NULL),(927,'eLPP71NtH4XT9RdjkMKdcRAYtcsKQr',927,3,48,'2024-01-25 16:26:41.876340','2024-01-25 16:26:41.876340',NULL),(928,'JttX68R83NwgT02GymqgM5CJFjU3cp',928,3,48,'2024-01-25 16:27:56.479222','2024-01-25 16:27:56.479222',NULL),(929,'9dRjwwRwD3esi54gGAAkpjM1NrxN73',929,3,48,'2024-01-25 16:29:03.734819','2024-01-25 16:29:03.734819',NULL),(930,'wSKDeRqi937jTcjHuunvo9BW73vc0b',930,3,48,'2024-01-25 16:30:01.951653','2024-01-25 16:30:01.951653',NULL),(931,'0SZbcyOe3YuAWHar6mpcfA0nJVA8RG',931,3,48,'2024-01-25 16:30:39.356158','2024-01-25 16:30:39.356158',NULL),(932,'F1JcHWXMJ87U3TTCpVjyeRLJc0tL61',932,3,48,'2024-01-25 16:31:23.455594','2024-01-25 16:31:23.455594',NULL),(933,'NGM6TYYHaQ5fSpC2nHEOyc4NsKEgS3',933,3,48,'2024-01-25 16:32:28.471178','2024-01-25 16:32:28.471178',NULL),(934,'VVWS4bDqLkvE1HBB0fRy6SHYItZthL',934,3,48,'2024-01-25 16:39:44.500891','2024-01-25 16:39:44.500891',NULL),(935,'zKnlmZPncDZMUHEd3yccemnR6gsXpi',935,3,48,'2024-01-25 16:42:46.849058','2024-01-25 16:42:46.849058',NULL),(936,'gofU2qdSulX1fhzh3w8fGTaxN2esTo',936,3,48,'2024-01-25 16:44:08.225433','2024-01-25 16:44:08.225433',NULL),(937,'CSdcrw7EHci9CMIJT0fnkSyHUMmWX9',937,3,48,'2024-01-25 16:44:43.469107','2024-01-25 16:44:43.469107',NULL),(938,'KM5hh4ggVLtp4t7f17p24hcu0fs4R8',938,3,48,'2024-01-25 16:46:03.564003','2024-01-25 16:46:03.564003',NULL),(939,'zjJUtBoB7w677dxPVnwS7ANqhWZXTm',939,3,48,'2024-01-25 16:51:01.643605','2024-01-25 16:51:01.643605',NULL),(940,'u2zzvuTOdx4ValZfOzbt27GzdXmJ37',940,3,48,'2024-01-25 18:27:52.172246','2024-01-25 18:27:52.172246',NULL),(941,'RZtUNDoj2mCcvUBuS1JSM9m4oAMtiU',941,3,48,'2024-01-25 18:28:39.968290','2024-01-25 18:28:39.968290',NULL),(942,'lTcSYpuL4wDRcS6HuFFYuLjxNR1nzR',942,3,48,'2024-01-25 18:29:32.104039','2024-01-25 18:29:32.104039',NULL),(943,'r0iRA5TXVJEZKtGCjyVAvqwLTUT2gD',943,3,48,'2024-01-25 18:34:16.218896','2024-01-25 18:34:16.218896',NULL),(944,'CWA0RvXL9cvIV3mkeEOY1IoiKGLBPF',944,3,2,'2024-01-25 18:34:53.582246','2024-01-25 18:34:53.582246',NULL),(945,'lYDYtn5qXaOyf7ed5bhBG5gUDJIJ70',945,3,48,'2024-01-26 08:23:50.594578','2024-01-26 08:23:50.594578',NULL),(946,'btA6ebFD34FuDnjjoGjKPXXxQ1uYWG',946,3,2,'2024-01-26 08:25:47.239925','2024-01-26 08:25:47.239925',NULL),(947,'jspUyWLwaaPDjLGikVCOURnhdQFwIg',947,3,2,'2024-01-26 08:35:26.348121','2024-01-26 08:35:26.348639',NULL),(948,'KGYytX5CKL4rtm0hf1dk1qsnGcy7cy',948,3,2,'2024-01-26 08:37:47.718609','2024-01-26 08:37:47.718609',NULL),(949,'6mlmGCZouxfcyeukCPPojCohwbRJJy',949,3,2,'2024-01-26 08:41:28.161109','2024-01-26 08:41:28.161109',NULL),(950,'kk80CDxCEbGdhcVpECXZrKYwTRd849',950,3,48,'2024-01-26 09:11:30.231976','2024-01-26 09:11:30.231976',NULL),(951,'bqZxHaTpOzhqKGziEIpQVM03q9K4wg',951,3,48,'2024-01-26 09:18:08.449725','2024-01-26 09:18:08.449725',NULL),(952,'1PWAPyLF9jZ5XKnBbE9ZeOosI2bwuV',952,3,48,'2024-01-26 09:18:40.726282','2024-01-26 09:18:40.726282',NULL),(953,'l32aB8utO4a3ElxWH2tr55fbkWaSUy',953,3,48,'2024-01-26 09:20:43.860679','2024-01-26 09:20:43.860679',NULL),(954,'6jL6N7yRR6wjqsNrzSMjwvMNk3uhDz',954,3,48,'2024-01-26 09:22:12.122358','2024-01-26 09:22:12.122358',NULL),(955,'O1JmUnRQHtHDieoNoVaKagcdDJrfkx',955,3,48,'2024-01-26 09:23:28.311414','2024-01-26 09:23:28.311414',NULL),(956,'rGYQEhzGBbPnmTnlOQqgqsb7J9OAvj',956,3,2,'2024-01-26 09:32:10.575762','2024-01-26 09:32:10.575762',NULL),(957,'u9kvjBERuTPOr6SnnU78wvzdXiK9gf',957,3,2,'2024-01-26 09:32:48.338651','2024-01-26 09:32:48.338651',NULL),(958,'T6Xp6s9lWK0ZY5XG6srWeZq1r07web',958,3,48,'2024-01-26 09:45:33.038257','2024-01-26 09:45:33.038257',NULL),(959,'m3HEnoQljkbGKKiftajDcN1nd5Zk9g',959,3,48,'2024-01-26 09:55:24.928795','2024-01-26 09:55:24.928795',NULL),(960,'xyKqUiV88TUb7wIpDbyqZ5JDlZCImW',960,3,48,'2024-01-26 09:57:02.528000','2024-01-26 09:57:02.528000',NULL),(961,'9HOddIN0sbPaRJ1qtGWQc6U4k8PykC',961,3,48,'2024-01-26 09:58:03.365794','2024-01-26 09:58:03.365794',NULL),(962,'odQJ4shUNyP0LBKeVq9W5u6zyExLoL',962,3,48,'2024-01-26 09:59:30.961483','2024-01-26 09:59:30.961483',NULL),(963,'ThayQWhitStnRzquy4tuIE7hPqmuaQ',963,3,48,'2024-01-26 10:00:54.489337','2024-01-26 10:00:54.489337',NULL),(964,'9cK7oD6QCuFxLiU7xOvmVxC7AWXpK9',964,3,48,'2024-01-26 17:44:14.244539','2024-01-26 17:44:14.244539',NULL),(965,'vSNBlo55d6xBolUDLMrhc5dg2mbx9v',965,3,48,'2024-01-26 18:02:27.018358','2024-01-26 18:02:27.018358',NULL),(966,'RVBh2KqJSNBZxnITOVrcs1zCG4O6LO',966,3,48,'2024-01-26 18:05:27.265978','2024-01-26 18:05:27.265978',NULL),(967,'zbp9An4iRBmaEkXcrV4TNq4VTBKK8D',967,3,48,'2024-01-26 18:06:22.580901','2024-01-26 18:06:22.580901',NULL),(968,'Nhb1POTekj4V4y6ga9nZk6ZCYYPHhk',968,3,48,'2024-01-26 18:06:38.498044','2024-01-26 18:06:38.498044',NULL),(969,'gPq6kIdiPMfPMNK4vkneZnynKzlOzc',969,3,48,'2024-01-26 18:07:22.647849','2024-01-26 18:07:22.647849',NULL),(970,'8oOJuIR9UuBmJi0XneXoYWqwqgWO57',970,3,2,'2024-01-26 18:10:19.284951','2024-01-26 18:10:19.284951',NULL),(971,'Fgm82FfuamwyNvqjAhAvLax9WazE7l',971,3,2,'2024-01-26 18:11:30.474268','2024-01-26 18:11:30.474268',NULL),(972,'9kzyvS8mLohK6fZer0iC0Ufncw5Atz',972,3,2,'2024-01-26 18:12:38.555677','2024-01-26 18:12:38.555677',NULL),(973,'c1IQTVgToC7xBa8UbcjpegwXklV2o4',973,3,2,'2024-01-26 18:13:33.567665','2024-01-26 18:13:33.567665',NULL),(974,'6dKjulcgM1rve0anIDbWBLdsizWU0J',974,3,2,'2024-01-26 18:15:43.275729','2024-01-26 18:15:43.275729',NULL),(975,'On8tjvtqytQqVV77xqx6JQnmsD8sVT',975,3,2,'2024-01-26 18:26:46.706017','2024-01-26 18:26:46.706017',NULL),(976,'wLxGHJAiacKTvVQfcXG1S4HjWjlyvo',976,3,2,'2024-01-26 18:27:51.301612','2024-01-26 18:27:51.301612',NULL),(977,'8j3QBWn27jtbMp3FTn7V85TMT8tZCm',977,3,48,'2024-01-26 19:00:53.699987','2024-01-26 19:00:53.699987',NULL),(978,'oF1fhBFzu1JyGTK59SKdw7wYF7dxq3',978,3,2,'2024-01-26 19:05:59.488900','2024-01-26 19:05:59.488900',NULL),(979,'KIQ9rplXtb4lUSCcOHyhiNOejnFxKl',979,3,2,'2024-01-26 19:08:56.042932','2024-01-26 19:08:56.042932',NULL),(980,'uoSfu3UryLYosu0AGWovsEQsF5c0Mu',980,3,2,'2024-01-26 19:09:34.962056','2024-01-26 19:09:34.962056',NULL),(981,'ZmHjIIxqTvHpftWiytg72h7vlkR3Aa',981,3,2,'2024-01-26 19:10:59.191331','2024-01-26 19:10:59.191331',NULL),(982,'DKmPFLZXPtd4BKCnMJEIhZmvNzjQGg',982,3,2,'2024-01-26 19:11:16.394925','2024-01-26 19:11:16.394925',NULL),(983,'ic3z5eelMUHTVu4jlBkWGXTNw8atfh',983,3,2,'2024-01-26 19:11:57.817894','2024-01-26 19:11:57.817894',NULL),(984,'nl4Cs9LBiS0Hfa4w97A7xl8sGDObz8',984,3,2,'2024-01-26 19:12:54.133739','2024-01-26 19:12:54.133739',NULL),(985,'62h1OnVq2VBC2fKNleHHLibx570zKY',985,3,2,'2024-01-26 19:13:31.169152','2024-01-26 19:13:31.169152',NULL),(986,'GaoTWbsRj3MV13tUBmpUPG2joPs7Bz',986,3,2,'2024-01-26 19:14:40.298215','2024-01-26 19:14:40.298215',NULL),(987,'tuqDOXvddM1flZo2czKRW9BpHTBYPo',987,3,2,'2024-01-26 19:15:38.457471','2024-01-26 19:15:38.457471',NULL),(988,'sW8gPnlVrJKzTI7XEhq8b1lkBxE1GO',988,3,2,'2024-01-26 19:16:04.220138','2024-01-26 19:16:04.220138',NULL),(989,'HFJJNa2B60vC2QQFrSOvA0gGzUDmn3',989,3,2,'2024-01-26 19:16:48.198625','2024-01-26 19:16:48.198625',NULL),(990,'BiWRgD6R80C9wKwVE7xuKGPLtw7SrW',990,3,2,'2024-01-26 19:17:48.167128','2024-01-26 19:17:48.167128',NULL),(991,'VjfQ9pRkMnR7q1BiQcEgIoRHGpDGJw',991,3,2,'2024-01-26 19:18:06.500591','2024-01-26 19:18:06.500591',NULL),(992,'AwaMVQLvO9KQWK2zTdX8Uq2TidGDla',992,3,2,'2024-01-26 19:18:30.676679','2024-01-26 19:18:30.676679',NULL),(993,'iNFY1V4dTyEzhDU7HPbFe9VQ6TAXwq',993,3,2,'2024-01-26 19:18:51.288474','2024-01-26 19:18:51.288474',NULL),(994,'vwjEjDDvkra0bj0TfZQVu6q1Yoot22',994,3,2,'2024-01-26 19:24:56.231118','2024-01-26 19:24:56.231118',NULL),(995,'8VANoVcVHocJLr1wgDW7DIzjHHuNFU',995,3,2,'2024-01-26 19:26:46.514133','2024-01-26 19:26:46.514133',NULL),(996,'Zh1dIlaGOtYUIZBkKvntpvQ7kN1dTP',996,3,2,'2024-01-26 19:40:05.503694','2024-01-26 19:40:05.503694',NULL),(997,'zxifSgqlpbtNZccgVJftL0XUNfOMaZ',997,3,2,'2024-01-26 19:48:03.820040','2024-01-26 19:48:03.820040',NULL),(998,'AoLc0wX64Bat0XIjgJV9it32iDAh53',998,3,2,'2024-01-26 19:55:01.468159','2024-01-26 19:55:01.468159',NULL),(999,'N7p3OPU2Im5YxSjP6wzhfhA4AxBMgt',999,3,2,'2024-01-26 20:00:02.180527','2024-01-26 20:00:02.180527',NULL),(1000,'URYFCndP43Jq0R8lIW6IpSJp2ERc0L',1000,3,2,'2024-01-26 20:00:21.169821','2024-01-26 20:00:21.169821',NULL),(1001,'JZEEkODkhgpIIntGaYBmO2Xohe4twH',1001,3,2,'2024-01-26 20:00:45.682346','2024-01-26 20:00:45.682346',NULL),(1002,'GeE1jaaqoHb1Qw9rCDTqarM8U465ai',1002,3,2,'2024-01-26 20:01:00.924084','2024-01-26 20:01:00.924084',NULL),(1003,'gBH7rGbpscgOZithm4fG4jNdPTaxuO',1003,3,2,'2024-01-26 20:01:13.333322','2024-01-26 20:01:13.333322',NULL),(1004,'UPFVVKbsOGrckg8lZApMviQ9mwCgOs',1004,3,2,'2024-01-26 20:02:10.682687','2024-01-26 20:02:10.682687',NULL),(1005,'OCJD25nAN8FSa47BuUWKaNZMsA2nGR',1005,3,48,'2024-01-26 20:02:21.016737','2024-01-26 20:02:21.016737',NULL),(1006,'2AKepSwHc6lK40lrQzhV250Vm3d0Vx',1006,3,2,'2024-01-26 20:04:13.046901','2024-01-26 20:04:13.046901',NULL),(1007,'D9k4etXuUCNCbw7sLUCG2oQRuxA7A3',1007,3,48,'2024-01-26 20:05:59.789541','2024-01-26 20:05:59.789541',NULL),(1008,'FbYtmnUNJWuliIrTrTmCKdKGgk52Gc',1008,3,14,'2024-01-26 20:26:24.060000','2024-01-26 20:26:24.060000',NULL),(1009,'dkqDEdJ2xU4RvNg1elTCWQvJX4AEP1',1009,3,48,'2024-01-26 20:28:50.467115','2024-01-26 20:28:50.467115',NULL),(1010,'4GWSzGvxnUb1479Ld9cCwNyKBwPWRV',1010,3,48,'2024-01-26 20:29:13.481707','2024-01-26 20:29:13.481707',NULL),(1011,'wnb0981Ta0sAbcy8cS5dChuLn8dmKw',1011,3,2,'2024-01-26 20:30:07.530725','2024-01-26 20:30:07.530725',NULL),(1012,'FvF0NA4HaW2aAC6qEYKWG0jjW6Mf0O',1012,3,14,'2024-01-26 20:30:33.494331','2024-01-26 20:30:33.494331',NULL),(1013,'MX6Nghanf2EGu5cTL4ICiME1tCC35K',1013,3,48,'2024-01-26 20:33:13.338299','2024-01-26 20:33:13.338299',NULL),(1014,'AoBUC1mNR4WoQ9eHoGuVruHkFCQ6zO',1014,3,14,'2024-01-26 20:33:44.003588','2024-01-26 20:33:44.003588',NULL),(1015,'6WZR4ESqGpUwxzmHwoaWvaEuyeEHYM',1015,3,4,'2024-01-26 20:34:33.998784','2024-01-26 20:34:33.998784',NULL),(1016,'3zqNsItcTiqKh8HL6zzJL8g0ZetbYj',1016,3,48,'2024-01-26 20:34:42.775612','2024-01-26 20:34:42.775612',NULL),(1017,'twHYZTVD5XpEA7J0I0FHhYau9qSg8X',1017,3,4,'2024-01-26 20:35:13.089489','2024-01-26 20:35:13.089489',NULL),(1018,'cQs6muSUQ5ZrQnscBb0Oh2FfX1Gvoo',1018,3,14,'2024-01-26 20:35:21.561606','2024-01-26 20:35:21.561606',NULL),(1019,'drPEpVW7sclSMdtbse8O9G0e1Jo90N',1019,3,4,'2024-01-26 20:36:57.175617','2024-01-26 20:36:57.175617',NULL),(1020,'CxnAju2LywEo34EJapy8XsGa76J0y7',1020,3,48,'2024-01-26 20:38:03.083219','2024-01-26 20:38:03.083219',NULL),(1021,'h2cVJWyC9bATfcDrLUAN8gkThNHosp',1021,3,48,'2024-01-26 20:38:03.579419','2024-01-26 20:38:03.579419',NULL),(1022,'99ojpZALjchbri6O96j9IbH3fbUW3R',1022,3,48,'2024-01-26 20:49:41.034407','2024-01-26 20:49:41.034407',NULL),(1023,'rgY2UZODk72xXEyO9FUwiv8843kiPs',1023,3,48,'2024-01-26 21:01:41.349774','2024-01-26 21:01:41.349774',NULL),(1024,'XKX4dDJtUxRfM8gGrTs88H6bf8gKvr',1024,3,4,'2024-01-26 21:04:44.016491','2024-01-26 21:04:44.016491',NULL),(1025,'RxDAecCkFPmFGN6BE2RejMwDNU6HUA',1025,3,4,'2024-01-26 21:12:50.337294','2024-01-26 21:12:50.337294',NULL),(1026,'R55a7h2e8xjWmDiHu4l3EUSGHTmqFX',1026,3,48,'2024-01-27 07:07:22.536399','2024-01-27 07:07:22.536399',NULL),(1027,'ycpKLbJGAPsuvSX5kKDZ8XZtntZjAS',1027,3,48,'2024-01-27 07:24:17.747643','2024-01-27 07:24:17.747643',NULL),(1028,'Vx7Jfti49qJbyQtsKmEE6GnXYmrP0m',1028,3,48,'2024-01-27 07:27:45.501213','2024-01-27 07:27:45.501213',NULL),(1029,'jP6O6X7YNEiO0drNOhl5QIClChW5Fl',1029,3,48,'2024-01-27 07:28:36.427069','2024-01-27 07:28:36.427069',NULL),(1030,'Q7upIDnLqhrcN0ckCdWWBeeeZrpjOX',1030,3,48,'2024-01-27 07:31:57.117167','2024-01-27 07:31:57.117167',NULL),(1031,'GaT1ppgH8rlvCRvcFWC9oOLMrTeP4j',1031,3,48,'2024-01-27 07:32:34.680289','2024-01-27 07:32:34.680289',NULL),(1032,'uR9tUzGryHL6Q6sF44V8Mcq9SGxBa0',1032,3,48,'2024-01-27 07:33:35.511269','2024-01-27 07:33:35.511269',NULL),(1033,'U4w3T8lzz4Ha6VUd7EooYDydFynfuk',1033,3,48,'2024-01-27 07:34:18.197949','2024-01-27 07:34:18.197949',NULL),(1034,'CG3xHEzGIVnImjdULnJgYtIMmRKMSH',1034,3,48,'2024-01-27 07:40:40.182771','2024-01-27 07:40:40.182771',NULL),(1035,'t2sfzrBEi9awazYydqAVuywE4OhlkQ',1035,3,48,'2024-01-27 07:41:57.896436','2024-01-27 07:41:57.897432',NULL),(1036,'VfrwuThCgufBusOba0HwFUfPiKezjL',1036,3,48,'2024-01-27 07:43:36.971579','2024-01-27 07:43:36.971579',NULL),(1037,'gCVgGh3C6aTGAjUkjA2dE9LpiUQyCq',1037,3,48,'2024-01-27 07:44:46.432032','2024-01-27 07:44:46.432032',NULL),(1038,'BvaiZlPFBwpORiPqK4vCVCOTMF8ZXg',1038,3,48,'2024-01-27 07:48:30.764969','2024-01-27 07:48:30.764969',NULL),(1039,'xqzmV4uDljTyKsanEIFiv4MTcb1dz2',1039,3,48,'2024-01-27 07:52:17.565702','2024-01-27 07:52:17.565702',NULL),(1040,'HBVZJU2V2XYHG5tO4ege6t6yI4yRGI',1040,3,48,'2024-01-27 07:54:25.988684','2024-01-27 07:54:25.988684',NULL),(1041,'UKxzS3Fleh69xROOs4KPw71d0YH4QB',1041,3,48,'2024-01-27 07:55:26.417597','2024-01-27 07:55:26.417597',NULL),(1042,'OK1s9sIBoFTTNPsRvsIHFEmViuCTXN',1042,3,48,'2024-01-27 07:56:18.904058','2024-01-27 07:56:18.904058',NULL),(1043,'RR2wj7fm0uXdu4UI6pA7toXDqgkzHa',1043,3,48,'2024-01-27 07:57:21.150327','2024-01-27 07:57:21.150327',NULL),(1044,'vhv8VjFRuwon6jzsHZGj0Cf0UFCtTd',1044,3,48,'2024-01-27 08:00:37.458989','2024-01-27 08:00:37.458989',NULL),(1045,'gZOVqeLC0ktDWjeFSSkW3qbO2004Vk',1045,3,48,'2024-01-27 08:02:34.877124','2024-01-27 08:02:34.877124',NULL),(1046,'07gQhRTN6ihTZaAaoOPF657ituFkC3',1046,3,48,'2024-01-27 08:03:56.531494','2024-01-27 08:03:56.531494',NULL),(1047,'MzeXkpTAQ9dMEKTGZ2CFHByEHHzppo',1047,3,48,'2024-01-27 08:10:22.415572','2024-01-27 08:10:22.415572',NULL),(1048,'eV8TC1Kw1leFmEINTLMGxp0HE4t0Mv',1048,3,48,'2024-01-27 08:10:23.270211','2024-01-27 08:10:23.270211',NULL),(1049,'vfY3wrPmPtOORcDsiaHg3YIT7Ym96s',1049,3,48,'2024-01-27 08:17:15.662843','2024-01-27 08:17:15.662843',NULL),(1050,'yYxku2wnkWanaIbslAbnKJT3SCdiez',1050,3,48,'2024-01-27 08:19:19.534890','2024-01-27 08:19:19.534890',NULL),(1051,'tIjJqIdi58paTEiaqCljyUoj3E8fLy',1051,3,48,'2024-01-27 08:23:14.275745','2024-01-27 08:23:14.276741',NULL),(1052,'MDOGAgifvqKIeetHtM4pTE2fvszc63',1052,3,48,'2024-01-27 08:29:09.575987','2024-01-27 08:29:09.575987',NULL),(1053,'7V8vmd5F0LSnDpVt8mJKn6H6VExqM7',1053,3,48,'2024-01-27 08:35:48.379653','2024-01-27 08:35:48.379653',NULL),(1054,'ErwJE4jM5Ju8BPjkV8PQ2XOFjoPBAH',1054,3,48,'2024-01-27 08:36:34.455106','2024-01-27 08:36:34.455106',NULL),(1055,'vOMUi7b9JW3ieKuqKH6OyttdOcoPBr',1055,3,48,'2024-01-27 08:37:30.952693','2024-01-27 08:37:30.952693',NULL),(1056,'AxZhbfxWG6kjLIJHmbmb1XI0h2LaFs',1056,3,48,'2024-01-27 08:40:28.851092','2024-01-27 08:40:28.851092',NULL),(1057,'CoQIcwPUWS3BaSUECmwXFmi4tevi9v',1057,3,48,'2024-01-27 08:41:52.501464','2024-01-27 08:41:52.501464',NULL),(1058,'soQ0CkSVRnZQtwybRUM1t6N9EqQwcR',1058,3,48,'2024-01-27 08:42:39.922482','2024-01-27 08:42:39.923041',NULL),(1059,'NQBni5A04AVwZhNNV0JXMWiu0wndlt',1059,3,4,'2024-01-27 08:44:41.082287','2024-01-27 08:44:41.082287',NULL),(1060,'qxrMItqXe4CHhxpl5B1d6mCXHd5XbV',1060,3,48,'2024-01-27 08:46:27.731021','2024-01-27 08:46:27.731021',NULL),(1061,'E09gAbwghLZ3Wic9ABy4FOIrC8xAB7',1061,3,48,'2024-01-27 08:47:34.478758','2024-01-27 08:47:34.478758',NULL),(1062,'VlysJQl5Vk3wDLbTfdraxZfLSsdxwm',1062,3,48,'2024-01-27 08:48:45.742223','2024-01-27 08:48:45.742223',NULL),(1063,'PL9gVacfesXptA0zR0JZkojGy7kacl',1063,3,48,'2024-01-27 09:22:24.261292','2024-01-27 09:22:24.261292',NULL),(1064,'Dbbl61uBWL4UNsJUgwMjhar2IHg6r1',1064,3,48,'2024-01-27 09:23:08.492628','2024-01-27 09:23:08.492628',NULL),(1065,'iJ7JMcQv94YdF9HUgk0teqddJK7NZ6',1065,3,48,'2024-01-27 09:24:15.453572','2024-01-27 09:24:15.453572',NULL),(1066,'lSDzBUQYcJYRP3FvebmtXvr9UfC7yw',1066,3,48,'2024-01-27 09:24:15.838566','2024-01-27 09:24:15.838566',NULL),(1067,'pmec75oBEpKN5XQ24qDjBxocbyNX62',1067,3,48,'2024-01-27 09:29:13.482198','2024-01-27 09:29:13.482198',NULL),(1068,'HlYoW5ZkrjWNQmoFBrb6NTlnkdA2gE',1068,3,48,'2024-01-27 09:34:08.607441','2024-01-27 09:34:08.607441',NULL),(1069,'gnmffKrwvqxh8tAAZ2pkTkrQAweAHz',1069,3,48,'2024-01-27 09:35:51.330313','2024-01-27 09:35:51.330313',NULL),(1070,'lUld8gJnRNSNgkLxacS4y60sBTGYib',1070,3,48,'2024-01-27 09:36:45.772377','2024-01-27 09:36:45.772377',NULL),(1071,'S63J1U5juwZkKcJbEebPltTYppATt2',1071,3,48,'2024-01-27 09:37:19.291339','2024-01-27 09:37:19.291339',NULL),(1072,'qeTbxpBGyAfpp9WYfjvvEppeowq3u2',1072,3,48,'2024-01-27 09:38:03.032337','2024-01-27 09:38:03.032337',NULL),(1073,'e77y3sRnpoxJvO0k6aiIkhI7C7OJ2J',1073,3,48,'2024-01-27 09:38:03.193154','2024-01-27 09:38:03.193154',NULL),(1074,'RQRQvm5SfloKwRFmKtrDGW7F1mfu9E',1074,3,48,'2024-01-27 09:43:34.062458','2024-01-27 09:43:34.062458',NULL),(1075,'L22lFOmazwF3UCuxkGzxFeG44wZckt',1075,3,48,'2024-01-27 09:44:29.695203','2024-01-27 09:44:29.695203',NULL),(1076,'MkN8uERMEVnA3KxbPuYji10NtYQEdJ',1076,3,48,'2024-01-27 09:45:13.211389','2024-01-27 09:45:13.211389',NULL),(1077,'K8Uic2aVRUjkmVLVsm68DSVBs8BMmW',1077,3,48,'2024-01-27 09:46:39.825280','2024-01-27 09:46:39.825280',NULL),(1078,'AtruQ85UKU347xOQ4TLYFSu572nYQR',1078,3,48,'2024-01-27 09:48:09.020513','2024-01-27 09:48:09.020513',NULL),(1079,'HOQpRTamigYkPQ879l7JuU7pbTt6UT',1079,3,48,'2024-01-27 09:53:53.630308','2024-01-27 09:53:53.631324',NULL),(1080,'xRJwhhYxVv7JP2hv3IV8ZDmeakNVG4',1080,3,48,'2024-01-27 09:57:02.563342','2024-01-27 09:57:02.563342',NULL),(1081,'fy5r4uH6p40ypaB61EO8l9RnGgz1sW',1081,3,48,'2024-01-27 10:01:30.106521','2024-01-27 10:01:30.106521',NULL),(1082,'LFGCtX9GNqIEnJLg0gyW54vXkZXBvQ',1082,3,48,'2024-01-27 10:09:38.751145','2024-01-27 10:09:38.751145',NULL),(1083,'WPyQ8aDa9Af9fc5bHIfUOyEuT1oDbe',1083,3,48,'2024-01-27 10:20:24.182741','2024-01-27 10:20:24.182741',NULL),(1084,'1WlXLWJ21QNiOmrd3EN3hE785qxS1p',1084,3,48,'2024-01-27 10:21:03.066611','2024-01-27 10:21:03.066611',NULL),(1085,'5v5c6I6olPenDSADxbI8c40ry3dFhJ',1085,3,48,'2024-01-27 10:24:00.988542','2024-01-27 10:24:00.988542',NULL),(1086,'jtQdvhTsJD192F7e7QCIJPSmbMaq6m',1086,3,48,'2024-01-27 10:24:25.297132','2024-01-27 10:24:25.297132',NULL),(1087,'1NjjGlH3oefVfrMalzeN8gLNrPlYpl',1087,3,48,'2024-01-27 10:25:53.368785','2024-01-27 10:25:53.368785',NULL),(1088,'OpWEPZRa3E38tTyh7VslmhrHgLcGW6',1088,3,48,'2024-01-27 10:27:11.004758','2024-01-27 10:27:11.004758',NULL),(1089,'FiNQm9jvLcKaQE1AWpJHy41lUCGZIQ',1089,3,4,'2024-01-27 10:29:08.826382','2024-01-27 10:29:08.826382',NULL),(1090,'6TZuo002yqu4kHlQ3wdgJSPy0csKdN',1090,3,48,'2024-01-27 10:33:27.326942','2024-01-27 10:33:27.326942',NULL),(1091,'8xnHPyxfI17akcpLDHBmSz8A1jhvBs',1091,3,48,'2024-01-27 10:42:55.493648','2024-01-27 10:42:55.493648',NULL),(1092,'AgUl30srfwZhWtSZzDP1Zsf4ataaAB',1092,3,48,'2024-01-27 10:48:43.013855','2024-01-27 10:48:43.013855',NULL),(1093,'dCg2mrMgrZPcSKF5dkuBnDV1cIuGfB',1093,3,48,'2024-01-27 10:53:10.416598','2024-01-27 10:53:10.416598',NULL),(1094,'YYVxPmjYu3tbopZmhPugTwEdu4P4yK',1094,3,48,'2024-01-27 11:02:27.784234','2024-01-27 11:02:27.784234',NULL),(1095,'2fyLfjAttqXUldVuOytoY4k1L1wgTq',1095,3,48,'2024-01-27 11:03:48.928118','2024-01-27 11:03:48.928118',NULL),(1096,'AJpxSMe48Hw7Fmbrq3w4JSVBLN2Jgi',1096,3,48,'2024-01-27 11:07:32.990787','2024-01-27 11:07:32.990787',NULL),(1097,'6FoIeS8QHeaiIsPcJ36MblBth1ewfx',1097,3,48,'2024-01-27 11:08:59.441917','2024-01-27 11:08:59.441917',NULL),(1098,'OxSW4W3Oasrk51SIIUdwfzf1lgjNmc',1098,3,48,'2024-01-27 11:10:04.370578','2024-01-27 11:10:04.370578',NULL),(1099,'AA1YGlZgpiksBxHON9c3wq8HYeDSP3',1099,3,48,'2024-01-27 11:11:43.492352','2024-01-27 11:11:43.492352',NULL),(1100,'kuaNBY2HsaxSglbTH3fVYyPTAmYgtf',1100,3,48,'2024-01-27 11:20:10.835142','2024-01-27 11:20:10.835142',NULL),(1101,'iVG9A8mQd0Hz7gIOqRiuqtJuMRdcnu',1101,3,48,'2024-01-27 11:34:25.202536','2024-01-27 11:34:25.202536',NULL),(1102,'H4rijLGW5NiT1ZBJE4h06YL4PsSGYZ',1102,3,48,'2024-01-27 11:34:59.323962','2024-01-27 11:34:59.323962',NULL),(1103,'wczZZ6p9wVzw9nziwyKFa8jS45VLd5',1103,3,48,'2024-01-27 11:36:12.032210','2024-01-27 11:36:12.032210',NULL),(1104,'2sqTLsPKPSKVlW62UF9fm0OQwAWbZe',1104,3,48,'2024-01-27 11:41:49.247177','2024-01-27 11:41:49.247177',NULL),(1105,'pQVFFKXmYlMxaP4LQ8PklBz7Dxgx9M',1105,3,48,'2024-01-27 11:43:01.843171','2024-01-27 11:43:01.843171',NULL),(1106,'Vq77vO6CNxQI8HPCwzlDxuyOTomBiT',1106,3,48,'2024-01-27 11:44:36.439426','2024-01-27 11:44:36.439426',NULL),(1107,'PBqnHsn9g2PIkBBkLxR8a4qtNMaLdf',1107,3,48,'2024-01-27 11:46:07.654616','2024-01-27 11:46:07.654616',NULL),(1108,'1VT9eSzXRFZgq4fJPPxN00iJvuHE8s',1108,3,48,'2024-01-27 11:46:35.093593','2024-01-27 11:46:35.095105',NULL),(1109,'QaslRVe2csTRZIcFsHVX3iEJB5JPpg',1109,3,48,'2024-01-27 11:47:04.827074','2024-01-27 11:47:04.827074',NULL),(1110,'jZALw1yNYXbF2B7xvyuwOyEbK433w3',1110,3,48,'2024-01-27 11:50:45.023169','2024-01-27 11:50:45.023169',NULL),(1111,'YuBCvcTThWLMkJGfOLPunpBzEaZoTJ',1111,3,48,'2024-01-27 11:53:25.799136','2024-01-27 11:53:25.799136',NULL),(1112,'SqlEfdWVTXaDpx5ZZKAaDoIITg3qqn',1112,3,48,'2024-01-27 11:54:21.139012','2024-01-27 11:54:21.139012',NULL),(1113,'X85pBtQ5ncDQOam4jyzGOdk28J067c',1113,3,48,'2024-01-27 11:55:57.641347','2024-01-27 11:55:57.641347',NULL),(1114,'hSyhi0gUQ9obaqm9eRdyvS8lWy9whB',1114,3,48,'2024-01-27 11:59:39.311910','2024-01-27 11:59:39.311910',NULL),(1115,'8Gjpu3BqV5PNTMlMOYb183btyBsyCA',1115,3,48,'2024-01-27 12:09:42.463434','2024-01-27 12:09:42.463434',NULL),(1116,'HBRNTooOFqgTPK0syBTH4Osvcv3bXc',1116,3,48,'2024-01-27 12:10:11.084232','2024-01-27 12:10:11.084232',NULL),(1117,'dlpp8hmQrJzaKRQViLV3zCQuO0V1BL',1117,3,48,'2024-01-27 12:11:57.009875','2024-01-27 12:11:57.009875',NULL),(1118,'bY3eBPSS8vVhZaG6lORkKfdNyHAfB9',1118,3,48,'2024-01-27 12:15:16.659517','2024-01-27 12:15:16.659517',NULL),(1119,'jbQcUOBePtGVvsu2yBlnkUsLEHss6g',1119,3,48,'2024-01-27 12:25:46.073034','2024-01-27 12:25:46.073034',NULL),(1120,'KWpV62VTYUs9QkmRovQ2GKgliTbgEs',1120,3,48,'2024-01-27 12:29:38.518300','2024-01-27 12:29:38.518300',NULL),(1121,'0FM7kVrqZQaanv6ZaUACO7YCo5qVPZ',1121,3,4,'2024-01-27 12:36:42.503295','2024-01-27 12:36:42.503295',NULL),(1122,'yKXW2nBuuOSHuYJolZFLB1oB56yKo3',1122,3,4,'2024-01-27 12:43:51.303477','2024-01-27 12:43:51.303477',NULL),(1123,'9CQxNICAmbFZQtZEeeWj3B8cwU2Xiy',1123,3,4,'2024-01-27 12:48:31.713473','2024-01-27 12:48:31.713473',NULL),(1124,'BAST5e0Iu1kTrBp6GH1zTJUAza03lg',1124,3,14,'2024-01-27 16:57:33.456806','2024-01-27 16:57:33.456806',NULL),(1125,'fmhiaYj6QG3P9wW4NGEjRcBGDVQEIB',1125,3,48,'2024-01-27 16:58:12.301801','2024-01-27 16:58:12.301801',NULL),(1126,'9y6T3Xe0h8E5KjbcgZgjVwGM3QvbjI',1126,3,2,'2024-01-27 17:00:20.526207','2024-01-27 17:00:20.526207',NULL),(1127,'rWLZtgE5hbU1egxiYKBFOBZ73VCSNf',1127,3,2,'2024-01-27 17:05:05.390858','2024-01-27 17:05:05.390858',NULL),(1128,'x3RDTU3Uk72ivceO5YSp8KPyGPnqwt',1128,3,48,'2024-01-27 17:06:09.851511','2024-01-27 17:06:09.851511',NULL),(1129,'jVYI3D0z5QSxQZ6pOKsM43ZB5nRwcB',1129,3,48,'2024-01-27 17:12:40.179289','2024-01-27 17:12:40.179289',NULL),(1130,'HaTKZhnXjykE8p2pe6B8becUTXQ4kU',1130,3,48,'2024-01-27 17:15:42.066694','2024-01-27 17:15:42.066694',NULL),(1131,'QF5qHFIStk2hmOhtD6fTuUe3rFYHBh',1131,3,48,'2024-01-27 17:15:42.232294','2024-01-27 17:15:42.232294',NULL),(1132,'lqnxHn8VwMz0HkfxE715MUQxaQtzth',1132,3,48,'2024-01-27 18:54:33.781010','2024-01-27 18:54:33.781010',NULL),(1133,'XHMvwKWrwCfDSPr3m84j6LkTjUNKm4',1133,3,48,'2024-01-27 19:04:37.882802','2024-01-27 19:04:37.882802',NULL),(1134,'tLVzP3JyvKvjk7TQZ7KvCDGTOwAY3H',1134,3,48,'2024-01-27 19:08:36.364945','2024-01-27 19:08:36.364945',NULL),(1135,'JKabH9km2cxqzkycXQ3dIzEJYWKoby',1135,3,48,'2024-01-27 19:13:20.668949','2024-01-27 19:13:20.668949',NULL),(1136,'bljdMZpoTzJ8Qf3G3QEENmDC2JTZFd',1136,3,2,'2024-01-27 19:15:05.567832','2024-01-27 19:15:05.567832',NULL),(1137,'Zp44Y6eqM46FNjyXLkmxfAVgTBB8XK',1137,3,4,'2024-01-27 19:15:19.796218','2024-01-27 19:15:19.796218',NULL),(1138,'WPu5WQWUNif5Evg9cyJhwvEVEo9iYs',1138,3,48,'2024-01-27 19:17:02.361550','2024-01-27 19:17:02.361550',NULL),(1139,'g2O3ZMHnFhHd31nIeQqQMq9t6uq4Mu',1139,3,48,'2024-01-27 19:19:26.089103','2024-01-27 19:19:26.089103',NULL),(1140,'ScL5RX14zji1PPVyZmsHW1LfCz4bIL',1140,3,48,'2024-01-27 19:26:17.879216','2024-01-27 19:26:17.879216',NULL),(1141,'YGikJIjnVtflHEt90MN9TKn9YbIsRK',1141,3,48,'2024-01-27 19:27:04.125263','2024-01-27 19:27:04.125263',NULL),(1142,'OauKBKGxfYp7e4IXsKlNFJmIOQtNGo',1142,3,48,'2024-01-27 19:29:51.009198','2024-01-27 19:29:51.009198',NULL),(1143,'etpJZGeGjPtcUSw9ASOT4gb7Yhtt18',1143,3,2,'2024-01-27 19:38:26.419036','2024-01-27 19:38:26.419036',NULL),(1144,'wT2FMDhckG9FXbZfCAfa0HiFCxaH0q',1144,3,2,'2024-01-27 19:42:18.751417','2024-01-27 19:42:18.751417',NULL),(1145,'Hvh1JA8musJr8NCpLpfZzS5v0qfzxD',1145,3,2,'2024-01-27 19:44:23.348947','2024-01-27 19:44:23.349962',NULL),(1146,'VyAHBW67rkbNXttOWrXgqsZ6OzmAgp',1146,3,4,'2024-01-27 19:45:11.531562','2024-01-27 19:45:11.531562',NULL),(1147,'ARwFvEzZxbJ0PgNNFqitJyD5W99FbS',1147,3,2,'2024-01-27 19:45:33.625275','2024-01-27 19:45:33.625275',NULL),(1148,'N5SZ0cnyLx2yzwMcFhsmVe3buEmzi2',1148,3,48,'2024-01-28 16:45:45.311796','2024-01-28 16:45:45.311796',NULL),(1149,'aSOUNxfbYD7SUlgoh8Sajic2cn1nkJ',1149,3,48,'2024-01-28 16:50:31.975412','2024-01-28 16:50:31.975412',NULL),(1150,'SbBVge3PI6y9jTjk8ouvsJBPCqQWNC',1150,3,2,'2024-01-28 16:51:16.112306','2024-01-28 16:51:16.112306',NULL),(1151,'GTymWP41EBlpelacMIR33u7DiPciIU',1151,3,48,'2024-01-28 16:59:40.185200','2024-01-28 16:59:40.185200',NULL),(1152,'uJtPHHhBMY39uc0ltzhkIonh509pr5',1152,3,2,'2024-01-28 16:59:52.256472','2024-01-28 16:59:52.256472',NULL),(1153,'xEBT3S8FE5C1YuCp79DiLP4pzLseCT',1153,3,48,'2024-01-28 19:10:24.171081','2024-01-28 19:10:24.171081',NULL),(1154,'Tc6OHar9vLthyfmAumVMJWHi7h5ZEg',1154,3,48,'2024-01-28 19:11:10.882114','2024-01-28 19:11:10.882114',NULL),(1155,'TEzBCo3LfMBkGF2JWZusRBlkn59Xux',1155,3,48,'2024-01-28 19:12:08.095770','2024-01-28 19:12:08.095770',NULL),(1156,'UpA9xS3gnNUfiKKQgb5wD9xpeaDbVS',1156,3,48,'2024-01-28 19:13:17.158797','2024-01-28 19:13:17.158797',NULL),(1157,'72pHgy2CB3GUyrSORLDnZlat9LjTZD',1157,3,2,'2024-01-28 19:13:26.287623','2024-01-28 19:13:26.287623',NULL),(1158,'gSbkElpLzvsn0RNA1hbjk1SfGYWaTf',1158,3,2,'2024-01-28 19:14:16.397215','2024-01-28 19:14:16.397215',NULL),(1159,'koEKnZra2SoTPnvwRAwSqg6nQC9H12',1159,3,48,'2024-01-28 21:12:56.829266','2024-01-28 21:12:56.830494',NULL),(1160,'bZTqJy8GKZOoEUQ1Atm6SiWoULu2Lo',1160,3,48,'2024-01-28 21:14:17.843058','2024-01-28 21:14:17.843058',NULL),(1161,'LWZiI0U1knPLnTll5L2wQzNOG0xCbD',1161,3,48,'2024-01-28 21:16:09.725595','2024-01-28 21:16:09.725595',NULL),(1162,'dIaEy4HwCc6Fw1SnUZS5WbaktGB1gV',1162,3,48,'2024-01-28 21:16:49.594827','2024-01-28 21:16:49.594827',NULL),(1163,'RfQ240mS8ocYVLP4sBZs7f5XWxBIve',1163,3,48,'2024-01-28 21:31:32.824741','2024-01-28 21:31:32.824741',NULL),(1164,'xneYg8MKxh9aOgoFHUFS9ivE5sGRxv',1164,3,48,'2024-01-29 15:59:45.966514','2024-01-29 15:59:45.966514',NULL),(1165,'Yc4zi2r4Lub5sOr627aneBEznu97Ie',1165,3,48,'2024-01-29 16:03:14.023195','2024-01-29 16:03:14.023195',NULL),(1166,'lX2y8ezL8ze848cRXcTU5j146mCQBa',1166,3,48,'2024-01-29 16:08:08.899203','2024-01-29 16:08:08.899203',NULL),(1167,'dF8ngbZwHOGLQipQwMGrJLBgiPTiiG',1167,3,2,'2024-01-29 16:14:11.905440','2024-01-29 16:14:11.905440',NULL),(1168,'smM0t23vJPP1VdAUTkwbuANBkwYlWY',1168,3,48,'2024-01-29 16:14:36.405073','2024-01-29 16:14:36.405073',NULL),(1169,'wijdxf74LuFqKnIqYbRxf3hSuW5rWb',1169,3,48,'2024-01-29 16:17:45.320642','2024-01-29 16:17:45.320642',NULL),(1170,'XfxbhYUhklQUBU8h9ONiid11OHZbgg',1170,3,48,'2024-01-29 16:20:16.153547','2024-01-29 16:20:16.153547',NULL),(1171,'RbPnn9Wr6kjWBsKRU1hJ8ftSoFhOWt',1171,3,48,'2024-01-29 16:28:44.010759','2024-01-29 16:28:44.010759',NULL),(1172,'kOXEmKrGkeD9uviGZEH419jHX9cmCJ',1172,3,48,'2024-01-29 16:32:12.725039','2024-01-29 16:32:12.725039',NULL),(1173,'3gzr9p27wsmpnwTbGLe0BSSfhUMTKk',1173,3,48,'2024-01-29 16:33:49.522980','2024-01-29 16:33:49.522980',NULL),(1174,'zBAdFNvuFRj13P1GHaHVbUYkDE9kSF',1174,3,48,'2024-01-29 16:36:16.619679','2024-01-29 16:36:16.619679',NULL),(1175,'sDD93Av5CoK4kXXcMZR2RkjCTazh9Z',1175,3,48,'2024-01-29 16:39:06.158595','2024-01-29 16:39:06.158595',NULL),(1176,'bQe39z3DhdTj54dyPgTfnHwC0efxMV',1176,3,48,'2024-01-29 16:44:27.775998','2024-01-29 16:44:27.775998',NULL),(1177,'QgERu9IdtWA4jbYYsElCvgzOn6UWX6',1177,3,48,'2024-01-29 16:58:45.376064','2024-01-29 16:58:45.376064',NULL),(1178,'ZPCPGMif4YF2JdfftmrrZhtMHm8KO9',1178,3,48,'2024-01-29 16:59:20.620567','2024-01-29 16:59:20.620567',NULL),(1179,'jALSDYWCqXJg0DMyIVQmE91P9PKUrv',1179,3,48,'2024-01-29 17:06:41.771972','2024-01-29 17:06:41.771972',NULL),(1180,'4mvnx4mZU2yhcHxN1g1pPBhE7ax1mX',1180,3,2,'2024-01-29 17:08:13.860960','2024-01-29 17:08:13.860960',NULL),(1181,'uWzLJ691UNAAzinqH18sIwSpr6Tbmb',1181,3,48,'2024-01-29 17:11:50.307184','2024-01-29 17:11:50.307184',NULL),(1182,'cksd6Ni7kMj3eFXvUKVXAWOieTthaj',1182,3,2,'2024-01-29 17:12:22.774204','2024-01-29 17:12:22.774204',NULL),(1183,'Q58v7oV7Nlc3o7vOQXbBt1jyFUE1Bz',1183,3,2,'2024-01-29 17:43:23.889605','2024-01-29 17:43:23.889605',NULL),(1184,'6PULHjnM1E6W0d24l1bafHxCJkuii8',1184,3,48,'2024-01-29 17:43:45.785778','2024-01-29 17:43:45.785778',NULL),(1185,'3kWsg3yYhdtJeyTyHXL2pqOvfn2sht',1185,3,48,'2024-01-29 17:49:09.752696','2024-01-29 17:49:09.752696',NULL),(1186,'Imn57ffJ8mtM7GenUoIP3Qlz2UtTGT',1186,3,48,'2024-01-29 17:53:11.492667','2024-01-29 17:53:11.493693',NULL),(1187,'8RjyiAwhKR7YELcbmkCZZiJhcCRhiC',1187,3,2,'2024-01-29 18:01:53.809550','2024-01-29 18:01:53.809550',NULL),(1188,'3cJFuW9vScWM3wT67noTm2PTQFy6Go',1188,3,48,'2024-01-29 18:03:03.829857','2024-01-29 18:03:03.829857',NULL),(1189,'s3z4E93TDA8lgXw3JNZFkJqNxhA8lQ',1189,3,2,'2024-01-29 18:04:50.550526','2024-01-29 18:04:50.550526',NULL),(1190,'IMuYaUuvWkhit6up4G259nXcdMT16Z',1190,3,48,'2024-01-29 18:08:15.501959','2024-01-29 18:08:15.501959',NULL),(1191,'yN3VTow5hh2m7cY4A5HZymOrP2Mjz4',1191,3,2,'2024-01-29 18:09:12.759304','2024-01-29 18:09:12.759304',NULL),(1192,'TT3VT7Ce0Gp8MLXMdLHBdWVEOJjxfd',1192,3,48,'2024-01-29 18:10:03.363496','2024-01-29 18:10:03.363496',NULL),(1193,'ZOxDCGrcaotqXV4QQJdwoyyrAiKNcb',1193,3,2,'2024-01-29 18:11:51.141987','2024-01-29 18:11:51.141987',NULL),(1194,'HRAErOsTI831dKhV0Rx1wItezxFg3r',1194,3,14,'2024-01-29 18:12:14.228039','2024-01-29 18:12:14.228039',NULL),(1195,'mSRb9zPsoYXAFBR1fDuQkRQZKAfvEc',1195,3,48,'2024-01-29 18:12:35.490249','2024-01-29 18:12:35.490249',NULL),(1196,'KPGfmkY7LeIz2bnkL3llr38LGDCgH7',1196,3,2,'2024-01-29 18:12:49.846865','2024-01-29 18:12:49.846865',NULL),(1197,'UNwxnu9sOCiwQUQePgoNbRaoBoKwC4',1197,3,14,'2024-01-29 18:13:17.384273','2024-01-29 18:13:17.384273',NULL),(1198,'KpPbVger9cor9mPqdpLO8wu0c0xfYR',1198,3,14,'2024-01-29 18:14:03.448295','2024-01-29 18:14:03.448295',NULL),(1199,'aPpprVW6kazN2dzKEuNxWPyPvjKbHB',1199,3,14,'2024-01-29 18:15:01.139891','2024-01-29 18:15:01.139891',NULL),(1200,'A4RN9j1kznbHeqfO2IhUjkWIWjHdrT',1200,3,48,'2024-01-29 18:24:02.220092','2024-01-29 18:24:02.220092',NULL),(1201,'dOpgO7vkvJDVNgPOHr7d68gfuM4881',1201,3,14,'2024-01-29 18:24:14.001024','2024-01-29 18:24:14.001024',NULL),(1202,'5sBI8zvApvt41J18m9kPZW0aKlcQ9M',1202,3,48,'2024-01-29 18:43:06.903730','2024-01-29 18:43:06.903730',NULL),(1203,'Nl1gyOuFgdkEsZembejI53HjuKqHt6',1203,3,2,'2024-01-29 18:43:39.488577','2024-01-29 18:43:39.488577',NULL),(1204,'FOZBxqQX8ICeGuwjie8QpaYs84S6iV',1204,3,4,'2024-01-29 18:45:44.625975','2024-01-29 18:45:44.625975',NULL),(1205,'HCTxz1mKNiTnIJwTRkR4vV5Z5HHCRU',1205,3,2,'2024-01-29 18:46:03.150412','2024-01-29 18:46:03.150412',NULL),(1206,'XhKW8xzwifuzFnlOJOlElUgFUfWCqF',1206,3,4,'2024-01-29 18:46:31.039898','2024-01-29 18:46:31.039898',NULL),(1207,'u6pLI28fDdH5w4TPQ2q9OjKFLDunKZ',1207,3,4,'2024-01-29 18:49:34.356047','2024-01-29 18:49:34.356047',NULL),(1208,'nUHwIjrdtuJlMikTva6PcZF6xD2q7Y',1208,3,48,'2024-01-29 18:49:46.336959','2024-01-29 18:49:46.336959',NULL),(1209,'GI4zE8fYCkidszErGWoyCFEPdnuDjp',1209,3,4,'2024-01-29 18:50:14.079837','2024-01-29 18:50:14.079837',NULL),(1210,'DpF1jQ0Ez0GJmsfX1yy6erB2QnZ5DF',1210,3,48,'2024-01-29 18:50:31.764104','2024-01-29 18:50:31.764104',NULL),(1211,'tVZHPODsTVdaScJR55ErZ9dmUTwrij',1211,3,48,'2024-01-29 18:51:02.563974','2024-01-29 18:51:02.563974',NULL),(1212,'PaIKqN7k6zyvbN88FE6MsQOYck0YYP',1212,3,4,'2024-01-29 18:51:37.710276','2024-01-29 18:51:37.710276',NULL),(1213,'htRgl6NIbu3TidcOw84FdbjqF54znH',1213,3,48,'2024-01-29 18:52:10.606479','2024-01-29 18:52:10.606479',NULL),(1214,'Z0kjQDi2w1GjPDuHEMnfDYC7u3VHKf',1214,3,4,'2024-01-29 18:52:42.304977','2024-01-29 18:52:42.304977',NULL),(1215,'tHbO46P6B1b86idQzCsTPff45snVmY',1215,3,48,'2024-01-29 18:52:59.698577','2024-01-29 18:52:59.698577',NULL),(1216,'J73cGoMQAQu6t1ef1HxXFBUX36hqjQ',1216,3,4,'2024-01-29 19:39:37.999309','2024-01-29 19:39:37.999309',NULL),(1217,'p83XuhQmdaGroyF36vGC9JWwXL2AaL',1217,3,4,'2024-01-29 19:42:13.756749','2024-01-29 19:42:13.756749',NULL),(1218,'QgchTdvJbmhvl6NOMikUMTP5WqoZRp',1218,3,4,'2024-01-29 19:43:44.636964','2024-01-29 19:43:44.636964',NULL),(1219,'RBBOeSLY0wYayTpkmOI6AHgFZd8yrd',1219,3,4,'2024-01-29 19:49:58.354465','2024-01-29 19:49:58.354465',NULL),(1220,'zi1uGAfSqdmTlhZxUvghm7PvE3Eltl',1220,3,4,'2024-01-29 19:51:47.051034','2024-01-29 19:51:47.051034',NULL),(1221,'t4m0DaiWA0UwzCwHD2LV3VJIfdFzAX',1221,3,48,'2024-01-29 20:19:56.976352','2024-01-29 20:19:56.976352',NULL),(1222,'5NG7EzeKj1YhradhnJzsxV6OilJU7E',1222,3,4,'2024-01-29 20:20:13.065990','2024-01-29 20:20:13.065990',NULL),(1223,'MDv4IMcYmlTqiKVXd2IHnEghqKWc05',1223,3,4,'2024-01-29 20:24:07.793528','2024-01-29 20:24:07.793528',NULL),(1224,'TiXxFKetjIqPnjWVqmRajwmT5b6Yh4',1224,3,4,'2024-01-29 20:25:41.834858','2024-01-29 20:25:41.834858',NULL),(1225,'0SyYuEDO1ZDwuk29C7Fli5Ohqi7CAu',1225,3,4,'2024-01-29 20:27:56.528576','2024-01-29 20:27:56.528576',NULL),(1226,'EEMxz7Y6EKyBIJ1q9kdhd5m9V7AyZK',1226,3,4,'2024-01-29 20:36:26.151686','2024-01-29 20:36:26.152878',NULL),(1227,'1yVbmKp3cmlv6DJadEAgfGj9TxMZLu',1227,3,4,'2024-01-29 20:38:00.467372','2024-01-29 20:38:00.467372',NULL),(1228,'JH5cC35CDpkLDRU4yohhxALgc4zJzb',1228,3,4,'2024-01-29 20:43:09.432362','2024-01-29 20:43:09.432362',NULL),(1229,'H5jeayek5n3EHfCzT9Grc7ZEHxvZz0',1229,3,4,'2024-01-29 20:45:29.423804','2024-01-29 20:45:29.423804',NULL),(1230,'7ynelL2GjSORQ3XK38U2mQYK1EzYgm',1230,3,48,'2024-01-29 20:47:52.043594','2024-01-29 20:47:52.043594',NULL),(1231,'DLzGQpYnV4JVA03tJne2e5yAadRFtL',1231,3,4,'2024-01-29 20:48:01.541265','2024-01-29 20:48:01.541265',NULL),(1232,'jksy9EYpaNbettDR5Se32soJCYpev9',1232,3,4,'2024-01-29 20:52:41.705344','2024-01-29 20:52:41.705344',NULL),(1233,'ImfpgZSOyKCiyjizDYmmrOqTWxORzH',1233,3,4,'2024-01-30 18:24:59.228024','2024-01-30 18:24:59.228024',NULL),(1234,'PftoeGgpmzTSDCt7JdmOKZSQKBy83g',1234,3,4,'2024-01-30 18:26:15.577817','2024-01-30 18:26:15.577817',NULL),(1235,'s9Hnd7VjAkhzApycOAdm6qyk3qkaJ0',1235,3,4,'2024-01-30 18:27:34.759121','2024-01-30 18:27:34.759121',NULL),(1236,'E9PZpNFL3rNQJoLLmpfSFDTxTmSsKT',1236,3,4,'2024-01-30 18:44:04.906331','2024-01-30 18:44:04.906331',NULL),(1237,'brqA4U4ektlRJJoHRhuIzSX0HdqgZr',1237,3,14,'2024-01-30 18:45:44.306969','2024-01-30 18:45:44.306969',NULL),(1238,'AX3p075tmfliF50IXfpZUb8bHRyZTx',1238,3,4,'2024-01-30 18:45:57.110906','2024-01-30 18:45:57.110906',NULL),(1239,'YNiEOYx8kbaTVs66VOeIzafbisEX8Z',1239,3,4,'2024-01-30 18:49:04.008564','2024-01-30 18:49:04.008564',NULL),(1240,'7p4StkNwShIH4stitZCHkegNlJQOuk',1240,3,4,'2024-01-30 18:51:11.722937','2024-01-30 18:51:11.722937',NULL),(1241,'BS6nsCl51pH6tqoyrcLZo54vdQiIdl',1241,3,4,'2024-01-30 18:52:42.326620','2024-01-30 18:52:42.326620',NULL),(1242,'r9AXdqZGSlL219aDn9DqIj7bSG8ILO',1242,3,4,'2024-01-30 18:57:02.590269','2024-01-30 18:57:02.590269',NULL),(1243,'9XbXhR4a3Aw4VpE19jBnL0ikRRa40L',1243,3,4,'2024-01-30 19:00:26.159172','2024-01-30 19:00:26.159172',NULL),(1244,'C3vhMXr1AdxDoskpDI6BgbzzWpgQJr',1244,3,4,'2024-01-30 19:01:54.546743','2024-01-30 19:01:54.546743',NULL),(1245,'PafSYU4Rhvm41DsaOa1BFmLpl6d9gR',1245,3,48,'2024-01-30 19:04:23.557914','2024-01-30 19:04:23.557914',NULL),(1246,'YlUMlgw7jAm00rypywxvbtdvZzU2wS',1246,3,4,'2024-01-30 19:04:33.385211','2024-01-30 19:04:33.385211',NULL),(1247,'Ycn8JaxycQ9UQsjEtIiJwI2Tnh6HJl',1247,3,4,'2024-01-30 19:05:14.137859','2024-01-30 19:05:14.137859',NULL),(1248,'DEK4YQn64susiPVijqey1cZg57SsrZ',1248,3,4,'2024-01-30 19:06:01.363837','2024-01-30 19:06:01.363837',NULL),(1249,'S3Rzew31Ts0Shd1JydvHT4PYW4I1bi',1249,3,4,'2024-01-30 19:07:09.879315','2024-01-30 19:07:09.879315',NULL),(1250,'Sk859MpVUmHTJnIw6z4kmNrA6PMSI6',1250,3,4,'2024-01-30 19:09:23.439261','2024-01-30 19:09:23.439261',NULL),(1251,'gVudebBFNyPTp2AImMIxC6HVxclovs',1251,3,4,'2024-01-30 19:10:11.905803','2024-01-30 19:10:11.905803',NULL),(1252,'eTmH2SIykYUM6auAbXpt8Gah55Zsni',1252,3,4,'2024-01-30 19:13:04.078131','2024-01-30 19:13:04.078131',NULL),(1253,'pL6r4ylMj3kjV53oizRvyWGnA5U7dw',1253,3,4,'2024-01-30 19:15:37.766370','2024-01-30 19:15:37.766370',NULL),(1254,'Tn0XqUwxJTO3QGDkD5PzGYhhjJ3lQo',1254,3,4,'2024-01-30 19:19:02.020878','2024-01-30 19:19:02.020878',NULL),(1255,'yCba2KPwj3CE526f37MGA4QKGVuN9l',1255,3,4,'2024-01-30 19:22:39.246431','2024-01-30 19:22:39.246431',NULL),(1256,'Upl17b3EyALRa20t68w1UVzPypCk7z',1256,3,4,'2024-01-30 19:27:31.250842','2024-01-30 19:27:31.250842',NULL),(1257,'I4uUvRnFNwoh59QGqlHRlJkvdEl7EJ',1257,3,4,'2024-01-30 19:31:55.705615','2024-01-30 19:31:55.705615',NULL),(1258,'V7cn2OW5fZp5uvoQRQRzdAd4uKhCG1',1258,3,4,'2024-01-30 19:35:46.842928','2024-01-30 19:35:46.842928',NULL),(1259,'1Xux47OGYD9FZQ592rewq99h37YFfQ',1259,3,4,'2024-01-30 19:39:40.148944','2024-01-30 19:39:40.148944',NULL),(1260,'2kPhij2cuu9mpRIQrTTaRLG7NfjsB9',1260,3,4,'2024-01-30 19:41:24.691539','2024-01-30 19:41:24.691539',NULL),(1261,'jSQFP6UdTEWj0QKM7W550WpWn2G0KP',1261,3,4,'2024-01-30 19:49:28.198180','2024-01-30 19:49:28.198180',NULL),(1262,'IJpXSR9Khrjoya5Km9KKZpI1PxN2A2',1262,3,4,'2024-01-30 19:53:23.280558','2024-01-30 19:53:23.280558',NULL),(1263,'UlqpNtNWPJOwruzKkJDKqYsQwtErhO',1263,3,4,'2024-01-30 19:55:48.191496','2024-01-30 19:55:48.191496',NULL),(1264,'hWqJTgp0oDTOsLA8soNL4LrJnZLQ7H',1264,3,4,'2024-01-30 20:25:13.896210','2024-01-30 20:25:13.896210',NULL),(1265,'vCBpaWo0kbkOTUqHW0G4AsBxnhfJkE',1265,3,48,'2024-02-02 10:10:28.724312','2024-02-02 10:10:28.724312',NULL),(1266,'QtIbe8YCMqW5wyrgQ8ZC49hasLuq3m',1266,3,4,'2024-02-02 10:10:35.570120','2024-02-02 10:10:35.570120',NULL),(1267,'PltfxI88yXARQ0MAGmEvtBnMxJSLa3',1267,3,4,'2024-02-02 10:16:04.287770','2024-02-02 10:16:04.287770',NULL),(1268,'s9jgqvD0bxEHCRQfe5pUZPGc6iTj8q',1268,3,4,'2024-02-02 10:16:55.370483','2024-02-02 10:16:55.370483',NULL),(1269,'nOYvehhrpXepsbTkLyFi2a2TGDyxEY',1269,3,4,'2024-02-02 10:18:35.020809','2024-02-02 10:18:35.020809',NULL),(1270,'wsSYFwET43cXaIqtQiakl1L0X24sll',1270,3,4,'2024-02-02 10:19:07.494589','2024-02-02 10:19:07.494589',NULL),(1271,'6Gjh9TpZqtMzcKpn1VMX4bLCwJxWCv',1271,3,4,'2024-02-02 10:19:36.191156','2024-02-02 10:19:36.191156',NULL),(1272,'lAh0mpUlbS8vTLf5O3UmssAB9OB2Pd',1272,3,4,'2024-02-02 10:20:36.010783','2024-02-02 10:20:36.010783',NULL),(1273,'K84ytqVSpK34fFuptcdakF8aiznyPo',1273,3,4,'2024-02-02 10:21:17.636667','2024-02-02 10:21:17.636667',NULL),(1274,'U7n2HruDNsUHlFKmI0MHL8UKROJ8Za',1274,3,4,'2024-02-02 10:21:45.060343','2024-02-02 10:21:45.060343',NULL),(1275,'blDqvSdl1kUj8bJmufovsD5HBTlQEy',1275,3,2,'2024-02-02 10:29:53.031024','2024-02-02 10:29:53.031024',NULL),(1276,'Ab31CDOyFsLNWwzXTKK5wy7wEP1B07',1276,3,2,'2024-02-02 10:34:22.247620','2024-02-02 10:34:22.247620',NULL),(1277,'c9DAgNnWCnweOhvkbNNEGqV080Q2AJ',1277,3,4,'2024-02-02 10:36:19.270692','2024-02-02 10:36:19.270692',NULL),(1278,'tliCcrkslGvwMKJnRHtuqajFYxgrAR',1278,3,4,'2024-02-02 10:40:52.295865','2024-02-02 10:40:52.295865',NULL),(1279,'QOTgmNFPxpDAMww14mZbDR48578ytT',1279,3,4,'2024-02-02 11:00:26.853105','2024-02-02 11:00:26.853105',NULL),(1280,'k5qF65MOaStXgX9PF6SBi6zd3FPMLp',1280,3,4,'2024-02-02 11:01:01.125769','2024-02-02 11:01:01.125769',NULL),(1281,'qdUc6bpt3ebuCyDFQTpYbKosjoIH8l',1281,3,4,'2024-02-02 11:02:08.411644','2024-02-02 11:02:08.411644',NULL),(1282,'LVlPWlx7LliT2qOWhGJlOoyn1Zssn1',1282,3,4,'2024-02-02 11:05:08.795131','2024-02-02 11:05:08.795131',NULL),(1283,'d8qym388MVmu6nzte9KG9s0KZzbS8W',1283,3,4,'2024-02-02 11:05:09.440007','2024-02-02 11:05:09.440007',NULL),(1284,'WfwiBiP8k5Mr4gPjz3jRLiMIuYjK2A',1284,3,4,'2024-02-02 11:05:51.175984','2024-02-02 11:05:51.175984',NULL),(1285,'SNuXXsqYpSSc1H0hERWKTHaJE8oxA8',1285,3,4,'2024-02-02 11:06:25.146623','2024-02-02 11:06:25.146623',NULL),(1286,'c859QL7btFBSmvHACVrCyE93eFxMGB',1286,3,4,'2024-02-02 11:06:55.306770','2024-02-02 11:06:55.306770',NULL),(1287,'Zfq6NYVjqA12w4eOxK72ykIOo6wYPB',1287,3,4,'2024-02-02 11:07:55.965869','2024-02-02 11:07:55.965869',NULL),(1288,'1bv8Ggy0b3TiLUuDbWTuPE2XD89Cr5',1288,3,4,'2024-02-02 11:11:46.764129','2024-02-02 11:11:46.764129',NULL),(1289,'ifc2rVlioDbh2pI3120tbIsz9xSOMv',1289,3,4,'2024-02-02 11:13:58.162074','2024-02-02 11:13:58.162074',NULL),(1290,'RU74ZhJhbn2hbeXpfk0OWoKrEjkuG0',1290,3,4,'2024-02-02 11:16:45.622591','2024-02-02 11:16:45.622591',NULL),(1291,'dw1N7MW3Yl8xyyU1j3d8lbecyPUPqQ',1291,3,4,'2024-02-02 11:17:27.009353','2024-02-02 11:17:27.009353',NULL),(1292,'k0fUqvf0R16D88j9pvsUtQwc1QNQsA',1292,3,4,'2024-02-02 11:17:45.860959','2024-02-02 11:17:45.860959',NULL),(1293,'6gC5HeyjVjom5e2787FfI4lhsXOzFQ',1293,3,4,'2024-02-02 11:18:25.560545','2024-02-02 11:18:25.560545',NULL),(1294,'ELbh16pInjwuuAozuRPK6xaf9UhQnY',1294,3,4,'2024-02-02 11:19:26.323668','2024-02-02 11:19:26.323668',NULL),(1295,'PdtWQeZzu6LaRmopIDU7L6RlmDx604',1295,3,4,'2024-02-02 11:19:42.080960','2024-02-02 11:19:42.080960',NULL),(1296,'XDdxRKsOsdlI9mazzB8RVBWgyTQfpF',1296,3,4,'2024-02-02 11:20:36.582979','2024-02-02 11:20:36.582979',NULL),(1297,'qbMe7qS91AUb1B5L9N2VNW1NnP7PHB',1297,3,4,'2024-02-02 11:21:53.124546','2024-02-02 11:21:53.124546',NULL),(1298,'d289j5a5XydSN1BE7ke73tRNWj7pps',1298,3,4,'2024-02-02 11:22:46.980697','2024-02-02 11:22:46.980697',NULL),(1299,'dVfuN4BewrIg5yrafu1n4Hrs3ijlFF',1299,3,4,'2024-02-02 11:24:36.896941','2024-02-02 11:24:36.896941',NULL),(1300,'6L5pZnknMrXHnxy9YheuWiUQdwXDej',1300,3,4,'2024-02-02 11:25:22.213390','2024-02-02 11:25:22.213390',NULL),(1301,'Hmeqdyhsf2lo5jYAITmSuRNf4JpVgI',1301,3,4,'2024-02-02 11:26:03.498738','2024-02-02 11:26:03.498738',NULL),(1302,'W6t8ng8pWBldrpX5knTfVLbFfFqylm',1302,3,4,'2024-02-02 11:32:24.048542','2024-02-02 11:32:24.048542',NULL),(1303,'4opTaVSPxLkCFmJklI5uJNLEUJfD2g',1303,3,3,'2024-02-02 16:48:51.137714','2024-02-02 16:48:51.137714',NULL),(1304,'XbSpXWy6iw6HCBcFYpIy0ggoGbZBDN',1304,3,3,'2024-02-02 16:55:06.730068','2024-02-02 16:55:06.730068',NULL),(1305,'YZOqhYERZNMMSybr2pIunxf2b5q8dg',1305,3,3,'2024-02-02 16:56:10.342751','2024-02-02 16:56:10.342751',NULL),(1306,'fWd3lYLzAQiMhGIjQicQjp2cIl23O3',1306,3,3,'2024-02-02 16:56:32.497231','2024-02-02 16:56:32.497231',NULL),(1307,'SbcvDFGz81ZZ347ewtxNur4MbJbreS',1307,3,3,'2024-02-02 16:57:43.629245','2024-02-02 16:57:43.629245',NULL),(1308,'i5pJ3pPgfyLDMGaTTgrPL5ISqUokPx',1308,3,3,'2024-02-02 16:58:43.000593','2024-02-02 16:58:43.000593',NULL),(1309,'Rvr79xW0Uc2fxrBKFhisyPSDQFSPHT',1309,3,47,'2024-02-02 17:08:54.178933','2024-02-02 17:08:54.178933',NULL),(1310,'vixIgATH6kuOTBDDhw1j4QShBxpbE9',1310,3,47,'2024-02-02 17:08:54.647375','2024-02-02 17:08:54.647375',NULL),(1311,'NVBPPnaV8uofqceWQ2Ne411PsIk3vw',1311,3,3,'2024-02-02 17:13:09.592043','2024-02-02 17:13:09.592043',NULL),(1312,'b9Ian1kodLpcPkYr3oacOgKA6VT7k3',1312,3,3,'2024-02-02 17:13:17.909632','2024-02-02 17:13:17.909632',NULL),(1313,'LU3ElDTdhNNbcK5GXmh71M0uvopMcL',1313,3,47,'2024-02-02 17:19:44.716058','2024-02-02 17:19:44.717098',NULL),(1314,'b9idMvzeQalUEGpDl7b2eNTdcgL8EX',1314,3,47,'2024-02-02 17:22:45.510403','2024-02-02 17:22:45.510403',NULL),(1315,'bXpof4FTP3we9s4IgiRAc9xQtYpSEw',1315,3,4,'2024-02-04 07:50:17.671573','2024-02-04 07:50:17.671573',NULL),(1316,'ter0mpYQBaeBSeGetjLJVZYpVVgLfA',1316,3,3,'2024-02-04 15:43:27.892851','2024-02-04 15:43:27.892851',NULL),(1317,'eYpCV2ZtmutvWs5J4DpXOrovBPzddz',1317,3,3,'2024-02-04 15:47:20.125504','2024-02-04 15:47:20.125504',NULL),(1318,'fmyKi5OjZtzBfjPYGagDbHVugRfzjW',1318,3,3,'2024-02-04 15:50:04.272413','2024-02-04 15:50:04.272413',NULL),(1319,'yCFR48IN53PDu1uykPnrQmrgZU604e',1319,3,3,'2024-02-04 16:12:30.190573','2024-02-04 16:12:30.190573',NULL),(1320,'TLL5pfVwGwNLi50NWH0iG2TXJnNJt6',1320,3,3,'2024-02-04 17:20:50.803925','2024-02-04 17:20:50.803925',NULL),(1321,'QfASFZA2hgBw6RmBxbyhK3wOGYk6gO',1321,3,2,'2024-02-04 17:25:47.620672','2024-02-04 17:25:47.620672',NULL),(1322,'roe02YbtX1wKEzP3yKWoFKPwtbSjLA',1322,3,2,'2024-02-04 17:25:48.006804','2024-02-04 17:25:48.006804',NULL),(1323,'4JolkCCKmmDamxCvgt2TsHBtM0Zaj3',1323,3,4,'2024-02-14 07:14:01.239371','2024-02-14 07:14:01.239371',NULL),(1324,'1Rfa0PHA1svabXo6FhogmxQuIKZb0J',1324,3,4,'2024-02-14 07:17:07.990573','2024-02-14 07:17:07.990573',NULL),(1325,'FM1e1iEuo0gqReuwzAYS79MloWdvHX',1325,3,4,'2024-02-14 07:31:29.075481','2024-02-14 07:31:29.075481',NULL),(1326,'GBbHu2DvT0qwXPhrMiiiJixdF0eSiQ',1326,3,4,'2024-02-14 11:28:36.439572','2024-02-14 11:28:36.439572',NULL),(1327,'xGtlZsFAGRFM1fI45TwWGcL3jJiSHe',1327,3,4,'2024-02-14 11:29:11.421328','2024-02-14 11:29:11.421328',NULL),(1328,'GcYHAOAdrxDACBFGYwGBBWyO5ZcJz6',1328,3,4,'2024-02-14 11:29:46.930347','2024-02-14 11:29:46.930347',NULL),(1329,'Hx5Yrxf0A0gbvOqoUN3BXDVYbC2nl3',1329,3,4,'2024-02-14 11:32:05.956757','2024-02-14 11:32:05.956757',NULL),(1330,'X5290oShnhPPD0VZPJL3tpbV82QDRt',1330,3,4,'2024-02-14 11:33:13.071752','2024-02-14 11:33:13.071752',NULL),(1331,'8yYfJb0Bx2XZ9qp3NnupdHNYgJwtMl',1331,3,4,'2024-02-14 11:37:22.523651','2024-02-14 11:37:22.523651',NULL),(1332,'mh7aLNUY5eibQKcVAdqJVWQ5UlJ8aQ',1332,3,4,'2024-02-14 11:38:09.077681','2024-02-14 11:38:09.077681',NULL),(1333,'3WYstxBR3FyyUN1X0qUsJEnfZHlruz',1333,3,48,'2024-02-14 11:46:34.433833','2024-02-14 11:46:34.433833',NULL),(1334,'ZRpOD11hUACKW2i4PLOLdbcUOBzSHY',1334,3,4,'2024-02-14 11:52:51.200826','2024-02-14 11:52:51.200826',NULL),(1335,'FIedauLdnC1kusjvaNOKMvusfaEHi5',1335,3,4,'2024-02-14 11:52:51.847747','2024-02-14 11:52:51.847747',NULL),(1336,'JRWGICyZPh47Y7DrGt38xChBsFChWk',1336,3,4,'2024-02-14 11:55:26.295186','2024-02-14 11:55:26.295186',NULL),(1337,'8ELtj5wwFUERuSbmdwxS1rmZspcI1y',1337,3,4,'2024-02-14 11:59:12.583038','2024-02-14 11:59:12.583038',NULL),(1338,'fauRlNbTxLQR4oatAa4oRqzErNlnPQ',1338,3,4,'2024-02-14 12:00:41.272755','2024-02-14 12:00:41.272755',NULL),(1339,'WdsSD0Fubl87wPXFXfSz3aJV6gmtVR',1339,3,4,'2024-02-14 12:02:46.041901','2024-02-14 12:02:46.041901',NULL),(1340,'m8fgPHErPqpaBW9daw5VEwFLbFl9i1',1340,3,4,'2024-02-14 12:10:13.599760','2024-02-14 12:10:13.599760',NULL),(1341,'vPBUnDj2aRiP9Un57V81cGS6WcdWx1',1341,3,4,'2024-02-14 12:31:49.317659','2024-02-14 12:31:49.317659',NULL),(1342,'hcOvqnh0N0D8iukQAjyAoMatRuhqb2',1342,3,4,'2024-02-14 12:36:45.768650','2024-02-14 12:36:45.768650',NULL),(1343,'zmbg8fD6o07E8na7al1ZbnK6GJ2R57',1343,3,4,'2024-02-14 12:37:40.604183','2024-02-14 12:37:40.604183',NULL),(1344,'JHxXg7CzHuP9N7bZ7aweEwJapZmwRW',1344,3,4,'2024-02-14 12:39:50.087652','2024-02-14 12:39:50.087652',NULL),(1345,'HyVxoBdiY1UAkJLg1y7BvdBAcArst1',1345,3,4,'2024-02-15 17:40:50.487314','2024-02-15 17:40:50.488313',NULL),(1346,'2mlXwy8Or1jV51JE175690NHXC8QBf',1346,3,4,'2024-02-16 08:05:49.118429','2024-02-16 08:05:49.118429',NULL),(1347,'NYvqP7dTux6qQZfSYcJdu31YjUDQbS',1347,3,4,'2024-02-16 08:13:51.618068','2024-02-16 08:13:51.618068',NULL),(1348,'zZkwwZDMvGzzBNXor1G5QF5PQYrYrK',1348,3,4,'2024-02-16 08:14:57.969232','2024-02-16 08:14:57.969232',NULL),(1349,'bSzqtcssGXdVbeEui8Pw3LDbBTwFux',1349,3,4,'2024-02-16 08:16:41.062920','2024-02-16 08:16:41.062920',NULL),(1350,'1zGp8YnD8jC0xdvwFjaRWb9WUoytRj',1350,3,4,'2024-02-16 08:17:08.770337','2024-02-16 08:17:08.770337',NULL),(1351,'73FMD28xSWORsgJzW2VqlhViANAIQg',1351,3,4,'2024-02-16 08:18:52.832491','2024-02-16 08:18:52.832491',NULL),(1352,'q1l8tr01nLZ3pJyR7WvLGWB9D1LZwI',1352,3,4,'2024-02-16 08:21:35.454535','2024-02-16 08:21:35.454535',NULL),(1353,'AWIj4EzoqOtsf3ePWVavGX2hiVdTsJ',1353,3,4,'2024-02-16 08:26:49.546793','2024-02-16 08:26:49.546793',NULL),(1354,'JfYXmx4iqcXNwsi9GvJaGy7luKJEfO',1354,3,4,'2024-02-16 08:27:17.702094','2024-02-16 08:27:17.702094',NULL),(1355,'Ykw7OtwrsZ8ZZeaiG1GomiDgd2EUbB',1355,3,4,'2024-02-16 08:28:37.465524','2024-02-16 08:28:37.465524',NULL),(1356,'3Mv3tNomtK2DLEoKIDKpsRR9VTYa2k',1356,3,4,'2024-02-16 08:32:08.110192','2024-02-16 08:32:08.110192',NULL),(1357,'enbqFchcipUrVGpb1HqIpxjGx3vHnp',1357,3,4,'2024-02-16 08:43:13.966395','2024-02-16 08:43:13.966395',NULL),(1358,'KBNirY9YN3XTVwbhCAu5aEtSv8GgPj',1358,3,4,'2024-02-16 08:46:48.665844','2024-02-16 08:46:48.665844',NULL),(1359,'VAcpownBFfOS5mFQyVyVJDk7YZluIV',1359,3,4,'2024-02-16 08:51:07.248375','2024-02-16 08:51:07.248375',NULL),(1360,'77UY34TGeWFQbTsmQ6k4kYItBgUeqI',1360,3,4,'2024-02-16 08:55:53.043669','2024-02-16 08:55:53.043669',NULL),(1361,'fLjatng9aSxt9jJee2rIo9grrnoCF1',1361,3,4,'2024-02-16 08:57:07.325089','2024-02-16 08:57:07.325089',NULL),(1362,'GZkfVq22V4PvwPXL63pLorOqHnMov7',1362,3,4,'2024-02-16 09:07:24.542733','2024-02-16 09:07:24.542733',NULL),(1363,'5nfmlsduBGMW0d8a5OvNYev84MhOWY',1363,3,4,'2024-02-16 09:08:59.102047','2024-02-16 09:08:59.102047',NULL),(1364,'gzIGfmH6eHAFeVDWLZFXZhRaiTAwBf',1364,3,4,'2024-02-16 09:12:40.554565','2024-02-16 09:12:40.554565',NULL),(1365,'zRkaYobrNLQlQobf78g2plpFmRA7Ln',1365,3,4,'2024-02-16 09:19:19.269371','2024-02-16 09:19:19.269371',NULL),(1366,'W4qPTgVNLZlcMzKYXUEkdfqssfn8Zl',1366,3,4,'2024-02-16 09:20:36.748967','2024-02-16 09:20:36.748967',NULL),(1367,'rQGX0eXjhSq0XHaykAdybDTuOoOy9w',1367,3,52,'2024-02-16 09:48:38.050675','2024-02-16 09:48:38.050675',NULL),(1368,'vO5a7TaAdrhoXKJqwfoQefcqSoTbxn',1368,3,48,'2024-02-16 10:14:24.571276','2024-02-16 10:14:24.571276',NULL),(1369,'9nmpPDGUfKZZBprOolmYqJrc3g85Hm',1369,3,2,'2024-02-16 10:14:39.171600','2024-02-16 10:14:39.171600',NULL),(1370,'42IsR98T03ZAFzBss1cfT8dYHtg3iR',1370,3,2,'2024-02-16 10:14:39.628397','2024-02-16 10:14:39.629901',NULL),(1371,'HJSnHkXzFySSGh69uKIDaDQfMVSnJA',1371,3,2,'2024-02-16 10:18:35.367522','2024-02-16 10:18:35.367522',NULL),(1372,'vS4E5jfSf69ZWyZa2IFkAM18H3Fml0',1372,3,4,'2024-02-17 13:31:33.297254','2024-02-17 13:31:33.297988',NULL),(1373,'pg5j0V6Oz35nstDTDkw7EcsPyQFEpo',1373,3,4,'2024-02-17 13:46:44.716673','2024-02-17 13:46:44.716673',NULL),(1374,'ijBafiBWH5P9UpNT55Gh0yEfJNcJqa',1374,3,4,'2024-02-17 13:47:10.006662','2024-02-17 13:47:10.006662',NULL),(1375,'fpalPRZHNCNdfQIWP6MRPU7VIClmwk',1375,3,4,'2024-02-17 13:53:23.529338','2024-02-17 13:53:23.529338',NULL),(1376,'PwMmfOAcRhH6f1qHeYN7sSh3VZIeMI',1376,3,4,'2024-02-17 13:58:33.058719','2024-02-17 13:58:33.058719',NULL),(1377,'YFcOOYQf57XMFbXhodm9GS0eFId98V',1377,3,2,'2024-02-17 14:05:22.771720','2024-02-17 14:05:22.771720',NULL),(1378,'42004JbdEz9ZuMPORmmTfzCroZWQis',1378,3,4,'2024-02-17 14:07:59.591024','2024-02-17 14:07:59.591024',NULL),(1379,'Jq56XTwu20ZZKE3e04Z6WGmECFUIl6',1379,3,4,'2024-02-17 14:15:53.047107','2024-02-17 14:15:53.047107',NULL),(1380,'d4MD7oJGvoVPAXngL5Vbw6DVBFDpaV',1380,3,4,'2024-02-17 14:17:50.138383','2024-02-17 14:17:50.138383',NULL),(1381,'o3kn3mZzgRXRpEX6m4Lc5oTRelo1Vm',1381,3,4,'2024-02-17 14:20:06.061915','2024-02-17 14:20:06.061915',NULL),(1382,'Jc3ZFEi9A97cEtCdYzC3wzIzAkiyB6',1382,3,4,'2024-02-17 14:20:28.671495','2024-02-17 14:20:28.671495',NULL),(1383,'q3ZdFsiy2bSkCIW5xKWstXGGkvgR7K',1383,3,4,'2024-02-17 14:22:05.572128','2024-02-17 14:22:05.572128',NULL),(1384,'xsyHZvtCXZ6rR2LQZH5qbQTN2rQYBd',1384,3,4,'2024-02-17 14:22:44.383123','2024-02-17 14:22:44.383123',NULL),(1385,'zrGxZkie1PO55UYh4rMStTqgn53mUr',1385,3,4,'2024-02-17 14:23:21.750898','2024-02-17 14:23:21.750898',NULL),(1386,'uscuxzw4JlpP3zEVGtrRpS5wTHz62o',1386,3,4,'2024-02-17 14:24:09.328228','2024-02-17 14:24:09.328228',NULL),(1387,'xzajBmuWf0oTw4WelOEWJ5p8ZXvNBl',1387,3,4,'2024-02-17 14:24:28.887903','2024-02-17 14:24:28.887903',NULL),(1388,'2GEN463c6cWwReWUjriv3eSv08geBo',1388,3,4,'2024-02-17 14:24:48.240005','2024-02-17 14:24:48.240005',NULL),(1389,'Bp93CfV6nTqi1Bvv5VNnqIcMheTkl3',1389,3,4,'2024-02-17 14:25:13.039647','2024-02-17 14:25:13.040662',NULL),(1390,'ydtzHv09HtWNJLxYJTyMdhjw9alAtS',1390,3,4,'2024-02-17 14:27:28.629409','2024-02-17 14:27:28.629409',NULL),(1391,'MSNwTuX35b7YB1IEgN3YeinnmXLDGU',1391,3,4,'2024-02-17 14:28:08.257794','2024-02-17 14:28:08.257794',NULL),(1392,'yvBGOMv3Jwb8iQVk2ZQBUJiB3TCOYO',1392,3,4,'2024-02-17 14:28:35.166740','2024-02-17 14:28:35.166740',NULL),(1393,'0kUlxzE9X1eJrWrK8EkP21Qso2ybLS',1393,3,4,'2024-02-17 14:29:17.386705','2024-02-17 14:29:17.386705',NULL),(1394,'KAqVJcywLLxAEYw4fj0BDXJmrFjAuH',1394,3,4,'2024-02-17 14:30:54.721502','2024-02-17 14:30:54.721502',NULL),(1395,'iieg7i4MXRUkpejCstxflHWU4fj7Y2',1395,3,4,'2024-02-17 14:32:41.871062','2024-02-17 14:32:41.871062',NULL),(1396,'NuoVFOQ9aXiESMN2QjwDPmk9jg33Cg',1396,3,4,'2024-02-17 14:34:37.906492','2024-02-17 14:34:37.906492',NULL),(1397,'GREnG7VbYltwcmPG2D8N0yLriLZ1ZY',1397,3,14,'2024-02-17 15:00:55.935860','2024-02-17 15:00:55.935860',NULL),(1398,'nSOBC2m8tkvzQ5oWWhokYIx0weKcGX',1398,3,4,'2024-02-17 15:11:44.202838','2024-02-17 15:11:44.203847',NULL),(1399,'ZQGqnQrXhQxoRQ6mBZyzv2t3byAgTN',1399,3,4,'2024-02-17 15:15:51.682050','2024-02-17 15:15:51.682050',NULL),(1400,'6T6audJzIaQvusEqKlcRfvYlxAIqDo',1400,3,4,'2024-02-17 15:17:50.194698','2024-02-17 15:17:50.194698',NULL),(1401,'j8Ti7ZkxWGHaaeZZkViMMrYNFWGayr',1401,3,4,'2024-02-17 15:20:37.417921','2024-02-17 15:20:37.417921',NULL),(1402,'wucJ6lPAC0QbJoORYz9Xmg9WTgZ1bt',1402,3,4,'2024-02-17 15:49:23.956790','2024-02-17 15:49:23.956790',NULL),(1403,'Kb7pcWveOC4Rco1NdhaNUz1FbhRM5M',1403,3,4,'2024-02-17 16:12:44.676749','2024-02-17 16:12:44.676749',NULL),(1404,'iBVxTQzqjH1jB1TsmD1MO1BTS3bl0h',1404,3,4,'2024-02-17 16:14:07.570991','2024-02-17 16:14:07.570991',NULL),(1405,'OTcyeeK3XtFH6etYuVD8ohWgRZYsYN',1405,3,2,'2024-02-17 16:19:08.836536','2024-02-17 16:19:08.836536',NULL),(1406,'wrrchNWsBYplaSdSqmQezccCo1DZ2E',1406,3,4,'2024-02-17 18:29:46.749617','2024-02-17 18:29:46.749617',NULL),(1407,'FYJm7jSSUdgALDceWvuWFs5o3Hvjor',1407,3,4,'2024-02-17 18:30:25.139848','2024-02-17 18:30:25.139848',NULL),(1408,'Q22zmzuwWnVuGzqvlxUvoh9wL8UDYi',1408,3,4,'2024-02-17 18:32:15.573634','2024-02-17 18:32:15.573634',NULL),(1409,'QLb15LH0rS62RCFUj7XRpDkrjx6TZ6',1409,3,2,'2024-02-17 18:32:36.112451','2024-02-17 18:32:36.112451',NULL),(1410,'7TBnfTY6JSpsbJKfjvwxoDUjUtSspq',1410,3,2,'2024-02-17 18:33:26.065606','2024-02-17 18:33:26.065606',NULL),(1411,'hQ1jTCfsL9B0YIJEmIC4hczWyddbcF',1411,3,4,'2024-02-18 10:05:26.025962','2024-02-18 10:05:26.025962',NULL),(1412,'Sbjt76daGKLXBdWc7oeMVYrgOjLT4y',1412,3,2,'2024-02-18 10:06:36.006413','2024-02-18 10:06:36.006413',NULL),(1413,'rd7bNVpIUlhtIbTcTAwPTKNyAJY08B',1413,3,4,'2024-02-18 10:12:26.533485','2024-02-18 10:12:26.533485',NULL),(1414,'hdR1t0ksEHMb3OMo3azA5dh7qTJfon',1414,3,2,'2024-02-18 10:15:53.496682','2024-02-18 10:15:53.496682',NULL),(1415,'F7Cfey6t3EDb7RGvCmArPDzhKA3xoU',1415,3,2,'2024-02-18 10:26:01.514957','2024-02-18 10:26:01.514957',NULL),(1416,'tNNjKW4BV0OUTJH46rApF9XWQOfIE6',1416,3,2,'2024-02-18 10:26:01.933959','2024-02-18 10:26:01.933959',NULL),(1417,'pDxsJxyoSvlCr60G6igdoZoQ3ixmIT',1417,3,2,'2024-02-18 10:30:55.598082','2024-02-18 10:30:55.598082',NULL),(1418,'qklwzi0ConLukBwDhJ5eOsDewp9Rxc',1418,3,2,'2024-02-18 10:37:21.320893','2024-02-18 10:37:21.320893',NULL),(1419,'VsqC9LAqeBjGfrRMJJJYJAuaU5INMj',1419,3,2,'2024-02-18 10:40:41.297773','2024-02-18 10:40:41.297773',NULL),(1420,'lSgzrFOxJnk36KU63OtuvtnDpqRu5v',1420,3,2,'2024-02-18 10:44:05.218120','2024-02-18 10:44:05.218120',NULL),(1421,'EdzggxnFkvpy4s0Gqo3qjW3nsionwp',1421,3,2,'2024-02-18 10:52:59.458266','2024-02-18 10:52:59.458266',NULL),(1422,'eEbfTx59jSuVI61Wmrmtgo7rjj2IdT',1422,3,2,'2024-02-18 11:00:50.902599','2024-02-18 11:00:50.902599',NULL),(1423,'jnbKAfvQEBeS7wYF8xtgS2N5Pui8p5',1423,3,2,'2024-02-18 11:05:14.118370','2024-02-18 11:05:14.118370',NULL),(1424,'TKb3p9E1mZEk6l52FOrjxbH8p1yHk4',1424,3,4,'2024-02-18 11:09:48.546543','2024-02-18 11:09:48.546543',NULL),(1425,'fx3Qp0CLGAUx9uJNLyG8zeUFzfxI45',1425,3,2,'2024-02-18 11:10:31.090180','2024-02-18 11:10:31.090180',NULL),(1426,'ScOnxMNKBJiI78BxIA6XvFnMB8Uecd',1426,3,2,'2024-02-18 11:11:07.374038','2024-02-18 11:11:07.374038',NULL),(1427,'WJ8RPrOAoX2jNjBiowgLgrhGEWcWMo',1427,3,2,'2024-02-18 11:20:43.644686','2024-02-18 11:20:43.645555',NULL),(1428,'pbrT28Iqp16jPQK53Ul1LeFcrj5Pp0',1428,3,4,'2024-02-18 11:56:59.893804','2024-02-18 11:56:59.893804',NULL),(1429,'2nfsAO89YkQF5vOgvLnu9MLFgEBwQZ',1429,3,14,'2024-02-18 12:16:48.235363','2024-02-18 12:16:48.235363',NULL),(1430,'6IlRBq3vk2Xm82OuO5WCQr6XwXNAWT',1430,3,4,'2024-02-18 12:17:43.075803','2024-02-18 12:17:43.075803',NULL),(1431,'FgKAdWWD79tGjLvpM6sfYMRinb2FFp',1431,3,14,'2024-02-18 12:19:09.618657','2024-02-18 12:19:09.618657',NULL),(1432,'H0HnWcnAZeARGFM18VmVfhX7IkeVKf',1432,3,52,'2024-02-18 12:39:56.468315','2024-02-18 12:39:56.468315',NULL),(1433,'HL8sj9tJA66rBg818Bei699W7LX2Pt',1433,3,4,'2024-02-18 12:41:21.483614','2024-02-18 12:41:21.483614',NULL),(1434,'YJKBgdFNeoZyzDNtY7MkjlWVIr8MgG',1434,3,4,'2024-02-18 12:41:41.352005','2024-02-18 12:41:41.352005',NULL),(1435,'XHvQctjmYI3v9XrriaqftUf61kQ0tt',1435,3,52,'2024-02-18 12:43:01.698573','2024-02-18 12:43:01.698573',NULL),(1436,'ufyBSuVGSTqHP5iWoVYRDsThLdYOb4',1436,3,4,'2024-02-18 12:43:47.650270','2024-02-18 12:43:47.650270',NULL),(1437,'uRPzEBhTAtVATXmQQEpDr3SmJl8Shq',1437,3,52,'2024-02-18 12:44:49.149658','2024-02-18 12:44:49.149658',NULL),(1438,'Q4S0yQvnQjRJAZJvEyUZMrCWRIDTqg',1438,3,52,'2024-02-18 12:49:16.060386','2024-02-18 12:49:16.060386',NULL),(1439,'2fXOwQmm3SieX5IzwOlMw4X2YsQjC4',1439,3,52,'2024-02-18 12:50:01.570261','2024-02-18 12:50:01.570261',NULL),(1440,'SYBTU98tinTMowGCVL6FqmfpWOWwbq',1440,3,2,'2024-02-18 12:51:12.654370','2024-02-18 12:51:12.654370',NULL),(1441,'H8aH13FuSQ8KzFm8NQIFTR7ai7nt07',1441,3,4,'2024-02-19 05:57:05.235291','2024-02-19 05:57:05.235291',NULL),(1442,'TePrZTCzfAcNvxYTpm3WrJUnCU0yma',1442,3,4,'2024-02-19 10:13:30.974134','2024-02-19 10:13:30.974134',NULL),(1443,'jCZT3V1wTmsmo47n8sOp1xfOVlrd4N',1443,3,4,'2024-02-19 10:44:14.484012','2024-02-19 10:44:14.484012',NULL),(1444,'7gzUqCgDqU1ezgwKkTvPjffmXodgnw',1444,3,4,'2024-02-19 10:45:41.322963','2024-02-19 10:45:41.322963',NULL),(1445,'chek4HvUDZ7JRomfHCfWhFmF4BznMi',1445,3,4,'2024-02-19 10:46:24.238139','2024-02-19 10:46:24.238139',NULL),(1446,'HgozPK9q1Gs1s4bLeZbDIYDpbuXDyS',1446,3,4,'2024-02-19 10:46:43.063264','2024-02-19 10:46:43.064331',NULL),(1447,'NVcpPcz3Na50z29DULa2cDb54MEs8w',1447,3,4,'2024-02-19 10:51:13.695103','2024-02-19 10:51:13.695103',NULL),(1448,'tllkgdTkGZz8TMHZteaobzdCEgyhHg',1448,3,4,'2024-02-19 10:58:11.841733','2024-02-19 10:58:11.841733',NULL),(1449,'WC0ubpgHtSYyLAE27GUy2IEB3KCi6D',1449,3,4,'2024-02-19 11:04:30.122708','2024-02-19 11:04:30.122708',NULL),(1450,'GIi7sbAh2T6sf3FbBomRfQRKXaPcq6',1450,3,4,'2024-02-19 11:05:01.250264','2024-02-19 11:05:01.250264',NULL),(1451,'ynb6UFZLmwXX5WxXnUywUGO0bdMjyA',1451,3,4,'2024-02-19 11:06:23.981951','2024-02-19 11:06:23.981951',NULL),(1452,'5AlkZ9SGS695JxpbYjHphz8R8xu4x6',1452,3,4,'2024-02-19 11:07:23.445265','2024-02-19 11:07:23.445265',NULL),(1453,'s0AshkhE1akUCxwSFBHgCzJztmvSPO',1453,3,4,'2024-02-19 11:08:23.884040','2024-02-19 11:08:23.884040',NULL),(1454,'U77EJBXbYCLvKVUuQTJwRH2y0sqGnn',1454,3,4,'2024-02-19 11:14:36.195850','2024-02-19 11:14:36.195850',NULL),(1455,'QHZZFWHlyKyKSypVs6w92FsCxW7uYb',1455,3,4,'2024-02-19 17:21:58.623819','2024-02-19 17:21:58.623819',NULL),(1456,'u2k2gsmJMrZvEKZ2Pgg0wFlY4fkHGr',1456,3,4,'2024-02-19 17:43:22.651427','2024-02-19 17:43:22.651427',NULL),(1457,'CuHkjhbFexEMYoPoY6KSxK5kkYLnEK',1457,3,4,'2024-02-19 17:43:35.072581','2024-02-19 17:43:35.072581',NULL),(1458,'ul8PVBPnTnIbl8XCMYNwZ3HCTehUnP',1458,3,4,'2024-02-19 17:55:06.868255','2024-02-19 17:55:06.868255',NULL),(1459,'95GtRprW9hXiJMGhDSwp10nAqWb6af',1459,3,2,'2024-02-19 17:57:56.501273','2024-02-19 17:57:56.501273',NULL),(1460,'7hKQm7H09iwqgTLAnZg5stb3MgY1W5',1460,3,4,'2024-02-19 18:20:38.909292','2024-02-19 18:20:38.910289',NULL),(1461,'S5MU4JS3OMdh1DUvcATF763tJFqxX4',1461,3,4,'2024-02-19 18:21:34.162235','2024-02-19 18:21:34.162235',NULL),(1462,'kp6rjjYVlLVXNk5t81VXHSg3ikeK8l',1462,3,4,'2024-02-19 18:23:25.009614','2024-02-19 18:23:25.009614',NULL),(1463,'oUUzqJx2HBjnCDWK8l6VxuJqX5nY4A',1463,3,4,'2024-02-19 18:24:39.061933','2024-02-19 18:24:39.061933',NULL),(1464,'nvYoP7b0GxudRFTkFlHsrQKrE23cnW',1464,3,4,'2024-02-19 18:29:56.445042','2024-02-19 18:29:56.445042',NULL),(1465,'EJG6jYbZ1b428PLIAeTNBKIKsCc3GB',1465,3,4,'2024-02-19 18:32:49.343565','2024-02-19 18:32:49.343565',NULL),(1466,'67giFbKEVJQQivZxiDvJ2SjB6A6LbJ',1466,3,4,'2024-02-19 18:36:12.468261','2024-02-19 18:36:12.468261',NULL),(1467,'9pPCL6rSHPany86RiswjvEKXXT7YP3',1467,3,4,'2024-02-19 18:39:34.163046','2024-02-19 18:39:34.163046',NULL),(1468,'XsrUtfKRkvh8QqieKpPlJZMJdBurub',1468,3,4,'2024-02-19 18:48:59.395918','2024-02-19 18:48:59.395918',NULL),(1469,'mxChari60o06OFHKzWk6simk1KkySB',1469,3,4,'2024-02-19 19:00:01.196212','2024-02-19 19:00:01.196212',NULL),(1470,'gHd7YWEqTxcjhHk6uHStQteQa2XfQ4',1470,3,4,'2024-02-19 19:01:55.680488','2024-02-19 19:01:55.680488',NULL),(1471,'r3FNc0Pyb83fGUVvs6T7rdLyh8BmBu',1471,3,4,'2024-02-19 19:04:20.487911','2024-02-19 19:04:20.487911',NULL),(1472,'8xUHfEKQi3Vh14dxHhTpYHWCgY52Be',1472,3,4,'2024-02-19 19:08:14.466624','2024-02-19 19:08:14.466624',NULL),(1473,'mMfDwtkWN03WjttO8fFLzuBdgE6V0V',1473,3,4,'2024-02-19 19:14:38.662060','2024-02-19 19:14:38.662060',NULL),(1474,'toPdilZSpW2Z0clqOw2hLs9527csY4',1474,3,4,'2024-02-19 19:27:39.631643','2024-02-19 19:27:39.631643',NULL),(1475,'rQqX6v0JZMklLDEVEoYEsjzKCHiUsw',1475,3,4,'2024-02-19 19:31:13.894101','2024-02-19 19:31:13.894101',NULL),(1476,'4vxKDvxsJ29ogqJatzxXYe3CThsMX8',1476,3,4,'2024-02-19 19:37:38.338045','2024-02-19 19:37:38.338045',NULL),(1477,'tyA4uX8vmwx3X5CW0AnHCRTHoiWIOh',1477,3,4,'2024-02-19 19:51:35.618916','2024-02-19 19:51:35.618916',NULL),(1478,'RYWJ90XM7Q1cGwx7pHgzpmkmQc2oeO',1478,3,4,'2024-02-20 15:59:16.113827','2024-02-20 15:59:16.113827',NULL),(1479,'FLnpJifHlx1znRrnMqN50D7CaQCsWJ',1479,3,4,'2024-02-20 16:04:12.005367','2024-02-20 16:04:12.005367',NULL),(1480,'8rcQMunAwqNZpiXDCAr7XxLH7WdHk5',1480,3,4,'2024-02-20 16:04:57.761352','2024-02-20 16:04:57.761352',NULL),(1481,'QIivhtIOE73oy3gSZ4HSIfLWBDJIOa',1481,3,4,'2024-02-20 16:06:34.228267','2024-02-20 16:06:34.228267',NULL),(1482,'p2vw1jXBkSD3wXZxvtDTrFtiQ3OHe7',1482,3,4,'2024-02-20 18:30:47.054719','2024-02-20 18:30:47.054719',NULL),(1483,'uoUKl35W7dQfhUbNTE3tBBWjpwRT4L',1483,3,4,'2024-02-20 18:44:47.799615','2024-02-20 18:44:47.799615',NULL),(1484,'GByNS5blBEPTcccbXQuZEuy7eGQa4B',1484,3,2,'2024-02-20 18:46:38.862669','2024-02-20 18:46:38.862669',NULL),(1485,'OrTGweLCQmxdX2pigaMJi45GUKd5nd',1485,3,4,'2024-02-20 18:53:31.652961','2024-02-20 18:53:31.652961',NULL),(1486,'bm7cgPt4D5b8CH4kkPRtjY5VDoCRAM',1486,3,4,'2024-02-20 19:00:22.574359','2024-02-20 19:00:22.574359',NULL),(1487,'0aIsPVTOdWsPhi6WaaXTP1vWPFQJ1a',1487,3,4,'2024-02-20 19:12:02.043638','2024-02-20 19:12:02.044648',NULL),(1488,'5MDUCODaC2Pyf3nmWLguOKGwxxhF5G',1488,3,4,'2024-02-20 19:26:32.840991','2024-02-20 19:26:32.840991',NULL),(1489,'KxgtRSoE017hCqzLfXSFY5IJRyyfKK',1489,3,4,'2024-02-20 19:28:20.976342','2024-02-20 19:28:20.976342',NULL),(1490,'5PPbFU1eHy8xZLfGRojTDmeSQdJZ0J',1490,3,4,'2024-02-20 19:32:10.503150','2024-02-20 19:32:10.503150',NULL),(1491,'3dBZ37HoEqG0WFtUNv8JJErFWbblTV',1491,3,2,'2024-02-20 19:36:06.878768','2024-02-20 19:36:06.878768',NULL),(1492,'nr0SnLx8c8YvBUQzgsp9JEn9FKxref',1492,3,4,'2024-02-21 07:55:27.668508','2024-02-21 07:55:27.668508',NULL),(1493,'iWypVWOYoJw6oHwoKRhTMZESNd389X',1493,3,4,'2024-02-21 07:58:57.049037','2024-02-21 07:58:57.049037',NULL),(1494,'pdKVBEBOJN97RSEKamnCS7rQJdfJ7o',1494,3,4,'2024-02-21 08:00:53.512527','2024-02-21 08:00:53.512527',NULL),(1495,'LZg644Me0FImpl2E9TOQTJUI8eXWkE',1495,3,4,'2024-02-21 08:02:54.013477','2024-02-21 08:02:54.013477',NULL),(1496,'1hXQBG4mWU0z0hkLNuFdj3NLOOhpsV',1496,3,4,'2024-02-21 08:07:38.665401','2024-02-21 08:07:38.665401',NULL),(1497,'fOyeOv1YFSQ83G9EYQZ5IqDsehWmy2',1497,3,4,'2024-02-21 08:08:28.114603','2024-02-21 08:08:28.114603',NULL),(1498,'ZESFmTqvz4geYcecDoaElb79XQSgqK',1498,3,4,'2024-02-21 08:08:45.886494','2024-02-21 08:08:45.886494',NULL),(1499,'dCK5B18DAlwX0PXuohdT5OTiK8Jiun',1499,3,4,'2024-02-21 08:09:42.592393','2024-02-21 08:09:42.592393',NULL),(1500,'DA1OMKjoHa4aLfW7E201xV1R81CzMy',1500,3,4,'2024-02-21 08:13:38.943616','2024-02-21 08:13:38.943616',NULL),(1501,'7rxVgfkUkxQItlod3ZRSnrCJTJohqa',1501,3,4,'2024-02-21 08:14:43.550057','2024-02-21 08:14:43.550057',NULL),(1502,'TqJcHkBU77PWCa1nrye3dY2eSzhSgj',1502,3,4,'2024-02-21 08:15:02.990295','2024-02-21 08:15:02.990295',NULL),(1503,'DusLPbayMPcJE3FXoAWaxoWHrbuJYf',1503,3,4,'2024-02-21 08:15:49.988180','2024-02-21 08:15:49.988180',NULL),(1504,'xeoikXlqZydN1rCyg2sUpI7f7A9BWU',1504,3,4,'2024-02-21 08:19:10.570321','2024-02-21 08:19:10.570321',NULL),(1505,'rZn9esrnn2GZYKpLry10Cqy12eIGE6',1505,3,4,'2024-02-21 08:21:46.979904','2024-02-21 08:21:46.979904',NULL),(1506,'9w078Q4W4fAq2IlH7uY5lK3P3GXSfa',1506,3,4,'2024-02-21 08:54:11.387427','2024-02-21 08:54:11.387427',NULL),(1507,'iv6bgjI0mWCAySyHGyby9X939Bop6F',1507,3,4,'2024-02-21 08:54:59.442113','2024-02-21 08:54:59.442113',NULL),(1508,'zMdZasq6czCSChZ5YgnpK2xxlZ8HKL',1508,3,4,'2024-02-21 08:58:22.230991','2024-02-21 08:58:22.230991',NULL),(1509,'oQOs8ppLdwPsI7lX1HxGW9AfU1jGNF',1509,3,4,'2024-02-21 08:59:06.937693','2024-02-21 08:59:06.937693',NULL),(1510,'JQtW9Qu0cAzx81pyyhf6ZokS0P0hYJ',1510,3,4,'2024-02-21 09:01:23.559757','2024-02-21 09:01:23.559757',NULL),(1511,'P59KAaOJcu5RiKAGgJJkQqu0uL0ojS',1511,3,4,'2024-02-22 08:41:47.919233','2024-02-22 08:41:47.919233',NULL),(1512,'0HlpZzHVEDzY87rI4eTE0yu2jpuGDr',1512,3,14,'2024-02-22 10:10:24.899362','2024-02-22 10:10:24.899362',NULL),(1513,'IMwHjqXEKebzISPgtMF6rCQuctGPez',1513,3,4,'2024-02-22 10:13:20.638757','2024-02-22 10:13:20.638757',NULL),(1514,'EuQslfucrp9KJGYX8L1XcMvjVMEy1V',1514,3,4,'2024-02-22 10:16:34.036312','2024-02-22 10:16:34.036312',NULL),(1515,'lsUUD99FMQl4DJIvZjWgKx8I6gk06A',1515,3,4,'2024-02-22 18:15:59.613792','2024-02-22 18:15:59.613792',NULL),(1516,'Gl1nVQtE9N5Rg6K5eXs7dnhkZsHKBJ',1516,3,4,'2024-02-24 06:46:47.578000','2024-02-24 06:46:47.579001',NULL),(1517,'e9DF0dVCTuK94M7uGPPUdisBNy20vV',1517,3,2,'2024-02-24 08:39:41.283433','2024-02-24 08:39:41.283433',NULL),(1518,'7niRFt8SgTn8eV77asck2RrLaO9av9',1518,3,48,'2024-02-24 08:40:00.669431','2024-02-24 08:40:00.669431',NULL),(1519,'Mmc3Un5HnOqBKyMYnqekFdqTkGOyfv',1519,3,48,'2024-02-24 08:40:01.041104','2024-02-24 08:40:01.041104',NULL),(1520,'mnsj1YhvbHMwcNoEfFQgnKrWot6Irx',1520,3,4,'2024-02-24 08:40:11.989607','2024-02-24 08:40:11.989607',NULL),(1521,'BT0k9uOIYlZBW8Ub4RoJEWJ4EJGnxY',1521,3,2,'2024-02-24 09:41:13.814127','2024-02-24 09:41:13.814127',NULL),(1522,'ZWV6m29EL1pw0calsyCGL2oYtmLyqT',1522,3,4,'2024-02-24 19:22:54.638554','2024-02-24 19:22:54.638554',NULL),(1523,'KeVYLGOpVGQEMECyIME5j7imfoFyFK',1523,3,2,'2024-02-24 20:00:26.762838','2024-02-24 20:00:26.762838',NULL),(1524,'oUjP3HuKY0zq5ljLLQXQMK8afnXWHP',1524,3,1,'2024-02-25 17:18:23.213909','2024-02-25 17:18:23.213909',NULL),(1525,'xiCZ7m5C7j2Tl6rdZ15lAqMIGbpBSI',1525,3,69,'2024-02-25 17:23:00.951554','2024-02-25 17:23:00.951554',NULL),(1526,'lcoGF5msdyiyBN3wCkj2MNqEzQBeZf',1526,3,69,'2024-02-25 17:24:18.165276','2024-02-25 17:24:18.165276',NULL),(1527,'hJOAL8bDgEKHS3FWJWhrle3RHN8uag',1527,3,69,'2024-02-25 17:31:53.802226','2024-02-25 17:31:53.802226',NULL),(1528,'WOcY0fd7VLnT43LS2AirsUZZiaGwb3',1528,3,4,'2024-02-25 17:33:01.053024','2024-02-25 17:33:01.053024',NULL),(1529,'72vGwcINefYF0yWFQuB45oUGIJNO9E',1529,3,69,'2024-02-25 17:33:10.299524','2024-02-25 17:33:10.299524',NULL),(1530,'71HqQciE9pqFPTRiMdD3GFVPuv5nYi',1530,3,69,'2024-02-25 17:49:45.306748','2024-02-25 17:49:45.306748',NULL),(1531,'bBguHbf5SrvFpc77X7P2XZP2z5TGlQ',1531,3,4,'2024-02-25 17:56:29.160986','2024-02-25 17:56:29.160986',NULL),(1532,'ANUoykJp0ctm7q4wbj1B1gpXO82K6X',1532,3,4,'2024-02-25 17:58:34.332216','2024-02-25 17:58:34.333202',NULL),(1533,'bgkou2kOHN2apJAjleIbUosinnbPmh',1533,3,2,'2024-02-25 18:03:33.140528','2024-02-25 18:03:33.140528',NULL),(1534,'76VBQczU9JRkskJcTkdk5HCIxYk5M4',1534,3,69,'2024-02-25 18:08:05.272291','2024-02-25 18:08:05.272291',NULL),(1535,'xlM7S9GpwmXV4AcMpa4DCTJkANqMxg',1535,3,69,'2024-02-25 18:30:32.645521','2024-02-25 18:30:32.645521',NULL),(1536,'fEvfZsM33G22rEioDWlVxc56lgWHJp',1536,3,69,'2024-02-25 18:30:34.591031','2024-02-25 18:30:34.591031',NULL),(1537,'RTJDfstVVhWJBoU1AL1rspPDJUAqm4',1537,3,69,'2024-02-25 18:31:02.914474','2024-02-25 18:31:02.914474',NULL),(1538,'BXZc8X2BUJsvwGszW57Sv1KCOwqrEk',1538,3,69,'2024-02-25 18:33:00.226001','2024-02-25 18:33:00.226001',NULL),(1539,'itQ2moJCLDvrpQrKcVNBvnZpzObPy5',1539,3,48,'2024-02-25 20:14:00.361038','2024-02-25 20:14:00.361038',NULL),(1540,'Mgnsi63x8Kk309UksHNxR1Kzdea1ZN',1540,3,2,'2024-02-25 20:14:17.063551','2024-02-25 20:14:17.063551',NULL),(1541,'IFJIoOowMwSvkjA5tSNmMdKYJ76puG',1541,3,69,'2024-02-25 20:15:46.379456','2024-02-25 20:15:46.379456',NULL);
/*!40000 ALTER TABLE `oauth2_provider_refreshtoken` ENABLE KEYS */;
UNLOCK TABLES;

--
-- Table structure for table `paypal_ipn`
--

DROP TABLE IF EXISTS `paypal_ipn`;
/*!40101 SET @saved_cs_client     = @@character_set_client */;
/*!50503 SET character_set_client = utf8mb4 */;
CREATE TABLE `paypal_ipn` (
  `id` bigint NOT NULL AUTO_INCREMENT,
  `business` varchar(127) CHARACTER SET utf8mb4 COLLATE utf8mb4_unicode_ci NOT NULL,
  `charset` varchar(255) CHARACTER SET utf8mb4 COLLATE utf8mb4_unicode_ci NOT NULL,
  `custom` varchar(256) CHARACTER SET utf8mb4 COLLATE utf8mb4_unicode_ci NOT NULL,
  `notify_version` decimal(64,2) DEFAULT NULL,
  `parent_txn_id` varchar(19) CHARACTER SET utf8mb4 COLLATE utf8mb4_unicode_ci NOT NULL,
  `receiver_email` varchar(254) CHARACTER SET utf8mb4 COLLATE utf8mb4_unicode_ci NOT NULL,
  `receiver_id` varchar(255) CHARACTER SET utf8mb4 COLLATE utf8mb4_unicode_ci NOT NULL,
  `residence_country` varchar(2) CHARACTER SET utf8mb4 COLLATE utf8mb4_unicode_ci NOT NULL,
  `test_ipn` tinyint(1) NOT NULL,
  `txn_id` varchar(255) CHARACTER SET utf8mb4 COLLATE utf8mb4_unicode_ci NOT NULL,
  `txn_type` varchar(255) CHARACTER SET utf8mb4 COLLATE utf8mb4_unicode_ci NOT NULL,
  `verify_sign` varchar(255) CHARACTER SET utf8mb4 COLLATE utf8mb4_unicode_ci NOT NULL,
  `address_country` varchar(64) CHARACTER SET utf8mb4 COLLATE utf8mb4_unicode_ci NOT NULL,
  `address_city` varchar(40) CHARACTER SET utf8mb4 COLLATE utf8mb4_unicode_ci NOT NULL,
  `address_country_code` varchar(64) CHARACTER SET utf8mb4 COLLATE utf8mb4_unicode_ci NOT NULL,
  `address_name` varchar(128) CHARACTER SET utf8mb4 COLLATE utf8mb4_unicode_ci NOT NULL,
  `address_state` varchar(40) CHARACTER SET utf8mb4 COLLATE utf8mb4_unicode_ci NOT NULL,
  `address_status` varchar(255) CHARACTER SET utf8mb4 COLLATE utf8mb4_unicode_ci NOT NULL,
  `address_street` varchar(200) CHARACTER SET utf8mb4 COLLATE utf8mb4_unicode_ci NOT NULL,
  `address_zip` varchar(20) CHARACTER SET utf8mb4 COLLATE utf8mb4_unicode_ci NOT NULL,
  `contact_phone` varchar(20) CHARACTER SET utf8mb4 COLLATE utf8mb4_unicode_ci NOT NULL,
  `first_name` varchar(64) CHARACTER SET utf8mb4 COLLATE utf8mb4_unicode_ci NOT NULL,
  `last_name` varchar(64) CHARACTER SET utf8mb4 COLLATE utf8mb4_unicode_ci NOT NULL,
  `payer_business_name` varchar(127) CHARACTER SET utf8mb4 COLLATE utf8mb4_unicode_ci NOT NULL,
  `payer_email` varchar(127) CHARACTER SET utf8mb4 COLLATE utf8mb4_unicode_ci NOT NULL,
  `payer_id` varchar(13) CHARACTER SET utf8mb4 COLLATE utf8mb4_unicode_ci NOT NULL,
  `auth_amount` decimal(64,2) DEFAULT NULL,
  `auth_exp` varchar(28) CHARACTER SET utf8mb4 COLLATE utf8mb4_unicode_ci NOT NULL,
  `auth_id` varchar(19) CHARACTER SET utf8mb4 COLLATE utf8mb4_unicode_ci NOT NULL,
  `auth_status` varchar(255) CHARACTER SET utf8mb4 COLLATE utf8mb4_unicode_ci NOT NULL,
  `exchange_rate` decimal(64,16) DEFAULT NULL,
  `invoice` varchar(127) CHARACTER SET utf8mb4 COLLATE utf8mb4_unicode_ci NOT NULL,
  `item_name` varchar(127) CHARACTER SET utf8mb4 COLLATE utf8mb4_unicode_ci NOT NULL,
  `item_number` varchar(127) CHARACTER SET utf8mb4 COLLATE utf8mb4_unicode_ci NOT NULL,
  `mc_currency` varchar(32) CHARACTER SET utf8mb4 COLLATE utf8mb4_unicode_ci NOT NULL,
  `mc_fee` decimal(64,2) DEFAULT NULL,
  `mc_gross` decimal(64,2) DEFAULT NULL,
  `mc_handling` decimal(64,2) DEFAULT NULL,
  `mc_shipping` decimal(64,2) DEFAULT NULL,
  `memo` varchar(255) CHARACTER SET utf8mb4 COLLATE utf8mb4_unicode_ci NOT NULL,
  `num_cart_items` int DEFAULT NULL,
  `option_name1` varchar(64) CHARACTER SET utf8mb4 COLLATE utf8mb4_unicode_ci NOT NULL,
  `option_name2` varchar(64) CHARACTER SET utf8mb4 COLLATE utf8mb4_unicode_ci NOT NULL,
  `payer_status` varchar(255) CHARACTER SET utf8mb4 COLLATE utf8mb4_unicode_ci NOT NULL,
  `payment_date` datetime(6) DEFAULT NULL,
  `payment_gross` decimal(64,2) DEFAULT NULL,
  `payment_status` varchar(255) CHARACTER SET utf8mb4 COLLATE utf8mb4_unicode_ci NOT NULL,
  `payment_type` varchar(255) CHARACTER SET utf8mb4 COLLATE utf8mb4_unicode_ci NOT NULL,
  `pending_reason` varchar(255) CHARACTER SET utf8mb4 COLLATE utf8mb4_unicode_ci NOT NULL,
  `protection_eligibility` varchar(255) CHARACTER SET utf8mb4 COLLATE utf8mb4_unicode_ci NOT NULL,
  `quantity` int DEFAULT NULL,
  `reason_code` varchar(255) CHARACTER SET utf8mb4 COLLATE utf8mb4_unicode_ci NOT NULL,
  `remaining_settle` decimal(64,2) DEFAULT NULL,
  `settle_amount` decimal(64,2) DEFAULT NULL,
  `settle_currency` varchar(32) CHARACTER SET utf8mb4 COLLATE utf8mb4_unicode_ci NOT NULL,
  `shipping` decimal(64,2) DEFAULT NULL,
  `shipping_method` varchar(255) CHARACTER SET utf8mb4 COLLATE utf8mb4_unicode_ci NOT NULL,
  `tax` decimal(64,2) DEFAULT NULL,
  `transaction_entity` varchar(255) CHARACTER SET utf8mb4 COLLATE utf8mb4_unicode_ci NOT NULL,
  `auction_buyer_id` varchar(64) CHARACTER SET utf8mb4 COLLATE utf8mb4_unicode_ci NOT NULL,
  `auction_closing_date` datetime(6) DEFAULT NULL,
  `auction_multi_item` int DEFAULT NULL,
  `for_auction` decimal(64,2) DEFAULT NULL,
  `amount` decimal(64,2) DEFAULT NULL,
  `amount_per_cycle` decimal(64,2) DEFAULT NULL,
  `initial_payment_amount` decimal(64,2) DEFAULT NULL,
  `next_payment_date` datetime(6) DEFAULT NULL,
  `outstanding_balance` decimal(64,2) DEFAULT NULL,
  `payment_cycle` varchar(255) CHARACTER SET utf8mb4 COLLATE utf8mb4_unicode_ci NOT NULL,
  `period_type` varchar(255) CHARACTER SET utf8mb4 COLLATE utf8mb4_unicode_ci NOT NULL,
  `product_name` varchar(255) CHARACTER SET utf8mb4 COLLATE utf8mb4_unicode_ci NOT NULL,
  `product_type` varchar(255) CHARACTER SET utf8mb4 COLLATE utf8mb4_unicode_ci NOT NULL,
  `profile_status` varchar(255) CHARACTER SET utf8mb4 COLLATE utf8mb4_unicode_ci NOT NULL,
  `recurring_payment_id` varchar(255) CHARACTER SET utf8mb4 COLLATE utf8mb4_unicode_ci NOT NULL,
  `rp_invoice_id` varchar(127) CHARACTER SET utf8mb4 COLLATE utf8mb4_unicode_ci NOT NULL,
  `time_created` datetime(6) DEFAULT NULL,
  `amount1` decimal(64,2) DEFAULT NULL,
  `amount2` decimal(64,2) DEFAULT NULL,
  `amount3` decimal(64,2) DEFAULT NULL,
  `mc_amount1` decimal(64,2) DEFAULT NULL,
  `mc_amount2` decimal(64,2) DEFAULT NULL,
  `mc_amount3` decimal(64,2) DEFAULT NULL,
  `password` varchar(24) CHARACTER SET utf8mb4 COLLATE utf8mb4_unicode_ci NOT NULL,
  `period1` varchar(255) CHARACTER SET utf8mb4 COLLATE utf8mb4_unicode_ci NOT NULL,
  `period2` varchar(255) CHARACTER SET utf8mb4 COLLATE utf8mb4_unicode_ci NOT NULL,
  `period3` varchar(255) CHARACTER SET utf8mb4 COLLATE utf8mb4_unicode_ci NOT NULL,
  `reattempt` varchar(1) CHARACTER SET utf8mb4 COLLATE utf8mb4_unicode_ci NOT NULL,
  `recur_times` int DEFAULT NULL,
  `recurring` varchar(1) CHARACTER SET utf8mb4 COLLATE utf8mb4_unicode_ci NOT NULL,
  `retry_at` datetime(6) DEFAULT NULL,
  `subscr_date` datetime(6) DEFAULT NULL,
  `subscr_effective` datetime(6) DEFAULT NULL,
  `subscr_id` varchar(19) CHARACTER SET utf8mb4 COLLATE utf8mb4_unicode_ci NOT NULL,
  `username` varchar(64) CHARACTER SET utf8mb4 COLLATE utf8mb4_unicode_ci NOT NULL,
  `case_creation_date` datetime(6) DEFAULT NULL,
  `case_id` varchar(255) CHARACTER SET utf8mb4 COLLATE utf8mb4_unicode_ci NOT NULL,
  `case_type` varchar(255) CHARACTER SET utf8mb4 COLLATE utf8mb4_unicode_ci NOT NULL,
  `receipt_id` varchar(255) CHARACTER SET utf8mb4 COLLATE utf8mb4_unicode_ci NOT NULL,
  `currency_code` varchar(32) CHARACTER SET utf8mb4 COLLATE utf8mb4_unicode_ci NOT NULL,
  `handling_amount` decimal(64,2) DEFAULT NULL,
  `transaction_subject` varchar(256) CHARACTER SET utf8mb4 COLLATE utf8mb4_unicode_ci NOT NULL,
  `ipaddress` char(39) CHARACTER SET utf8mb4 COLLATE utf8mb4_unicode_ci DEFAULT NULL,
  `flag` tinyint(1) NOT NULL,
  `flag_code` varchar(16) CHARACTER SET utf8mb4 COLLATE utf8mb4_unicode_ci NOT NULL,
  `flag_info` longtext CHARACTER SET utf8mb4 COLLATE utf8mb4_unicode_ci NOT NULL,
  `query` longtext CHARACTER SET utf8mb4 COLLATE utf8mb4_unicode_ci NOT NULL,
  `response` longtext CHARACTER SET utf8mb4 COLLATE utf8mb4_unicode_ci NOT NULL,
  `created_at` datetime(6) NOT NULL,
  `updated_at` datetime(6) NOT NULL,
  `from_view` varchar(6) CHARACTER SET utf8mb4 COLLATE utf8mb4_unicode_ci DEFAULT NULL,
  `mp_id` varchar(128) CHARACTER SET utf8mb4 COLLATE utf8mb4_unicode_ci DEFAULT NULL,
  `option_selection1` varchar(200) CHARACTER SET utf8mb4 COLLATE utf8mb4_unicode_ci NOT NULL,
  `option_selection2` varchar(200) CHARACTER SET utf8mb4 COLLATE utf8mb4_unicode_ci NOT NULL,
  PRIMARY KEY (`id`),
  KEY `paypal_ipn_txn_id_8fa22c44` (`txn_id`)
) ENGINE=InnoDB DEFAULT CHARSET=utf8mb4 COLLATE=utf8mb4_unicode_ci;
/*!40101 SET character_set_client = @saved_cs_client */;

--
-- Dumping data for table `paypal_ipn`
--

LOCK TABLES `paypal_ipn` WRITE;
/*!40000 ALTER TABLE `paypal_ipn` DISABLE KEYS */;
/*!40000 ALTER TABLE `paypal_ipn` ENABLE KEYS */;
UNLOCK TABLES;
/*!40103 SET TIME_ZONE=@OLD_TIME_ZONE */;

/*!40101 SET SQL_MODE=@OLD_SQL_MODE */;
/*!40014 SET FOREIGN_KEY_CHECKS=@OLD_FOREIGN_KEY_CHECKS */;
/*!40014 SET UNIQUE_CHECKS=@OLD_UNIQUE_CHECKS */;
/*!40101 SET CHARACTER_SET_CLIENT=@OLD_CHARACTER_SET_CLIENT */;
/*!40101 SET CHARACTER_SET_RESULTS=@OLD_CHARACTER_SET_RESULTS */;
/*!40101 SET COLLATION_CONNECTION=@OLD_COLLATION_CONNECTION */;
/*!40111 SET SQL_NOTES=@OLD_SQL_NOTES */;

-- Dump completed on 2024-02-26 17:27:23
